Workbook

Sheet RESULTS
A1: Sample | B1: Header= | C1: Peak | D1: RT | E1: First | F1: Max | G1: Last | H1: PK TY | I1: Height | J1: Area | K1: Pct Max | L1: Pct Total | M1: day
A2: 10-_-May-31-23 | B2: 1= | C2: 1 | D2: 4.275 | E2: 38 | F2: 59 | G2: 73 | H2: BV 5 | I2: 591995 | J2: 10547387 | K2: 0.72 | L2: 0.147 | M2: 1
A3: 10-_-May-31-23 | B3: 2= | C3: 2 | D3: 4.361 | E3: 73 | F3: 87 | G3: 153 | H3: PB | I3: 16880799 | J3: 367269522 | K3: 25.12 | L3: 5.131 | M3: 1
A4: 10-_-May-31-23 | B4: 3= | C4: 3 | D4: 5.427 | E4: 412 | F4: 424 | G4: 451 | H4: PV | I4: 6878808 | J4: 134868164 | K4: 9.22 | L4: 1.884 | M4: 1
A5: 10-_-May-31-23 | B5: 4= | C5: 4 | D5: 5.782 | E5: 507 | F5: 536 | G5: 554 | H5: VV | I5: 27828310 | J5: 830271702 | K5: 56.78 | L5: 11.599 | M5: 1
A6: 10-_-May-31-23 | B6: 5= | C6: 5 | D6: 5.86 | E6: 554 | F6: 561 | G6: 631 | H6: VV 2 | I6: 4663343 | J6: 287257859 | K6: 19.64 | L6: 4.013 | M6: 1
A7: 10-_-May-31-23 | B7: 6= | C7: 6 | D7: 6.116 | E7: 631 | F7: 642 | G7: 722 | H7: VB 7 | I7: 1215399 | J7: 67484218 | K7: 4.61 | L7: 0.943 | M7: 1
A8: 10-_-May-31-23 | B8: 7= | C8: 7 | D8: 6.722 | E8: 821 | F8: 833 | G8: 846 | H8: VV 4 | I8: 575222 | J8: 11847345 | K8: 0.81 | L8: 0.166 | M8: 1
A9: 10-_-May-31-23 | B9: 8= | C9: 8 | D9: 6.967 | E9: 883 | F9: 911 | G9: 927 | H9: BV 3 | I9: 951981 | J9: 20207509 | K9: 1.38 | L9: 0.282 | M9: 1
A10: 10-_-May-31-23 | B10: 9= | C10: 9 | D10: 7.091 | E10: 927 | F10: 950 | G10: 1024 | H10: VB 2 | I10: 1699954 | J10: 63676011 | K10: 4.35 | L10: 0.89 | M10: 1
A11: 10-_-May-31-23 | B11: 10= | C11: 10 | D11: 7.509 | E11: 1066 | F11: 1082 | G11: 1114 | H11: PB 5 | I11: 570043 | J11: 15813038 | K11: 1.08 | L11: 0.221 | M11: 1
A12: 10-_-May-31-23 | B12: 11= | C12: 11 | D12: 8.47 | E12: 1372 | F12: 1386 | G12: 1418 | H12: VB 4 | I12: 374819 | J12: 11813817 | K12: 0.81 | L12: 0.165 | M12: 1
A13: 10-_-May-31-23 | B13: 12= | C13: 12 | D13: 8.898 | E13: 1486 | F13: 1521 | G13: 1592 | H13: BB 4 | I13: 681336 | J13: 41888710 | K13: 2.86 | L13: 0.585 | M13: 1
... A3879: 774-F-Jun-06-23 | B3879: 106= | C3879: 106 | D3879: 32.872 | E3879: 9068 | F3879: 9103 | G3879: 9134 | H3879: BB 4 | I3879: 641148 | J3879: 17334170 | K3879: 0.08 | L3879: 0.032 | M3879: 2

Sheet proc
A1: sample | B1: mislabel.fix | C1: plant.id | D1: id.swa | E1: rt | F1: rt.round | G1: rt.final | H1: compound | I1: area | J1: standard.area | K1: wet.weight | L1: dry.weight | M1: swa | N1: type | O1: ngghr | P1: day | Q1: hours | R1: pair2
A2: 10-_-May-31-23 | B2: =IFERROR(VLOOKUP(A2,fix!$E:$F,2,FALSE),"") | C2: =VALUE(IF(B2="",LEFT(A2,FIND("-",A2)-1),B2)) -> 10 | D2: =C2&" ("&M2&")" -> 10 (0) | E2: 4.275 | F2: 4.28 | G2: =IFERROR(VLOOKUP(F2,'rt.comb'!$A:$B,2,FALSE),F2) -> 4.28 | H2: =IFERROR(VLOOKUP(G2,compounds!$A:$D,4,FALSE),"") | I2: 10547387 | J2: =SUMIFS($I:$I,$A:$A,A2,G:G,19.5) -> 46115552 | K2: =VLOOKUP($C2,rosie!$B$7:$D$38,2,FALSE) -> 4.9 | L2: =VLOOKUP(C2,rosie!$B$7:$F$66,5,FALSE) -> 1.14 | M2: =VLOOKUP($C2,rosie!$B$7:$D$38,3,FALSE) -> 0 | N2: =VLOOKUP($C2,rosie!$B$7:$E$38,4,FALSE) -> l | O2: =IFERROR((30/J2*I2)/K2/Q2,0) -> 0.70015251 | P2: =VLOOKUP(A2,RESULTS!$A:$M,13,FALSE) -> 1 | Q2: 2 | R2: =IF(VLOOKUP(C2,rosie!B:J,8,FALSE)=0,"x_x_x_x",VLOOKUP(C2,rosie!B:J,8,FALSE)) -> 3_5_31_2023
A3: 10-_-May-31-23 | B3: =IFERROR(VLOOKUP(A3,fix!$E:$F,2,FALSE),"") | C3: =VALUE(IF(B3="",LEFT(A3,FIND("-",A3)-1),B3)) -> 10 | D3: =C3&" ("&M3&")" -> 10 (0) | E3: 4.361 | F3: 4.36 | G3: =IFERROR(VLOOKUP(F3,'rt.comb'!$A:$B,2,FALSE),F3) -> 4.36 | H3: =IFERROR(VLOOKUP(G3,compounds!$A:$D,4,FALSE),"") | I3: 367269522 | J3: =SUMIFS($I:$I,$A:$A,A3,G:G,19.5) -> 46115552 | K3: =VLOOKUP($C3,rosie!$B$7:$D$38,2,FALSE) -> 4.9 | L3: =VLOOKUP(C3,rosie!$B$7:$F$66,5,FALSE) -> 1.14 | M3: =VLOOKUP($C3,rosie!$B$7:$D$38,3,FALSE) -> 0 | N3: =VLOOKUP($C3,rosie!$B$7:$E$38,4,FALSE) -> l | O3: =IFERROR((30/J3*I3)/K3/Q3,0) -> 24.379941 | P3: =VLOOKUP(A3,RESULTS!$A:$M,13,FALSE) -> 1 | Q3: 2 | R3: =IF(VLOOKUP(C3,rosie!B:J,8,FALSE)=0,"x_x_x_x",VLOOKUP(C3,rosie!B:J,8,FALSE)) -> 3_5_31_2023
A4: 10-_-May-31-23 | B4: =IFERROR(VLOOKUP(A4,fix!$E:$F,2,FALSE),"") | C4: =VALUE(IF(B4="",LEFT(A4,FIND("-",A4)-1),B4)) -> 10 | D4: =C4&" ("&M4&")" -> 10 (0) | E4: 5.427 | F4: 5.43 | G4: =IFERROR(VLOOKUP(F4,'rt.comb'!$A:$B,2,FALSE),F4) -> 5.43 | H4: =IFERROR(VLOOKUP(G4,compounds!$A:$D,4,FALSE),"") -> hydroxymethylpentanone | I4: 134868164 | J4: =SUMIFS($I:$I,$A:$A,A4,G:G,19.5) -> 46115552 | K4: =VLOOKUP($C4,rosie!$B$7:$D$38,2,FALSE) -> 4.9 | L4: =VLOOKUP(C4,rosie!$B$7:$F$66,5,FALSE) -> 1.14 | M4: =VLOOKUP($C4,rosie!$B$7:$D$38,3,FALSE) -> 0 | N4: =VLOOKUP($C4,rosie!$B$7:$E$38,4,FALSE) -> l | O4: =IFERROR((30/J4*I4)/K4/Q4,0) -> 8.9527656 | P4: =VLOOKUP(A4,RESULTS!$A:$M,13,FALSE) -> 1 | Q4: 2 | R4: =IF(VLOOKUP(C4,rosie!B:J,8,FALSE)=0,"x_x_x_x",VLOOKUP(C4,rosie!B:J,8,FALSE)) -> 3_5_31_2023
A5: 10-_-May-31-23 | B5: =IFERROR(VLOOKUP(A5,fix!$E:$F,2,FALSE),"") | C5: =VALUE(IF(B5="",LEFT(A5,FIND("-",A5)-1),B5)) -> 10 | D5: =C5&" ("&M5&")" -> 10 (0) | E5: 5.782 | F5: 5.78 | G5: =IFERROR(VLOOKUP(F5,'rt.comb'!$A:$B,2,FALSE),F5) -> 5.76 | H5: =IFERROR(VLOOKUP(G5,compounds!$A:$D,4,FALSE),"") -> zhexenol | I5: 830271702 | J5: =SUMIFS($I:$I,$A:$A,A5,G:G,19.5) -> 46115552 | K5: =VLOOKUP($C5,rosie!$B$7:$D$38,2,FALSE) -> 4.9 | L5: =VLOOKUP(C5,rosie!$B$7:$F$66,5,FALSE) -> 1.14 | M5: =VLOOKUP($C5,rosie!$B$7:$D$38,3,FALSE) -> 0 | N5: =VLOOKUP($C5,rosie!$B$7:$E$38,4,FALSE) -> l | O5: =IFERROR((30/J5*I5)/K5/Q5,0) -> 55.114771 | P5: =VLOOKUP(A5,RESULTS!$A:$M,13,FALSE) -> 1 | Q5: 2 | R5: =IF(VLOOKUP(C5,rosie!B:J,8,FALSE)=0,"x_x_x_x",VLOOKUP(C5,rosie!B:J,8,FALSE)) -> 3_5_31_2023
A6: 10-_-May-31-23 | B6: =IFERROR(VLOOKUP(A6,fix!$E:$F,2,FALSE),"") | C6: =VALUE(IF(B6="",LEFT(A6,FIND("-",A6)-1),B6)) -> 10 | D6: =C6&" ("&M6&")" -> 10 (0) | E6: 5.86 | F6: 5.86 | G6: =IFERROR(VLOOKUP(F6,'rt.comb'!$A:$B,2,FALSE),F6) -> 5.86 | H6: =IFERROR(VLOOKUP(G6,compounds!$A:$D,4,FALSE),"") | I6: 287257859 | J6: =SUMIFS($I:$I,$A:$A,A6,G:G,19.5) -> 46115552 | K6: =VLOOKUP($C6,rosie!$B$7:$D$38,2,FALSE) -> 4.9 | L6: =VLOOKUP(C6,rosie!$B$7:$F$66,5,FALSE) -> 1.14 | M6: =VLOOKUP($C6,rosie!$B$7:$D$38,3,FALSE) -> 0 | N6: =VLOOKUP($C6,rosie!$B$7:$E$38,4,FALSE) -> l | O6: =IFERROR((30/J6*I6)/K6/Q6,0) -> 19.068639 | P6: =VLOOKUP(A6,RESULTS!$A:$M,13,FALSE) -> 1 | Q6: 2 | R6: =IF(VLOOKUP(C6,rosie!B:J,8,FALSE)=0,"x_x_x_x",VLOOKUP(C6,rosie!B:J,8,FALSE)) -> 3_5_31_2023
A7: 10-_-May-31-23 | B7: =IFERROR(VLOOKUP(A7,fix!$E:$F,2,FALSE),"") | C7: =VALUE(IF(B7="",LEFT(A7,FIND("-",A7)-1),B7)) -> 10 | D7: =C7&" ("&M7&")" -> 10 (0) | E7: 6.116 | F7: 6.12 | G7: =IFERROR(VLOOKUP(F7,'rt.comb'!$A:$B,2,FALSE),F7) -> 6.11 | H7: =IFERROR(VLOOKUP(G7,compounds!$A:$D,4,FALSE),"") | I7: 67484218 | J7: =SUMIFS($I:$I,$A:$A,A7,G:G,19.5) -> 46115552 | K7: =VLOOKUP($C7,rosie!$B$7:$D$38,2,FALSE) -> 4.9 | L7: =VLOOKUP(C7,rosie!$B$7:$F$66,5,FALSE) -> 1.14 | M7: =VLOOKUP($C7,rosie!$B$7:$D$38,3,FALSE) -> 0 | N7: =VLOOKUP($C7,rosie!$B$7:$E$38,4,FALSE) -> l | O7: =IFERROR((30/J7*I7)/K7/Q7,0) -> 4.4797109 | P7: =VLOOKUP(A7,RESULTS!$A:$M,13,FALSE) -> 1 | Q7: 2 | R7: =IF(VLOOKUP(C7,rosie!B:J,8,FALSE)=0,"x_x_x_x",VLOOKUP(C7,rosie!B:J,8,FALSE)) -> 3_5_31_2023
A8: 10-_-May-31-23 | B8: =IFERROR(VLOOKUP(A8,fix!$E:$F,2,FALSE),"") | C8: =VALUE(IF(B8="",LEFT(A8,FIND("-",A8)-1),B8)) -> 10 | D8: =C8&" ("&M8&")" -> 10 (0) | E8: 6.722 | F8: 6.72 | G8: =IFERROR(VLOOKUP(F8,'rt.comb'!$A:$B,2,FALSE),F8) -> 6.72 | H8: =IFERROR(VLOOKUP(G8,compounds!$A:$D,4,FALSE),"") | I8: 11847345 | J8: =SUMIFS($I:$I,$A:$A,A8,G:G,19.5) -> 46115552 | K8: =VLOOKUP($C8,rosie!$B$7:$D$38,2,FALSE) -> 4.9 | L8: =VLOOKUP(C8,rosie!$B$7:$F$66,5,FALSE) -> 1.14 | M8: =VLOOKUP($C8,rosie!$B$7:$D$38,3,FALSE) -> 0 | N8: =VLOOKUP($C8,rosie!$B$7:$E$38,4,FALSE) -> l | O8: =IFERROR((30/J8*I8)/K8/Q8,0) -> 0.78644581 | P8: =VLOOKUP(A8,RESULTS!$A:$M,13,FALSE) -> 1 | Q8: 2 | R8: =IF(VLOOKUP(C8,rosie!B:J,8,FALSE)=0,"x_x_x_x",VLOOKUP(C8,rosie!B:J,8,FALSE)) -> 3_5_31_2023
A9: 10-_-May-31-23 | B9: =IFERROR(VLOOKUP(A9,fix!$E:$F,2,FALSE),"") | C9: =VALUE(IF(B9="",LEFT(A9,FIND("-",A9)-1),B9)) -> 10 | D9: =C9&" ("&M9&")" -> 10 (0) | E9: 6.967 | F9: 6.97 | G9: =IFERROR(VLOOKUP(F9,'rt.comb'!$A:$B,2,FALSE),F9) -> 6.97 | H9: =IFERROR(VLOOKUP(G9,compounds!$A:$D,4,FALSE),"") -> nonane | I9: 20207509 | J9: =SUMIFS($I:$I,$A:$A,A9,G:G,19.5) -> 46115552 | K9: =VLOOKUP($C9,rosie!$B$7:$D$38,2,FALSE) -> 4.9 | L9: =VLOOKUP(C9,rosie!$B$7:$F$66,5,FALSE) -> 1.14 | M9: =VLOOKUP($C9,rosie!$B$7:$D$38,3,FALSE) -> 0 | N9: =VLOOKUP($C9,rosie!$B$7:$E$38,4,FALSE) -> l | O9: =IFERROR((30/J9*I9)/K9/Q9,0) -> 1.3414069 | P9: =VLOOKUP(A9,RESULTS!$A:$M,13,FALSE) -> 1 | Q9: 2 | R9: =IF(VLOOKUP(C9,rosie!B:J,8,FALSE)=0,"x_x_x_x",VLOOKUP(C9,rosie!B:J,8,FALSE)) -> 3_5_31_2023
A10: 10-_-May-31-23 | B10: =IFERROR(VLOOKUP(A10,fix!$E:$F,2,FALSE),"") | C10: =VALUE(IF(B10="",LEFT(A10,FIND("-",A10)-1),B10)) -> 10 | D10: =C10&" ("&M10&")" -> 10 (0) | E10: 7.091 | F10: 7.09 | G10: =IFERROR(VLOOKUP(F10,'rt.comb'!$A:$B,2,FALSE),F10) -> 7.1 | H10: =IFERROR(VLOOKUP(G10,compounds!$A:$D,4,FALSE),"") -> heptanal | I10: 63676011 | J10: =SUMIFS($I:$I,$A:$A,A10,G:G,19.5) -> 46115552 | K10: =VLOOKUP($C10,rosie!$B$7:$D$38,2,FALSE) -> 4.9 | L10: =VLOOKUP(C10,rosie!$B$7:$F$66,5,FALSE) -> 1.14 | M10: =VLOOKUP($C10,rosie!$B$7:$D$38,3,FALSE) -> 0 | N10: =VLOOKUP($C10,rosie!$B$7:$E$38,4,FALSE) -> l | O10: =IFERROR((30/J10*I10)/K10/Q10,0) -> 4.226916 | P10: =VLOOKUP(A10,RESULTS!$A:$M,13,FALSE) -> 1 | Q10: 2 | R10: =IF(VLOOKUP(C10,rosie!B:J,8,FALSE)=0,"x_x_x_x",VLOOKUP(C10,rosie!B:J,8,FALSE)) -> 3_5_31_2023
A11: 10-_-May-31-23 | B11: =IFERROR(VLOOKUP(A11,fix!$E:$F,2,FALSE),"") | C11: =VALUE(IF(B11="",LEFT(A11,FIND("-",A11)-1),B11)) -> 10 | D11: =C11&" ("&M11&")" -> 10 (0) | E11: 7.509 | F11: 7.51 | G11: =IFERROR(VLOOKUP(F11,'rt.comb'!$A:$B,2,FALSE),F11) -> 7.51 | H11: =IFERROR(VLOOKUP(G11,compounds!$A:$D,4,FALSE),"") -> cyclopentane | I11: 15813038 | J11: =SUMIFS($I:$I,$A:$A,A11,G:G,19.5) -> 46115552 | K11: =VLOOKUP($C11,rosie!$B$7:$D$38,2,FALSE) -> 4.9 | L11: =VLOOKUP(C11,rosie!$B$7:$F$66,5,FALSE) -> 1.14 | M11: =VLOOKUP($C11,rosie!$B$7:$D$38,3,FALSE) -> 0 | N11: =VLOOKUP($C11,rosie!$B$7:$E$38,4,FALSE) -> l | O11: =IFERROR((30/J11*I11)/K11/Q11,0) -> 1.0496949 | P11: =VLOOKUP(A11,RESULTS!$A:$M,13,FALSE) -> 1 | Q11: 2 | R11: =IF(VLOOKUP(C11,rosie!B:J,8,FALSE)=0,"x_x_x_x",VLOOKUP(C11,rosie!B:J,8,FALSE)) -> 3_5_31_2023
A12: 10-_-May-31-23 | B12: =IFERROR(VLOOKUP(A12,fix!$E:$F,2,FALSE),"") | C12: =VALUE(IF(B12="",LEFT(A12,FIND("-",A12)-1),B12)) -> 10 | D12: =C12&" ("&M12&")" -> 10 (0) | E12: 8.47 | F12: 8.47 | G12: =IFERROR(VLOOKUP(F12,'rt.comb'!$A:$B,2,FALSE),F12) -> 8.47 | H12: =IFERROR(VLOOKUP(G12,compounds!$A:$D,4,FALSE),"") | I12: 11813817 | J12: =SUMIFS($I:$I,$A:$A,A12,G:G,19.5) -> 46115552 | K12: =VLOOKUP($C12,rosie!$B$7:$D$38,2,FALSE) -> 4.9 | L12: =VLOOKUP(C12,rosie!$B$7:$F$66,5,FALSE) -> 1.14 | M12: =VLOOKUP($C12,rosie!$B$7:$D$38,3,FALSE) -> 0 | N12: =VLOOKUP($C12,rosie!$B$7:$E$38,4,FALSE) -> l | O12: =IFERROR((30/J12*I12)/K12/Q12,0) -> 0.78422017 | P12: =VLOOKUP(A12,RESULTS!$A:$M,13,FALSE) -> 1 | Q12: 2 | R12: =IF(VLOOKUP(C12,rosie!B:J,8,FALSE)=0,"x_x_x_x",VLOOKUP(C12,rosie!B:J,8,FALSE)) -> 3_5_31_2023
A13: 10-_-May-31-23 | B13: =IFERROR(VLOOKUP(A13,fix!$E:$F,2,FALSE),"") | C13: =VALUE(IF(B13="",LEFT(A13,FIND("-",A13)-1),B13)) -> 10 | D13: =C13&" ("&M13&")" -> 10 (0) | E13: 8.898 | F13: 8.9 | G13: =IFERROR(VLOOKUP(F13,'rt.comb'!$A:$B,2,FALSE),F13) -> 8.92 | H13: =IFERROR(VLOOKUP(G13,compounds!$A:$D,4,FALSE),"") | I13: 41888710 | J13: =SUMIFS($I:$I,$A:$A,A13,G:G,19.5) -> 46115552 | K13: =VLOOKUP($C13,rosie!$B$7:$D$38,2,FALSE) -> 4.9 | L13: =VLOOKUP(C13,rosie!$B$7:$F$66,5,FALSE) -> 1.14 | M13: =VLOOKUP($C13,rosie!$B$7:$D$38,3,FALSE) -> 0 | N13: =VLOOKUP($C13,rosie!$B$7:$E$38,4,FALSE) -> l | O13: =IFERROR((30/J13*I13)/K13/Q13,0) -> 2.7806399 | P13: =VLOOKUP(A13,RESULTS!$A:$M,13,FALSE) -> 1 | Q13: 2 | R13: =IF(VLOOKUP(C13,rosie!B:J,8,FALSE)=0,"x_x_x_x",VLOOKUP(C13,rosie!B:J,8,FALSE)) -> 3_5_31_2023
... A250: 246-_-May-31-23 | B250: =IFERROR(VLOOKUP(A250,fix!$E:$F,2,FALSE),"") | C250: =VALUE(IF(B250="",LEFT(A250,FIND("-",A250)-1),B250)) -> 246 | D250: =C250&" ("&M250&")" -> 246 (1) | E250: 35.131 | F250: 35.13 | G250: =IFERROR(VLOOKUP(F250,'rt.comb'!$A:$B,2,FALSE),F250) -> 35.13 | H250: =IFERROR(VLOOKUP(G250,compounds!$A:$D,4,FALSE),"") | I250: 29175409 | J250: =SUMIFS($I:$I,$A:$A,A250,G:G,19.5) -> 30533038 | K250: =VLOOKUP($C250,rosie!$B$7:$D$38,2,FALSE) -> 8.21 | L250: =VLOOKUP(C250,rosie!$B$7:$F$66,5,FALSE) -> 1.48 | M250: =VLOOKUP($C250,rosie!$B$7:$D$38,3,FALSE) -> 1 | N250: =VLOOKUP($C250,rosie!$B$7:$E$38,4,FALSE) -> l | O250: =IFERROR((30/J250*I250)/K250/Q250,0) -> 1.7458022 | P250: =VLOOKUP(A250,RESULTS!$A:$M,13,FALSE) -> 1 | Q250: 2 | R250: =IF(VLOOKUP(C250,rosie!B:J,8,FALSE)=0,"x_x_x_x",VLOOKUP(C250,rosie!B:J,8,FALSE)) -> 4_5_31_2023
A251: 249-_-May-31-23 | B251: 247 | C251: =VALUE(IF(B251="",LEFT(A251,FIND("-",A251)-1),B251)) -> 247 | D251: =C251&" ("&M251&")" -> 247 (0) | E251: 4.276 | F251: 4.28 | G251: =IFERROR(VLOOKUP(F251,'rt.comb'!$A:$B,2,FALSE),F251) -> 4.28 | H251: =IFERROR(VLOOKUP(G251,compounds!$A:$D,4,FALSE),"") | I251: 16316492 | J251: =SUMIFS($I:$I,$A:$A,A251,G:G,19.5) -> 57141843 | K251: =VLOOKUP($C251,rosie!$B$7:$D$38,2,FALSE) -> 5.79 | L251: =VLOOKUP(C251,rosie!$B$7:$F$66,5,FALSE) -> 1.18 | M251: =VLOOKUP($C251,rosie!$B$7:$D$38,3,FALSE) -> 0 | N251: =VLOOKUP($C251,rosie!$B$7:$E$38,4,FALSE) -> l | O251: =IFERROR((30/J251*I251)/K251/Q251,0) -> 0.73975046 | P251: =VLOOKUP(A251,RESULTS!$A:$M,13,FALSE) -> 1 | Q251: 2 | R251: =IF(VLOOKUP(C251,rosie!B:J,8,FALSE)=0,"x_x_x_x",VLOOKUP(C251,rosie!B:J,8,FALSE)) -> 4_5_31_2023
A252: 249-_-May-31-23 | B252: 247 | C252: =VALUE(IF(B252="",LEFT(A252,FIND("-",A252)-1),B252)) -> 247 | D252: =C252&" ("&M252&")" -> 247 (0) | E252: 4.395 | F252: 4.4 | G252: =IFERROR(VLOOKUP(F252,'rt.comb'!$A:$B,2,FALSE),F252) -> 4.4 | H252: =IFERROR(VLOOKUP(G252,compounds!$A:$D,4,FALSE),"") | I252: 19645489 | J252: =SUMIFS($I:$I,$A:$A,A252,G:G,19.5) -> 57141843 | K252: =VLOOKUP($C252,rosie!$B$7:$D$38,2,FALSE) -> 5.79 | L252: =VLOOKUP(C252,rosie!$B$7:$F$66,5,FALSE) -> 1.18 | M252: =VLOOKUP($C252,rosie!$B$7:$D$38,3,FALSE) -> 0 | N252: =VLOOKUP($C252,rosie!$B$7:$E$38,4,FALSE) -> l | O252: =IFERROR((30/J252*I252)/K252/Q252,0) -> 0.89067917 | P252: =VLOOKUP(A252,RESULTS!$A:$M,13,FALSE) -> 1 | Q252: 2 | R252: =IF(VLOOKUP(C252,rosie!B:J,8,FALSE)=0,"x_x_x_x",VLOOKUP(C252,rosie!B:J,8,FALSE)) -> 4_5_31_2023
A253: 249-_-May-31-23 | B253: 247 | C253: =VALUE(IF(B253="",LEFT(A253,FIND("-",A253)-1),B253)) -> 247 | D253: =C253&" ("&M253&")" -> 247 (0) | E253: 4.636 | F253: 4.64 | G253: =IFERROR(VLOOKUP(F253,'rt.comb'!$A:$B,2,FALSE),F253) -> 4.64 | H253: =IFERROR(VLOOKUP(G253,compounds!$A:$D,4,FALSE),"") | I253: 6154850 | J253: =SUMIFS($I:$I,$A:$A,A253,G:G,19.5) -> 57141843 | K253: =VLOOKUP($C253,rosie!$B$7:$D$38,2,FALSE) -> 5.79 | L253: =VLOOKUP(C253,rosie!$B$7:$F$66,5,FALSE) -> 1.18 | M253: =VLOOKUP($C253,rosie!$B$7:$D$38,3,FALSE) -> 0 | N253: =VLOOKUP($C253,rosie!$B$7:$E$38,4,FALSE) -> l | O253: =IFERROR((30/J253*I253)/K253/Q253,0) -> 0.27904608 | P253: =VLOOKUP(A253,RESULTS!$A:$M,13,FALSE) -> 1 | Q253: 2 | R253: =IF(VLOOKUP(C253,rosie!B:J,8,FALSE)=0,"x_x_x_x",VLOOKUP(C253,rosie!B:J,8,FALSE)) -> 4_5_31_2023
A254: 249-_-May-31-23 | B254: 247 | C254: =VALUE(IF(B254="",LEFT(A254,FIND("-",A254)-1),B254)) -> 247 | D254: =C254&" ("&M254&")" -> 247 (0) | E254: 4.87 | F254: 4.87 | G254: =IFERROR(VLOOKUP(F254,'rt.comb'!$A:$B,2,FALSE),F254) -> 4.87 | H254: =IFERROR(VLOOKUP(G254,compounds!$A:$D,4,FALSE),"") | I254: 5280326 | J254: =SUMIFS($I:$I,$A:$A,A254,G:G,19.5) -> 57141843 | K254: =VLOOKUP($C254,rosie!$B$7:$D$38,2,FALSE) -> 5.79 | L254: =VLOOKUP(C254,rosie!$B$7:$F$66,5,FALSE) -> 1.18 | M254: =VLOOKUP($C254,rosie!$B$7:$D$38,3,FALSE) -> 0 | N254: =VLOOKUP($C254,rosie!$B$7:$E$38,4,FALSE) -> l | O254: =IFERROR((30/J254*I254)/K254/Q254,0) -> 0.23939727 | P254: =VLOOKUP(A254,RESULTS!$A:$M,13,FALSE) -> 1 | Q254: 2 | R254: =IF(VLOOKUP(C254,rosie!B:J,8,FALSE)=0,"x_x_x_x",VLOOKUP(C254,rosie!B:J,8,FALSE)) -> 4_5_31_2023
A255: 249-_-May-31-23 | B255: 247 | C255: =VALUE(IF(B255="",LEFT(A255,FIND("-",A255)-1),B255)) -> 247 | D255: =C255&" ("&M255&")" -> 247 (0) | E255: 5.427 | F255: 5.43 | G255: =IFERROR(VLOOKUP(F255,'rt.comb'!$A:$B,2,FALSE),F255) -> 5.43 | H255: =IFERROR(VLOOKUP(G255,compounds!$A:$D,4,FALSE),"") -> hydroxymethylpentanone | I255: 301930103 | J255: =SUMIFS($I:$I,$A:$A,A255,G:G,19.5) -> 57141843 | K255: =VLOOKUP($C255,rosie!$B$7:$D$38,2,FALSE) -> 5.79 | L255: =VLOOKUP(C255,rosie!$B$7:$F$66,5,FALSE) -> 1.18 | M255: =VLOOKUP($C255,rosie!$B$7:$D$38,3,FALSE) -> 0 | N255: =VLOOKUP($C255,rosie!$B$7:$E$38,4,FALSE) -> l | O255: =IFERROR((30/J255*I255)/K255/Q255,0) -> 13.688784 | P255: =VLOOKUP(A255,RESULTS!$A:$M,13,FALSE) -> 1 | Q255: 2 | R255: =IF(VLOOKUP(C255,rosie!B:J,8,FALSE)=0,"x_x_x_x",VLOOKUP(C255,rosie!B:J,8,FALSE)) -> 4_5_31_2023
A256: 249-_-May-31-23 | B256: 247 | C256: =VALUE(IF(B256="",LEFT(A256,FIND("-",A256)-1),B256)) -> 247 | D256: =C256&" ("&M256&")" -> 247 (0) | E256: 5.656 | F256: 5.66 | G256: =IFERROR(VLOOKUP(F256,'rt.comb'!$A:$B,2,FALSE),F256) -> 5.66 | H256: =IFERROR(VLOOKUP(G256,compounds!$A:$D,4,FALSE),"") | I256: 10401972 | J256: =SUMIFS($I:$I,$A:$A,A256,G:G,19.5) -> 57141843 | K256: =VLOOKUP($C256,rosie!$B$7:$D$38,2,FALSE) -> 5.79 | L256: =VLOOKUP(C256,rosie!$B$7:$F$66,5,FALSE) -> 1.18 | M256: =VLOOKUP($C256,rosie!$B$7:$D$38,3,FALSE) -> 0 | N256: =VLOOKUP($C256,rosie!$B$7:$E$38,4,FALSE) -> l | O256: =IFERROR((30/J256*I256)/K256/Q256,0) -> 0.47160036 | P256: =VLOOKUP(A256,RESULTS!$A:$M,13,FALSE) -> 1 | Q256: 2 | R256: =IF(VLOOKUP(C256,rosie!B:J,8,FALSE)=0,"x_x_x_x",VLOOKUP(C256,rosie!B:J,8,FALSE)) -> 4_5_31_2023
A257: 249-_-May-31-23 | B257: 247 | C257: =VALUE(IF(B257="",LEFT(A257,FIND("-",A257)-1),B257)) -> 247 | D257: =C257&" ("&M257&")" -> 247 (0) | E257: 5.771 | F257: 5.77 | G257: =IFERROR(VLOOKUP(F257,'rt.comb'!$A:$B,2,FALSE),F257) -> 5.76 | H257: =IFERROR(VLOOKUP(G257,compounds!$A:$D,4,FALSE),"") -> zhexenol | I257: 591758040 | J257: =SUMIFS($I:$I,$A:$A,A257,G:G,19.5) -> 57141843 | K257: =VLOOKUP($C257,rosie!$B$7:$D$38,2,FALSE) -> 5.79 | L257: =VLOOKUP(C257,rosie!$B$7:$F$66,5,FALSE) -> 1.18 | M257: =VLOOKUP($C257,rosie!$B$7:$D$38,3,FALSE) -> 0 | N257: =VLOOKUP($C257,rosie!$B$7:$E$38,4,FALSE) -> l | O257: =IFERROR((30/J257*I257)/K257/Q257,0) -> 26.828885 | P257: =VLOOKUP(A257,RESULTS!$A:$M,13,FALSE) -> 1 | Q257: 2 | R257: =IF(VLOOKUP(C257,rosie!B:J,8,FALSE)=0,"x_x_x_x",VLOOKUP(C257,rosie!B:J,8,FALSE)) -> 4_5_31_2023
A258: 249-_-May-31-23 | B258: 247 | C258: =VALUE(IF(B258="",LEFT(A258,FIND("-",A258)-1),B258)) -> 247 | D258: =C258&" ("&M258&")" -> 247 (0) | E258: 5.869 | F258: 5.87 | G258: =IFERROR(VLOOKUP(F258,'rt.comb'!$A:$B,2,FALSE),F258) -> 5.87 | H258: =IFERROR(VLOOKUP(G258,compounds!$A:$D,4,FALSE),"") | I258: 122246862 | J258: =SUMIFS($I:$I,$A:$A,A258,G:G,19.5) -> 57141843 | K258: =VLOOKUP($C258,rosie!$B$7:$D$38,2,FALSE) -> 5.79 | L258: =VLOOKUP(C258,rosie!$B$7:$F$66,5,FALSE) -> 1.18 | M258: =VLOOKUP($C258,rosie!$B$7:$D$38,3,FALSE) -> 0 | N258: =VLOOKUP($C258,rosie!$B$7:$E$38,4,FALSE) -> l | O258: =IFERROR((30/J258*I258)/K258/Q258,0) -> 5.5423784 | P258: =VLOOKUP(A258,RESULTS!$A:$M,13,FALSE) -> 1 | Q258: 2 | R258: =IF(VLOOKUP(C258,rosie!B:J,8,FALSE)=0,"x_x_x_x",VLOOKUP(C258,rosie!B:J,8,FALSE)) -> 4_5_31_2023
A259: 249-_-May-31-23 | B259: 247 | C259: =VALUE(IF(B259="",LEFT(A259,FIND("-",A259)-1),B259)) -> 247 | D259: =C259&" ("&M259&")" -> 247 (0) | E259: 6.113 | F259: 6.11 | G259: =IFERROR(VLOOKUP(F259,'rt.comb'!$A:$B,2,FALSE),F259) -> 6.11 | H259: =IFERROR(VLOOKUP(G259,compounds!$A:$D,4,FALSE),"") | I259: 41037581 | J259: =SUMIFS($I:$I,$A:$A,A259,G:G,19.5) -> 57141843 | K259: =VLOOKUP($C259,rosie!$B$7:$D$38,2,FALSE) -> 5.79 | L259: =VLOOKUP(C259,rosie!$B$7:$F$66,5,FALSE) -> 1.18 | M259: =VLOOKUP($C259,rosie!$B$7:$D$38,3,FALSE) -> 0 | N259: =VLOOKUP($C259,rosie!$B$7:$E$38,4,FALSE) -> l | O259: =IFERROR((30/J259*I259)/K259/Q259,0) -> 1.8605451 | P259: =VLOOKUP(A259,RESULTS!$A:$M,13,FALSE) -> 1 | Q259: 2 | R259: =IF(VLOOKUP(C259,rosie!B:J,8,FALSE)=0,"x_x_x_x",VLOOKUP(C259,rosie!B:J,8,FALSE)) -> 4_5_31_2023
A260: 249-_-May-31-23 | B260: 247 | C260: =VALUE(IF(B260="",LEFT(A260,FIND("-",A260)-1),B260)) -> 247 | D260: =C260&" ("&M260&")" -> 247 (0) | E260: 6.722 | F260: 6.72 | G260: =IFERROR(VLOOKUP(F260,'rt.comb'!$A:$B,2,FALSE),F260) -> 6.72 | H260: =IFERROR(VLOOKUP(G260,compounds!$A:$D,4,FALSE),"") | I260: 13674541 | J260: =SUMIFS($I:$I,$A:$A,A260,G:G,19.5) -> 57141843 | K260: =VLOOKUP($C260,rosie!$B$7:$D$38,2,FALSE) -> 5.79 | L260: =VLOOKUP(C260,rosie!$B$7:$F$66,5,FALSE) -> 1.18 | M260: =VLOOKUP($C260,rosie!$B$7:$D$38,3,FALSE) -> 0 | N260: =VLOOKUP($C260,rosie!$B$7:$E$38,4,FALSE) -> l | O260: =IFERROR((30/J260*I260)/K260/Q260,0) -> 0.61997076 | P260: =VLOOKUP(A260,RESULTS!$A:$M,13,FALSE) -> 1 | Q260: 2 | R260: =IF(VLOOKUP(C260,rosie!B:J,8,FALSE)=0,"x_x_x_x",VLOOKUP(C260,rosie!B:J,8,FALSE)) -> 4_5_31_2023
A261: 249-_-May-31-23 | B261: 247 | C261: =VALUE(IF(B261="",LEFT(A261,FIND("-",A261)-1),B261)) -> 247 | D261: =C261&" ("&M261&")" -> 247 (0) | E261: 6.968 | F261: 6.97 | G261: =IFERROR(VLOOKUP(F261,'rt.comb'!$A:$B,2,FALSE),F261) -> 6.97 | H261: =IFERROR(VLOOKUP(G261,compounds!$A:$D,4,FALSE),"") -> nonane | I261: 18728093 | J261: =SUMIFS($I:$I,$A:$A,A261,G:G,19.5) -> 57141843 | K261: =VLOOKUP($C261,rosie!$B$7:$D$38,2,FALSE) -> 5.79 | L261: =VLOOKUP(C261,rosie!$B$7:$F$66,5,FALSE) -> 1.18 | M261: =VLOOKUP($C261,rosie!$B$7:$D$38,3,FALSE) -> 0 | N261: =VLOOKUP($C261,rosie!$B$7:$E$38,4,FALSE) -> l | O261: =IFERROR((30/J261*I261)/K261/Q261,0) -> 0.84908664 | P261: =VLOOKUP(A261,RESULTS!$A:$M,13,FALSE) -> 1 | Q261: 2 | R261: =IF(VLOOKUP(C261,rosie!B:J,8,FALSE)=0,"x_x_x_x",VLOOKUP(C261,rosie!B:J,8,FALSE)) -> 4_5_31_2023
A262: 249-_-May-31-23 | B262: 247 | C262: =VALUE(IF(B262="",LEFT(A262,FIND("-",A262)-1),B262)) -> 247 | D262: =C262&" ("&M262&")" -> 247 (0) | E262: 7.094 | F262: 7.09 | G262: =IFERROR(VLOOKUP(F262,'rt.comb'!$A:$B,2,FALSE),F262) -> 7.1 | H262: =IFERROR(VLOOKUP(G262,compounds!$A:$D,4,FALSE),"") -> heptanal | I262: 17470397 | J262: =SUMIFS($I:$I,$A:$A,A262,G:G,19.5) -> 57141843 | K262: =VLOOKUP($C262,rosie!$B$7:$D$38,2,FALSE) -> 5.79 | L262: =VLOOKUP(C262,rosie!$B$7:$F$66,5,FALSE) -> 1.18 | M262: =VLOOKUP($C262,rosie!$B$7:$D$38,3,FALSE) -> 0 | N262: =VLOOKUP($C262,rosie!$B$7:$E$38,4,FALSE) -> l | O262: =IFERROR((30/J262*I262)/K262/Q262,0) -> 0.79206573 | P262: =VLOOKUP(A262,RESULTS!$A:$M,13,FALSE) -> 1 | Q262: 2 | R262: =IF(VLOOKUP(C262,rosie!B:J,8,FALSE)=0,"x_x_x_x",VLOOKUP(C262,rosie!B:J,8,FALSE)) -> 4_5_31_2023
... A337: 249-_-May-31-23 | B337: 247 | C337: =VALUE(IF(B337="",LEFT(A337,FIND("-",A337)-1),B337)) -> 247 | D337: =C337&" ("&M337&")" -> 247 (0) | E337: 39.81 | F337: 39.81 | G337: =IFERROR(VLOOKUP(F337,'rt.comb'!$A:$B,2,FALSE),F337) -> 39.81 | H337: =IFERROR(VLOOKUP(G337,compounds!$A:$D,4,FALSE),"") | I337: 6978818 | J337: =SUMIFS($I:$I,$A:$A,A337,G:G,19.5) -> 57141843 | K337: =VLOOKUP($C337,rosie!$B$7:$D$38,2,FALSE) -> 5.79 | L337: =VLOOKUP(C337,rosie!$B$7:$F$66,5,FALSE) -> 1.18 | M337: =VLOOKUP($C337,rosie!$B$7:$D$38,3,FALSE) -> 0 | N337: =VLOOKUP($C337,rosie!$B$7:$E$38,4,FALSE) -> l | O337: =IFERROR((30/J337*I337)/K337/Q337,0) -> 0.3164028 | P337: =VLOOKUP(A337,RESULTS!$A:$M,13,FALSE) -> 1 | Q337: 2 | R337: =IF(VLOOKUP(C337,rosie!B:J,8,FALSE)=0,"x_x_x_x",VLOOKUP(C337,rosie!B:J,8,FALSE)) -> 4_5_31_2023
A338: 394-_-May-31-23 | C338: =VALUE(IF(B338="",LEFT(A338,FIND("-",A338)-1),B338)) -> 394 | D338: =C338&" ("&M338&")" -> 394 (1) | E338: 4.279 | F338: 4.28 | G338: =IFERROR(VLOOKUP(F338,'rt.comb'!$A:$B,2,FALSE),F338) -> 4.28 | H338: =IFERROR(VLOOKUP(G338,compounds!$A:$D,4,FALSE),"") | I338: 15547488 | J338: =SUMIFS($I:$I,$A:$A,A338,G:G,19.5) -> 36699569 | K338: =VLOOKUP($C338,rosie!$B$7:$D$38,2,FALSE) -> 5.62 | L338: =VLOOKUP(C338,rosie!$B$7:$F$66,5,FALSE) -> 1.19 | M338: =VLOOKUP($C338,rosie!$B$7:$D$38,3,FALSE) -> 1 | N338: =VLOOKUP($C338,rosie!$B$7:$E$38,4,FALSE) -> l | O338: =IFERROR((30/J338*I338)/K338/Q338,0) -> 1.1307178 | P338: =VLOOKUP(A338,RESULTS!$A:$M,13,FALSE) -> 1 | Q338: 2 | R338: =IF(VLOOKUP(C338,rosie!B:J,8,FALSE)=0,"x_x_x_x",VLOOKUP(C338,rosie!B:J,8,FALSE)) -> 5_5_31_2023
A339: 394-_-May-31-23 | C339: =VALUE(IF(B339="",LEFT(A339,FIND("-",A339)-1),B339)) -> 394 | D339: =C339&" ("&M339&")" -> 394 (1) | E339: 4.364 | F339: 4.36 | G339: =IFERROR(VLOOKUP(F339,'rt.comb'!$A:$B,2,FALSE),F339) -> 4.36 | H339: =IFERROR(VLOOKUP(G339,compounds!$A:$D,4,FALSE),"") | I339: 233323115 | J339: =SUMIFS($I:$I,$A:$A,A339,G:G,19.5) -> 36699569 | K339: =VLOOKUP($C339,rosie!$B$7:$D$38,2,FALSE) -> 5.62 | L339: =VLOOKUP(C339,rosie!$B$7:$F$66,5,FALSE) -> 1.19 | M339: =VLOOKUP($C339,rosie!$B$7:$D$38,3,FALSE) -> 1 | N339: =VLOOKUP($C339,rosie!$B$7:$E$38,4,FALSE) -> l | O339: =IFERROR((30/J339*I339)/K339/Q339,0) -> 16.968824 | P339: =VLOOKUP(A339,RESULTS!$A:$M,13,FALSE) -> 1 | Q339: 2 | R339: =IF(VLOOKUP(C339,rosie!B:J,8,FALSE)=0,"x_x_x_x",VLOOKUP(C339,rosie!B:J,8,FALSE)) -> 5_5_31_2023
A340: 394-_-May-31-23 | C340: =VALUE(IF(B340="",LEFT(A340,FIND("-",A340)-1),B340)) -> 394 | D340: =C340&" ("&M340&")" -> 394 (1) | E340: 4.876 | F340: 4.88 | G340: =IFERROR(VLOOKUP(F340,'rt.comb'!$A:$B,2,FALSE),F340) -> 4.88 | H340: =IFERROR(VLOOKUP(G340,compounds!$A:$D,4,FALSE),"") | I340: 32304449 | J340: =SUMIFS($I:$I,$A:$A,A340,G:G,19.5) -> 36699569 | K340: =VLOOKUP($C340,rosie!$B$7:$D$38,2,FALSE) -> 5.62 | L340: =VLOOKUP(C340,rosie!$B$7:$F$66,5,FALSE) -> 1.19 | M340: =VLOOKUP($C340,rosie!$B$7:$D$38,3,FALSE) -> 1 | N340: =VLOOKUP($C340,rosie!$B$7:$E$38,4,FALSE) -> l | O340: =IFERROR((30/J340*I340)/K340/Q340,0) -> 2.3493965 | P340: =VLOOKUP(A340,RESULTS!$A:$M,13,FALSE) -> 1 | Q340: 2 | R340: =IF(VLOOKUP(C340,rosie!B:J,8,FALSE)=0,"x_x_x_x",VLOOKUP(C340,rosie!B:J,8,FALSE)) -> 5_5_31_2023
A341: 394-_-May-31-23 | C341: =VALUE(IF(B341="",LEFT(A341,FIND("-",A341)-1),B341)) -> 394 | D341: =C341&" ("&M341&")" -> 394 (1) | E341: 5.457 | F341: 5.46 | G341: =IFERROR(VLOOKUP(F341,'rt.comb'!$A:$B,2,FALSE),F341) -> 5.43 | H341: =IFERROR(VLOOKUP(G341,compounds!$A:$D,4,FALSE),"") -> hydroxymethylpentanone | I341: 383723762 | J341: =SUMIFS($I:$I,$A:$A,A341,G:G,19.5) -> 36699569 | K341: =VLOOKUP($C341,rosie!$B$7:$D$38,2,FALSE) -> 5.62 | L341: =VLOOKUP(C341,rosie!$B$7:$F$66,5,FALSE) -> 1.19 | M341: =VLOOKUP($C341,rosie!$B$7:$D$38,3,FALSE) -> 1 | N341: =VLOOKUP($C341,rosie!$B$7:$E$38,4,FALSE) -> l | O341: =IFERROR((30/J341*I341)/K341/Q341,0) -> 27.906969 | P341: =VLOOKUP(A341,RESULTS!$A:$M,13,FALSE) -> 1 | Q341: 2 | R341: =IF(VLOOKUP(C341,rosie!B:J,8,FALSE)=0,"x_x_x_x",VLOOKUP(C341,rosie!B:J,8,FALSE)) -> 5_5_31_2023
A342: 394-_-May-31-23 | C342: =VALUE(IF(B342="",LEFT(A342,FIND("-",A342)-1),B342)) -> 394 | D342: =C342&" ("&M342&")" -> 394 (1) | E342: 5.55 | F342: 5.55 | G342: =IFERROR(VLOOKUP(F342,'rt.comb'!$A:$B,2,FALSE),F342) -> 5.55 | H342: =IFERROR(VLOOKUP(G342,compounds!$A:$D,4,FALSE),"") | I342: 11888694 | J342: =SUMIFS($I:$I,$A:$A,A342,G:G,19.5) -> 36699569 | K342: =VLOOKUP($C342,rosie!$B$7:$D$38,2,FALSE) -> 5.62 | L342: =VLOOKUP(C342,rosie!$B$7:$F$66,5,FALSE) -> 1.19 | M342: =VLOOKUP($C342,rosie!$B$7:$D$38,3,FALSE) -> 1 | N342: =VLOOKUP($C342,rosie!$B$7:$E$38,4,FALSE) -> l | O342: =IFERROR((30/J342*I342)/K342/Q342,0) -> 0.86462568 | P342: =VLOOKUP(A342,RESULTS!$A:$M,13,FALSE) -> 1 | Q342: 2 | R342: =IF(VLOOKUP(C342,rosie!B:J,8,FALSE)=0,"x_x_x_x",VLOOKUP(C342,rosie!B:J,8,FALSE)) -> 5_5_31_2023
A343: 394-_-May-31-23 | C343: =VALUE(IF(B343="",LEFT(A343,FIND("-",A343)-1),B343)) -> 394 | D343: =C343&" ("&M343&")" -> 394 (1) | E343: 5.666 | F343: 5.67 | G343: =IFERROR(VLOOKUP(F343,'rt.comb'!$A:$B,2,FALSE),F343) -> 5.67 | H343: =IFERROR(VLOOKUP(G343,compounds!$A:$D,4,FALSE),"") | I343: 35099465 | J343: =SUMIFS($I:$I,$A:$A,A343,G:G,19.5) -> 36699569 | K343: =VLOOKUP($C343,rosie!$B$7:$D$38,2,FALSE) -> 5.62 | L343: =VLOOKUP(C343,rosie!$B$7:$F$66,5,FALSE) -> 1.19 | M343: =VLOOKUP($C343,rosie!$B$7:$D$38,3,FALSE) -> 1 | N343: =VLOOKUP($C343,rosie!$B$7:$E$38,4,FALSE) -> l | O343: =IFERROR((30/J343*I343)/K343/Q343,0) -> 2.5526688 | P343: =VLOOKUP(A343,RESULTS!$A:$M,13,FALSE) -> 1 | Q343: 2 | R343: =IF(VLOOKUP(C343,rosie!B:J,8,FALSE)=0,"x_x_x_x",VLOOKUP(C343,rosie!B:J,8,FALSE)) -> 5_5_31_2023
A344: 394-_-May-31-23 | C344: =VALUE(IF(B344="",LEFT(A344,FIND("-",A344)-1),B344)) -> 394 | D344: =C344&" ("&M344&")" -> 394 (1) | E344: 5.833 | F344: 5.83 | G344: =IFERROR(VLOOKUP(F344,'rt.comb'!$A:$B,2,FALSE),F344) -> 5.83 | H344: =IFERROR(VLOOKUP(G344,compounds!$A:$D,4,FALSE),"") | I344: 2715899369 | J344: =SUMIFS($I:$I,$A:$A,A344,G:G,19.5) -> 36699569 | K344: =VLOOKUP($C344,rosie!$B$7:$D$38,2,FALSE) -> 5.62 | L344: =VLOOKUP(C344,rosie!$B$7:$F$66,5,FALSE) -> 1.19 | M344: =VLOOKUP($C344,rosie!$B$7:$D$38,3,FALSE) -> 1 | N344: =VLOOKUP($C344,rosie!$B$7:$E$38,4,FALSE) -> l | O344: =IFERROR((30/J344*I344)/K344/Q344,0) -> 197.51844 | P344: =VLOOKUP(A344,RESULTS!$A:$M,13,FALSE) -> 1 | Q344: 2 | R344: =IF(VLOOKUP(C344,rosie!B:J,8,FALSE)=0,"x_x_x_x",VLOOKUP(C344,rosie!B:J,8,FALSE)) -> 5_5_31_2023
A345: 394-_-May-31-23 | C345: =VALUE(IF(B345="",LEFT(A345,FIND("-",A345)-1),B345)) -> 394 | D345: =C345&" ("&M345&")" -> 394 (1) | E345: 6.073 | F345: 6.07 | G345: =IFERROR(VLOOKUP(F345,'rt.comb'!$A:$B,2,FALSE),F345) -> 6.07 | H345: =IFERROR(VLOOKUP(G345,compounds!$A:$D,4,FALSE),"") | I345: 71552274 | J345: =SUMIFS($I:$I,$A:$A,A345,G:G,19.5) -> 36699569 | K345: =VLOOKUP($C345,rosie!$B$7:$D$38,2,FALSE) -> 5.62 | L345: =VLOOKUP(C345,rosie!$B$7:$F$66,5,FALSE) -> 1.19 | M345: =VLOOKUP($C345,rosie!$B$7:$D$38,3,FALSE) -> 1 | N345: =VLOOKUP($C345,rosie!$B$7:$E$38,4,FALSE) -> l | O345: =IFERROR((30/J345*I345)/K345/Q345,0) -> 5.2037619 | P345: =VLOOKUP(A345,RESULTS!$A:$M,13,FALSE) -> 1 | Q345: 2 | R345: =IF(VLOOKUP(C345,rosie!B:J,8,FALSE)=0,"x_x_x_x",VLOOKUP(C345,rosie!B:J,8,FALSE)) -> 5_5_31_2023
A346: 394-_-May-31-23 | C346: =VALUE(IF(B346="",LEFT(A346,FIND("-",A346)-1),B346)) -> 394 | D346: =C346&" ("&M346&")" -> 394 (1) | E346: 6.131 | F346: 6.13 | G346: =IFERROR(VLOOKUP(F346,'rt.comb'!$A:$B,2,FALSE),F346) -> 6.13 | H346: =IFERROR(VLOOKUP(G346,compounds!$A:$D,4,FALSE),"") | I346: 214445950 | J346: =SUMIFS($I:$I,$A:$A,A346,G:G,19.5) -> 36699569 | K346: =VLOOKUP($C346,rosie!$B$7:$D$38,2,FALSE) -> 5.62 | L346: =VLOOKUP(C346,rosie!$B$7:$F$66,5,FALSE) -> 1.19 | M346: =VLOOKUP($C346,rosie!$B$7:$D$38,3,FALSE) -> 1 | N346: =VLOOKUP($C346,rosie!$B$7:$E$38,4,FALSE) -> l | O346: =IFERROR((30/J346*I346)/K346/Q346,0) -> 15.59595 | P346: =VLOOKUP(A346,RESULTS!$A:$M,13,FALSE) -> 1 | Q346: 2 | R346: =IF(VLOOKUP(C346,rosie!B:J,8,FALSE)=0,"x_x_x_x",VLOOKUP(C346,rosie!B:J,8,FALSE)) -> 5_5_31_2023
A347: 394-_-May-31-23 | C347: =VALUE(IF(B347="",LEFT(A347,FIND("-",A347)-1),B347)) -> 394 | D347: =C347&" ("&M347&")" -> 394 (1) | E347: 6.727 | F347: 6.73 | G347: =IFERROR(VLOOKUP(F347,'rt.comb'!$A:$B,2,FALSE),F347) -> 6.73 | H347: =IFERROR(VLOOKUP(G347,compounds!$A:$D,4,FALSE),"") | I347: 8900748 | J347: =SUMIFS($I:$I,$A:$A,A347,G:G,19.5) -> 36699569 | K347: =VLOOKUP($C347,rosie!$B$7:$D$38,2,FALSE) -> 5.62 | L347: =VLOOKUP(C347,rosie!$B$7:$F$66,5,FALSE) -> 1.19 | M347: =VLOOKUP($C347,rosie!$B$7:$D$38,3,FALSE) -> 1 | N347: =VLOOKUP($C347,rosie!$B$7:$E$38,4,FALSE) -> l | O347: =IFERROR((30/J347*I347)/K347/Q347,0) -> 0.64732218 | P347: =VLOOKUP(A347,RESULTS!$A:$M,13,FALSE) -> 1 | Q347: 2 | R347: =IF(VLOOKUP(C347,rosie!B:J,8,FALSE)=0,"x_x_x_x",VLOOKUP(C347,rosie!B:J,8,FALSE)) -> 5_5_31_2023
A348: 394-_-May-31-23 | C348: =VALUE(IF(B348="",LEFT(A348,FIND("-",A348)-1),B348)) -> 394 | D348: =C348&" ("&M348&")" -> 394 (1) | E348: 6.972 | F348: 6.97 | G348: =IFERROR(VLOOKUP(F348,'rt.comb'!$A:$B,2,FALSE),F348) -> 6.97 | H348: =IFERROR(VLOOKUP(G348,compounds!$A:$D,4,FALSE),"") -> nonane | I348: 15803724 | J348: =SUMIFS($I:$I,$A:$A,A348,G:G,19.5) -> 36699569 | K348: =VLOOKUP($C348,rosie!$B$7:$D$38,2,FALSE) -> 5.62 | L348: =VLOOKUP(C348,rosie!$B$7:$F$66,5,FALSE) -> 1.19 | M348: =VLOOKUP($C348,rosie!$B$7:$D$38,3,FALSE) -> 1 | N348: =VLOOKUP($C348,rosie!$B$7:$E$38,4,FALSE) -> l | O348: =IFERROR((30/J348*I348)/K348/Q348,0) -> 1.149353 | P348: =VLOOKUP(A348,RESULTS!$A:$M,13,FALSE) -> 1 | Q348: 2 | R348: =IF(VLOOKUP(C348,rosie!B:J,8,FALSE)=0,"x_x_x_x",VLOOKUP(C348,rosie!B:J,8,FALSE)) -> 5_5_31_2023
A349: 394-_-May-31-23 | C349: =VALUE(IF(B349="",LEFT(A349,FIND("-",A349)-1),B349)) -> 394 | D349: =C349&" ("&M349&")" -> 394 (1) | E349: 7.1 | F349: 7.1 | G349: =IFERROR(VLOOKUP(F349,'rt.comb'!$A:$B,2,FALSE),F349) -> 7.1 | H349: =IFERROR(VLOOKUP(G349,compounds!$A:$D,4,FALSE),"") -> heptanal | I349: 18318790 | J349: =SUMIFS($I:$I,$A:$A,A349,G:G,19.5) -> 36699569 | K349: =VLOOKUP($C349,rosie!$B$7:$D$38,2,FALSE) -> 5.62 | L349: =VLOOKUP(C349,rosie!$B$7:$F$66,5,FALSE) -> 1.19 | M349: =VLOOKUP($C349,rosie!$B$7:$D$38,3,FALSE) -> 1 | N349: =VLOOKUP($C349,rosie!$B$7:$E$38,4,FALSE) -> l | O349: =IFERROR((30/J349*I349)/K349/Q349,0) -> 1.3322654 | P349: =VLOOKUP(A349,RESULTS!$A:$M,13,FALSE) -> 1 | Q349: 2 | R349: =IF(VLOOKUP(C349,rosie!B:J,8,FALSE)=0,"x_x_x_x",VLOOKUP(C349,rosie!B:J,8,FALSE)) -> 5_5_31_2023
... A524: 420-_-May-31-23 | C524: =VALUE(IF(B524="",LEFT(A524,FIND("-",A524)-1),B524)) -> 420 | D524: =C524&" ("&M524&")" -> 420 (1) | E524: 35.131 | F524: 35.13 | G524: =IFERROR(VLOOKUP(F524,'rt.comb'!$A:$B,2,FALSE),F524) -> 35.13 | H524: =IFERROR(VLOOKUP(G524,compounds!$A:$D,4,FALSE),"") | I524: 14993106 | J524: =SUMIFS($I:$I,$A:$A,A524,G:G,19.5) -> 32104763 | K524: =VLOOKUP($C524,rosie!$B$7:$D$38,2,FALSE) -> 7.77 | L524: =VLOOKUP(C524,rosie!$B$7:$F$66,5,FALSE) -> 1.78 | M524: =VLOOKUP($C524,rosie!$B$7:$D$38,3,FALSE) -> 1 | N524: =VLOOKUP($C524,rosie!$B$7:$E$38,4,FALSE) -> l | O524: =IFERROR((30/J524*I524)/K524/Q524,0) -> 0.90155533 | P524: =VLOOKUP(A524,RESULTS!$A:$M,13,FALSE) -> 1 | Q524: 2 | R524: =IF(VLOOKUP(C524,rosie!B:J,8,FALSE)=0,"x_x_x_x",VLOOKUP(C524,rosie!B:J,8,FALSE)) -> 6_5_31_2023
A525: 429-_-May-31-23 | B525: 427 | C525: =VALUE(IF(B525="",LEFT(A525,FIND("-",A525)-1),B525)) -> 427 | D525: =C525&" ("&M525&")" -> 427 (0) | E525: 4.269 | F525: 4.27 | G525: =IFERROR(VLOOKUP(F525,'rt.comb'!$A:$B,2,FALSE),F525) -> 4.27 | H525: =IFERROR(VLOOKUP(G525,compounds!$A:$D,4,FALSE),"") | I525: 10535592 | J525: =SUMIFS($I:$I,$A:$A,A525,G:G,19.5) -> 36929229 | K525: =VLOOKUP($C525,rosie!$B$7:$D$38,2,FALSE) -> 5.4 | L525: =VLOOKUP(C525,rosie!$B$7:$F$66,5,FALSE) -> 1.2 | M525: =VLOOKUP($C525,rosie!$B$7:$D$38,3,FALSE) -> 0 | N525: =VLOOKUP($C525,rosie!$B$7:$E$38,4,FALSE) -> l | O525: =IFERROR((30/J525*I525)/K525/Q525,0) -> 0.79247615 | P525: =VLOOKUP(A525,RESULTS!$A:$M,13,FALSE) -> 1 | Q525: 2 | R525: =IF(VLOOKUP(C525,rosie!B:J,8,FALSE)=0,"x_x_x_x",VLOOKUP(C525,rosie!B:J,8,FALSE)) -> 5_5_31_2023
A526: 429-_-May-31-23 | B526: 427 | C526: =VALUE(IF(B526="",LEFT(A526,FIND("-",A526)-1),B526)) -> 427 | D526: =C526&" ("&M526&")" -> 427 (0) | E526: 4.395 | F526: 4.4 | G526: =IFERROR(VLOOKUP(F526,'rt.comb'!$A:$B,2,FALSE),F526) -> 4.4 | H526: =IFERROR(VLOOKUP(G526,compounds!$A:$D,4,FALSE),"") | I526: 14163872 | J526: =SUMIFS($I:$I,$A:$A,A526,G:G,19.5) -> 36929229 | K526: =VLOOKUP($C526,rosie!$B$7:$D$38,2,FALSE) -> 5.4 | L526: =VLOOKUP(C526,rosie!$B$7:$F$66,5,FALSE) -> 1.2 | M526: =VLOOKUP($C526,rosie!$B$7:$D$38,3,FALSE) -> 0 | N526: =VLOOKUP($C526,rosie!$B$7:$E$38,4,FALSE) -> l | O526: =IFERROR((30/J526*I526)/K526/Q526,0) -> 1.0653916 | P526: =VLOOKUP(A526,RESULTS!$A:$M,13,FALSE) -> 1 | Q526: 2 | R526: =IF(VLOOKUP(C526,rosie!B:J,8,FALSE)=0,"x_x_x_x",VLOOKUP(C526,rosie!B:J,8,FALSE)) -> 5_5_31_2023
A527: 429-_-May-31-23 | B527: 427 | C527: =VALUE(IF(B527="",LEFT(A527,FIND("-",A527)-1),B527)) -> 427 | D527: =C527&" ("&M527&")" -> 427 (0) | E527: 4.868 | F527: 4.87 | G527: =IFERROR(VLOOKUP(F527,'rt.comb'!$A:$B,2,FALSE),F527) -> 4.87 | H527: =IFERROR(VLOOKUP(G527,compounds!$A:$D,4,FALSE),"") | I527: 6484702 | J527: =SUMIFS($I:$I,$A:$A,A527,G:G,19.5) -> 36929229 | K527: =VLOOKUP($C527,rosie!$B$7:$D$38,2,FALSE) -> 5.4 | L527: =VLOOKUP(C527,rosie!$B$7:$F$66,5,FALSE) -> 1.2 | M527: =VLOOKUP($C527,rosie!$B$7:$D$38,3,FALSE) -> 0 | N527: =VLOOKUP($C527,rosie!$B$7:$E$38,4,FALSE) -> l | O527: =IFERROR((30/J527*I527)/K527/Q527,0) -> 0.48777247 | P527: =VLOOKUP(A527,RESULTS!$A:$M,13,FALSE) -> 1 | Q527: 2 | R527: =IF(VLOOKUP(C527,rosie!B:J,8,FALSE)=0,"x_x_x_x",VLOOKUP(C527,rosie!B:J,8,FALSE)) -> 5_5_31_2023
A528: 429-_-May-31-23 | B528: 427 | C528: =VALUE(IF(B528="",LEFT(A528,FIND("-",A528)-1),B528)) -> 427 | D528: =C528&" ("&M528&")" -> 427 (0) | E528: 5.426 | F528: 5.43 | G528: =IFERROR(VLOOKUP(F528,'rt.comb'!$A:$B,2,FALSE),F528) -> 5.43 | H528: =IFERROR(VLOOKUP(G528,compounds!$A:$D,4,FALSE),"") -> hydroxymethylpentanone | I528: 73656139 | J528: =SUMIFS($I:$I,$A:$A,A528,G:G,19.5) -> 36929229 | K528: =VLOOKUP($C528,rosie!$B$7:$D$38,2,FALSE) -> 5.4 | L528: =VLOOKUP(C528,rosie!$B$7:$F$66,5,FALSE) -> 1.2 | M528: =VLOOKUP($C528,rosie!$B$7:$D$38,3,FALSE) -> 0 | N528: =VLOOKUP($C528,rosie!$B$7:$E$38,4,FALSE) -> l | O528: =IFERROR((30/J528*I528)/K528/Q528,0) -> 5.5403373 | P528: =VLOOKUP(A528,RESULTS!$A:$M,13,FALSE) -> 1 | Q528: 2 | R528: =IF(VLOOKUP(C528,rosie!B:J,8,FALSE)=0,"x_x_x_x",VLOOKUP(C528,rosie!B:J,8,FALSE)) -> 5_5_31_2023
A529: 429-_-May-31-23 | B529: 427 | C529: =VALUE(IF(B529="",LEFT(A529,FIND("-",A529)-1),B529)) -> 427 | D529: =C529&" ("&M529&")" -> 427 (0) | E529: 5.656 | F529: 5.66 | G529: =IFERROR(VLOOKUP(F529,'rt.comb'!$A:$B,2,FALSE),F529) -> 5.66 | H529: =IFERROR(VLOOKUP(G529,compounds!$A:$D,4,FALSE),"") | I529: 5708564 | J529: =SUMIFS($I:$I,$A:$A,A529,G:G,19.5) -> 36929229 | K529: =VLOOKUP($C529,rosie!$B$7:$D$38,2,FALSE) -> 5.4 | L529: =VLOOKUP(C529,rosie!$B$7:$F$66,5,FALSE) -> 1.2 | M529: =VLOOKUP($C529,rosie!$B$7:$D$38,3,FALSE) -> 0 | N529: =VLOOKUP($C529,rosie!$B$7:$E$38,4,FALSE) -> l | O529: =IFERROR((30/J529*I529)/K529/Q529,0) -> 0.42939218 | P529: =VLOOKUP(A529,RESULTS!$A:$M,13,FALSE) -> 1 | Q529: 2 | R529: =IF(VLOOKUP(C529,rosie!B:J,8,FALSE)=0,"x_x_x_x",VLOOKUP(C529,rosie!B:J,8,FALSE)) -> 5_5_31_2023
A530: 429-_-May-31-23 | B530: 427 | C530: =VALUE(IF(B530="",LEFT(A530,FIND("-",A530)-1),B530)) -> 427 | D530: =C530&" ("&M530&")" -> 427 (0) | E530: 5.759 | F530: 5.76 | G530: =IFERROR(VLOOKUP(F530,'rt.comb'!$A:$B,2,FALSE),F530) -> 5.76 | H530: =IFERROR(VLOOKUP(G530,compounds!$A:$D,4,FALSE),"") -> zhexenol | I530: 452894945 | J530: =SUMIFS($I:$I,$A:$A,A530,G:G,19.5) -> 36929229 | K530: =VLOOKUP($C530,rosie!$B$7:$D$38,2,FALSE) -> 5.4 | L530: =VLOOKUP(C530,rosie!$B$7:$F$66,5,FALSE) -> 1.2 | M530: =VLOOKUP($C530,rosie!$B$7:$D$38,3,FALSE) -> 0 | N530: =VLOOKUP($C530,rosie!$B$7:$E$38,4,FALSE) -> l | O530: =IFERROR((30/J530*I530)/K530/Q530,0) -> 34.066282 | P530: =VLOOKUP(A530,RESULTS!$A:$M,13,FALSE) -> 1 | Q530: 2 | R530: =IF(VLOOKUP(C530,rosie!B:J,8,FALSE)=0,"x_x_x_x",VLOOKUP(C530,rosie!B:J,8,FALSE)) -> 5_5_31_2023
A531: 429-_-May-31-23 | B531: 427 | C531: =VALUE(IF(B531="",LEFT(A531,FIND("-",A531)-1),B531)) -> 427 | D531: =C531&" ("&M531&")" -> 427 (0) | E531: 6.052 | F531: 6.05 | G531: =IFERROR(VLOOKUP(F531,'rt.comb'!$A:$B,2,FALSE),F531) -> 6.05 | H531: =IFERROR(VLOOKUP(G531,compounds!$A:$D,4,FALSE),"") | I531: 11332326 | J531: =SUMIFS($I:$I,$A:$A,A531,G:G,19.5) -> 36929229 | K531: =VLOOKUP($C531,rosie!$B$7:$D$38,2,FALSE) -> 5.4 | L531: =VLOOKUP(C531,rosie!$B$7:$F$66,5,FALSE) -> 1.2 | M531: =VLOOKUP($C531,rosie!$B$7:$D$38,3,FALSE) -> 0 | N531: =VLOOKUP($C531,rosie!$B$7:$E$38,4,FALSE) -> l | O531: =IFERROR((30/J531*I531)/K531/Q531,0) -> 0.85240565 | P531: =VLOOKUP(A531,RESULTS!$A:$M,13,FALSE) -> 1 | Q531: 2 | R531: =IF(VLOOKUP(C531,rosie!B:J,8,FALSE)=0,"x_x_x_x",VLOOKUP(C531,rosie!B:J,8,FALSE)) -> 5_5_31_2023
A532: 429-_-May-31-23 | B532: 427 | C532: =VALUE(IF(B532="",LEFT(A532,FIND("-",A532)-1),B532)) -> 427 | D532: =C532&" ("&M532&")" -> 427 (0) | E532: 6.112 | F532: 6.11 | G532: =IFERROR(VLOOKUP(F532,'rt.comb'!$A:$B,2,FALSE),F532) -> 6.11 | H532: =IFERROR(VLOOKUP(G532,compounds!$A:$D,4,FALSE),"") | I532: 50507398 | J532: =SUMIFS($I:$I,$A:$A,A532,G:G,19.5) -> 36929229 | K532: =VLOOKUP($C532,rosie!$B$7:$D$38,2,FALSE) -> 5.4 | L532: =VLOOKUP(C532,rosie!$B$7:$F$66,5,FALSE) -> 1.2 | M532: =VLOOKUP($C532,rosie!$B$7:$D$38,3,FALSE) -> 0 | N532: =VLOOKUP($C532,rosie!$B$7:$E$38,4,FALSE) -> l | O532: =IFERROR((30/J532*I532)/K532/Q532,0) -> 3.7991134 | P532: =VLOOKUP(A532,RESULTS!$A:$M,13,FALSE) -> 1 | Q532: 2 | R532: =IF(VLOOKUP(C532,rosie!B:J,8,FALSE)=0,"x_x_x_x",VLOOKUP(C532,rosie!B:J,8,FALSE)) -> 5_5_31_2023
A533: 429-_-May-31-23 | B533: 427 | C533: =VALUE(IF(B533="",LEFT(A533,FIND("-",A533)-1),B533)) -> 427 | D533: =C533&" ("&M533&")" -> 427 (0) | E533: 6.722 | F533: 6.72 | G533: =IFERROR(VLOOKUP(F533,'rt.comb'!$A:$B,2,FALSE),F533) -> 6.72 | H533: =IFERROR(VLOOKUP(G533,compounds!$A:$D,4,FALSE),"") | I533: 6143846 | J533: =SUMIFS($I:$I,$A:$A,A533,G:G,19.5) -> 36929229 | K533: =VLOOKUP($C533,rosie!$B$7:$D$38,2,FALSE) -> 5.4 | L533: =VLOOKUP(C533,rosie!$B$7:$F$66,5,FALSE) -> 1.2 | M533: =VLOOKUP($C533,rosie!$B$7:$D$38,3,FALSE) -> 0 | N533: =VLOOKUP($C533,rosie!$B$7:$E$38,4,FALSE) -> l | O533: =IFERROR((30/J533*I533)/K533/Q533,0) -> 0.46213364 | P533: =VLOOKUP(A533,RESULTS!$A:$M,13,FALSE) -> 1 | Q533: 2 | R533: =IF(VLOOKUP(C533,rosie!B:J,8,FALSE)=0,"x_x_x_x",VLOOKUP(C533,rosie!B:J,8,FALSE)) -> 5_5_31_2023
A534: 429-_-May-31-23 | B534: 427 | C534: =VALUE(IF(B534="",LEFT(A534,FIND("-",A534)-1),B534)) -> 427 | D534: =C534&" ("&M534&")" -> 427 (0) | E534: 6.967 | F534: 6.97 | G534: =IFERROR(VLOOKUP(F534,'rt.comb'!$A:$B,2,FALSE),F534) -> 6.97 | H534: =IFERROR(VLOOKUP(G534,compounds!$A:$D,4,FALSE),"") -> nonane | I534: 7098203 | J534: =SUMIFS($I:$I,$A:$A,A534,G:G,19.5) -> 36929229 | K534: =VLOOKUP($C534,rosie!$B$7:$D$38,2,FALSE) -> 5.4 | L534: =VLOOKUP(C534,rosie!$B$7:$F$66,5,FALSE) -> 1.2 | M534: =VLOOKUP($C534,rosie!$B$7:$D$38,3,FALSE) -> 0 | N534: =VLOOKUP($C534,rosie!$B$7:$E$38,4,FALSE) -> l | O534: =IFERROR((30/J534*I534)/K534/Q534,0) -> 0.53391937 | P534: =VLOOKUP(A534,RESULTS!$A:$M,13,FALSE) -> 1 | Q534: 2 | R534: =IF(VLOOKUP(C534,rosie!B:J,8,FALSE)=0,"x_x_x_x",VLOOKUP(C534,rosie!B:J,8,FALSE)) -> 5_5_31_2023
A535: 429-_-May-31-23 | B535: 427 | C535: =VALUE(IF(B535="",LEFT(A535,FIND("-",A535)-1),B535)) -> 427 | D535: =C535&" ("&M535&")" -> 427 (0) | E535: 7.098 | F535: 7.1 | G535: =IFERROR(VLOOKUP(F535,'rt.comb'!$A:$B,2,FALSE),F535) -> 7.1 | H535: =IFERROR(VLOOKUP(G535,compounds!$A:$D,4,FALSE),"") -> heptanal | I535: 9024295 | J535: =SUMIFS($I:$I,$A:$A,A535,G:G,19.5) -> 36929229 | K535: =VLOOKUP($C535,rosie!$B$7:$D$38,2,FALSE) -> 5.4 | L535: =VLOOKUP(C535,rosie!$B$7:$F$66,5,FALSE) -> 1.2 | M535: =VLOOKUP($C535,rosie!$B$7:$D$38,3,FALSE) -> 0 | N535: =VLOOKUP($C535,rosie!$B$7:$E$38,4,FALSE) -> l | O535: =IFERROR((30/J535*I535)/K535/Q535,0) -> 0.67879798 | P535: =VLOOKUP(A535,RESULTS!$A:$M,13,FALSE) -> 1 | Q535: 2 | R535: =IF(VLOOKUP(C535,rosie!B:J,8,FALSE)=0,"x_x_x_x",VLOOKUP(C535,rosie!B:J,8,FALSE)) -> 5_5_31_2023
A536: 429-_-May-31-23 | B536: 427 | C536: =VALUE(IF(B536="",LEFT(A536,FIND("-",A536)-1),B536)) -> 427 | D536: =C536&" ("&M536&")" -> 427 (0) | E536: 7.511 | F536: 7.51 | G536: =IFERROR(VLOOKUP(F536,'rt.comb'!$A:$B,2,FALSE),F536) -> 7.51 | H536: =IFERROR(VLOOKUP(G536,compounds!$A:$D,4,FALSE),"") -> cyclopentane | I536: 6510747 | J536: =SUMIFS($I:$I,$A:$A,A536,G:G,19.5) -> 36929229 | K536: =VLOOKUP($C536,rosie!$B$7:$D$38,2,FALSE) -> 5.4 | L536: =VLOOKUP(C536,rosie!$B$7:$F$66,5,FALSE) -> 1.2 | M536: =VLOOKUP($C536,rosie!$B$7:$D$38,3,FALSE) -> 0 | N536: =VLOOKUP($C536,rosie!$B$7:$E$38,4,FALSE) -> l | O536: =IFERROR((30/J536*I536)/K536/Q536,0) -> 0.48973154 | P536: =VLOOKUP(A536,RESULTS!$A:$M,13,FALSE) -> 1 | Q536: 2 | R536: =IF(VLOOKUP(C536,rosie!B:J,8,FALSE)=0,"x_x_x_x",VLOOKUP(C536,rosie!B:J,8,FALSE)) -> 5_5_31_2023
... A592: 429-_-May-31-23 | B592: 427 | C592: =VALUE(IF(B592="",LEFT(A592,FIND("-",A592)-1),B592)) -> 427 | D592: =C592&" ("&M592&")" -> 427 (0) | E592: 37.402 | F592: 37.4 | G592: =IFERROR(VLOOKUP(F592,'rt.comb'!$A:$B,2,FALSE),F592) -> 37.4 | H592: =IFERROR(VLOOKUP(G592,compounds!$A:$D,4,FALSE),"") | I592: 5232575 | J592: =SUMIFS($I:$I,$A:$A,A592,G:G,19.5) -> 36929229 | K592: =VLOOKUP($C592,rosie!$B$7:$D$38,2,FALSE) -> 5.4 | L592: =VLOOKUP(C592,rosie!$B$7:$F$66,5,FALSE) -> 1.2 | M592: =VLOOKUP($C592,rosie!$B$7:$D$38,3,FALSE) -> 0 | N592: =VLOOKUP($C592,rosie!$B$7:$E$38,4,FALSE) -> l | O592: =IFERROR((30/J592*I592)/K592/Q592,0) -> 0.39358879 | P592: =VLOOKUP(A592,RESULTS!$A:$M,13,FALSE) -> 1 | Q592: 2 | R592: =IF(VLOOKUP(C592,rosie!B:J,8,FALSE)=0,"x_x_x_x",VLOOKUP(C592,rosie!B:J,8,FALSE)) -> 5_5_31_2023
A593: 510-_-May-31-23 | C593: =VALUE(IF(B593="",LEFT(A593,FIND("-",A593)-1),B593)) -> 510 | D593: =C593&" ("&M593&")" -> 510 (1) | E593: 4.252 | F593: 4.25 | G593: =IFERROR(VLOOKUP(F593,'rt.comb'!$A:$B,2,FALSE),F593) -> 4.25 | H593: =IFERROR(VLOOKUP(G593,compounds!$A:$D,4,FALSE),"") | I593: 13239085 | J593: =SUMIFS($I:$I,$A:$A,A593,G:G,19.5) -> 38356036 | K593: =VLOOKUP($C593,rosie!$B$7:$D$38,2,FALSE) -> 4.93 | L593: =VLOOKUP(C593,rosie!$B$7:$F$66,5,FALSE) -> 1.07 | M593: =VLOOKUP($C593,rosie!$B$7:$D$38,3,FALSE) -> 1 | N593: =VLOOKUP($C593,rosie!$B$7:$E$38,4,FALSE) -> l | O593: =IFERROR((30/J593*I593)/K593/Q593,0) -> 1.0501917 | P593: =VLOOKUP(A593,RESULTS!$A:$M,13,FALSE) -> 1 | Q593: 2 | R593: =IF(VLOOKUP(C593,rosie!B:J,8,FALSE)=0,"x_x_x_x",VLOOKUP(C593,rosie!B:J,8,FALSE)) -> 7_5_31_2023
A594: 510-_-May-31-23 | C594: =VALUE(IF(B594="",LEFT(A594,FIND("-",A594)-1),B594)) -> 510 | D594: =C594&" ("&M594&")" -> 510 (1) | E594: 4.392 | F594: 4.39 | G594: =IFERROR(VLOOKUP(F594,'rt.comb'!$A:$B,2,FALSE),F594) -> 4.39 | H594: =IFERROR(VLOOKUP(G594,compounds!$A:$D,4,FALSE),"") | I594: 7944070 | J594: =SUMIFS($I:$I,$A:$A,A594,G:G,19.5) -> 38356036 | K594: =VLOOKUP($C594,rosie!$B$7:$D$38,2,FALSE) -> 4.93 | L594: =VLOOKUP(C594,rosie!$B$7:$F$66,5,FALSE) -> 1.07 | M594: =VLOOKUP($C594,rosie!$B$7:$D$38,3,FALSE) -> 1 | N594: =VLOOKUP($C594,rosie!$B$7:$E$38,4,FALSE) -> l | O594: =IFERROR((30/J594*I594)/K594/Q594,0) -> 0.63016414 | P594: =VLOOKUP(A594,RESULTS!$A:$M,13,FALSE) -> 1 | Q594: 2 | R594: =IF(VLOOKUP(C594,rosie!B:J,8,FALSE)=0,"x_x_x_x",VLOOKUP(C594,rosie!B:J,8,FALSE)) -> 7_5_31_2023
A595: 510-_-May-31-23 | C595: =VALUE(IF(B595="",LEFT(A595,FIND("-",A595)-1),B595)) -> 510 | D595: =C595&" ("&M595&")" -> 510 (1) | E595: 4.619 | F595: 4.62 | G595: =IFERROR(VLOOKUP(F595,'rt.comb'!$A:$B,2,FALSE),F595) -> 4.62 | H595: =IFERROR(VLOOKUP(G595,compounds!$A:$D,4,FALSE),"") | I595: 10630519 | J595: =SUMIFS($I:$I,$A:$A,A595,G:G,19.5) -> 38356036 | K595: =VLOOKUP($C595,rosie!$B$7:$D$38,2,FALSE) -> 4.93 | L595: =VLOOKUP(C595,rosie!$B$7:$F$66,5,FALSE) -> 1.07 | M595: =VLOOKUP($C595,rosie!$B$7:$D$38,3,FALSE) -> 1 | N595: =VLOOKUP($C595,rosie!$B$7:$E$38,4,FALSE) -> l | O595: =IFERROR((30/J595*I595)/K595/Q595,0) -> 0.84326697 | P595: =VLOOKUP(A595,RESULTS!$A:$M,13,FALSE) -> 1 | Q595: 2 | R595: =IF(VLOOKUP(C595,rosie!B:J,8,FALSE)=0,"x_x_x_x",VLOOKUP(C595,rosie!B:J,8,FALSE)) -> 7_5_31_2023
A596: 510-_-May-31-23 | C596: =VALUE(IF(B596="",LEFT(A596,FIND("-",A596)-1),B596)) -> 510 | D596: =C596&" ("&M596&")" -> 510 (1) | E596: 4.779 | F596: 4.78 | G596: =IFERROR(VLOOKUP(F596,'rt.comb'!$A:$B,2,FALSE),F596) -> 4.78 | H596: =IFERROR(VLOOKUP(G596,compounds!$A:$D,4,FALSE),"") | I596: 8286377 | J596: =SUMIFS($I:$I,$A:$A,A596,G:G,19.5) -> 38356036 | K596: =VLOOKUP($C596,rosie!$B$7:$D$38,2,FALSE) -> 4.93 | L596: =VLOOKUP(C596,rosie!$B$7:$F$66,5,FALSE) -> 1.07 | M596: =VLOOKUP($C596,rosie!$B$7:$D$38,3,FALSE) -> 1 | N596: =VLOOKUP($C596,rosie!$B$7:$E$38,4,FALSE) -> l | O596: =IFERROR((30/J596*I596)/K596/Q596,0) -> 0.65731767 | P596: =VLOOKUP(A596,RESULTS!$A:$M,13,FALSE) -> 1 | Q596: 2 | R596: =IF(VLOOKUP(C596,rosie!B:J,8,FALSE)=0,"x_x_x_x",VLOOKUP(C596,rosie!B:J,8,FALSE)) -> 7_5_31_2023
A597: 510-_-May-31-23 | C597: =VALUE(IF(B597="",LEFT(A597,FIND("-",A597)-1),B597)) -> 510 | D597: =C597&" ("&M597&")" -> 510 (1) | E597: 4.862 | F597: 4.86 | G597: =IFERROR(VLOOKUP(F597,'rt.comb'!$A:$B,2,FALSE),F597) -> 4.86 | H597: =IFERROR(VLOOKUP(G597,compounds!$A:$D,4,FALSE),"") | I597: 29355715 | J597: =SUMIFS($I:$I,$A:$A,A597,G:G,19.5) -> 38356036 | K597: =VLOOKUP($C597,rosie!$B$7:$D$38,2,FALSE) -> 4.93 | L597: =VLOOKUP(C597,rosie!$B$7:$F$66,5,FALSE) -> 1.07 | M597: =VLOOKUP($C597,rosie!$B$7:$D$38,3,FALSE) -> 1 | N597: =VLOOKUP($C597,rosie!$B$7:$E$38,4,FALSE) -> l | O597: =IFERROR((30/J597*I597)/K597/Q597,0) -> 2.328645 | P597: =VLOOKUP(A597,RESULTS!$A:$M,13,FALSE) -> 1 | Q597: 2 | R597: =IF(VLOOKUP(C597,rosie!B:J,8,FALSE)=0,"x_x_x_x",VLOOKUP(C597,rosie!B:J,8,FALSE)) -> 7_5_31_2023
A598: 510-_-May-31-23 | C598: =VALUE(IF(B598="",LEFT(A598,FIND("-",A598)-1),B598)) -> 510 | D598: =C598&" ("&M598&")" -> 510 (1) | E598: 5.428 | F598: 5.43 | G598: =IFERROR(VLOOKUP(F598,'rt.comb'!$A:$B,2,FALSE),F598) -> 5.43 | H598: =IFERROR(VLOOKUP(G598,compounds!$A:$D,4,FALSE),"") -> hydroxymethylpentanone | I598: 49660305 | J598: =SUMIFS($I:$I,$A:$A,A598,G:G,19.5) -> 38356036 | K598: =VLOOKUP($C598,rosie!$B$7:$D$38,2,FALSE) -> 4.93 | L598: =VLOOKUP(C598,rosie!$B$7:$F$66,5,FALSE) -> 1.07 | M598: =VLOOKUP($C598,rosie!$B$7:$D$38,3,FALSE) -> 1 | N598: =VLOOKUP($C598,rosie!$B$7:$E$38,4,FALSE) -> l | O598: =IFERROR((30/J598*I598)/K598/Q598,0) -> 3.9393086 | P598: =VLOOKUP(A598,RESULTS!$A:$M,13,FALSE) -> 1 | Q598: 2 | R598: =IF(VLOOKUP(C598,rosie!B:J,8,FALSE)=0,"x_x_x_x",VLOOKUP(C598,rosie!B:J,8,FALSE)) -> 7_5_31_2023
A599: 510-_-May-31-23 | C599: =VALUE(IF(B599="",LEFT(A599,FIND("-",A599)-1),B599)) -> 510 | D599: =C599&" ("&M599&")" -> 510 (1) | E599: 5.755 | F599: 5.76 | G599: =IFERROR(VLOOKUP(F599,'rt.comb'!$A:$B,2,FALSE),F599) -> 5.76 | H599: =IFERROR(VLOOKUP(G599,compounds!$A:$D,4,FALSE),"") -> zhexenol | I599: 12652666 | J599: =SUMIFS($I:$I,$A:$A,A599,G:G,19.5) -> 38356036 | K599: =VLOOKUP($C599,rosie!$B$7:$D$38,2,FALSE) -> 4.93 | L599: =VLOOKUP(C599,rosie!$B$7:$F$66,5,FALSE) -> 1.07 | M599: =VLOOKUP($C599,rosie!$B$7:$D$38,3,FALSE) -> 1 | N599: =VLOOKUP($C599,rosie!$B$7:$E$38,4,FALSE) -> l | O599: =IFERROR((30/J599*I599)/K599/Q599,0) -> 1.003674 | P599: =VLOOKUP(A599,RESULTS!$A:$M,13,FALSE) -> 1 | Q599: 2 | R599: =IF(VLOOKUP(C599,rosie!B:J,8,FALSE)=0,"x_x_x_x",VLOOKUP(C599,rosie!B:J,8,FALSE)) -> 7_5_31_2023
A600: 510-_-May-31-23 | C600: =VALUE(IF(B600="",LEFT(A600,FIND("-",A600)-1),B600)) -> 510 | D600: =C600&" ("&M600&")" -> 510 (1) | E600: 5.891 | F600: 5.89 | G600: =IFERROR(VLOOKUP(F600,'rt.comb'!$A:$B,2,FALSE),F600) -> 5.89 | H600: =IFERROR(VLOOKUP(G600,compounds!$A:$D,4,FALSE),"") | I600: 8935422 | J600: =SUMIFS($I:$I,$A:$A,A600,G:G,19.5) -> 38356036 | K600: =VLOOKUP($C600,rosie!$B$7:$D$38,2,FALSE) -> 4.93 | L600: =VLOOKUP(C600,rosie!$B$7:$F$66,5,FALSE) -> 1.07 | M600: =VLOOKUP($C600,rosie!$B$7:$D$38,3,FALSE) -> 1 | N600: =VLOOKUP($C600,rosie!$B$7:$E$38,4,FALSE) -> l | O600: =IFERROR((30/J600*I600)/K600/Q600,0) -> 0.70880323 | P600: =VLOOKUP(A600,RESULTS!$A:$M,13,FALSE) -> 1 | Q600: 2 | R600: =IF(VLOOKUP(C600,rosie!B:J,8,FALSE)=0,"x_x_x_x",VLOOKUP(C600,rosie!B:J,8,FALSE)) -> 7_5_31_2023
A601: 510-_-May-31-23 | C601: =VALUE(IF(B601="",LEFT(A601,FIND("-",A601)-1),B601)) -> 510 | D601: =C601&" ("&M601&")" -> 510 (1) | E601: 6.111 | F601: 6.11 | G601: =IFERROR(VLOOKUP(F601,'rt.comb'!$A:$B,2,FALSE),F601) -> 6.11 | H601: =IFERROR(VLOOKUP(G601,compounds!$A:$D,4,FALSE),"") | I601: 5808424 | J601: =SUMIFS($I:$I,$A:$A,A601,G:G,19.5) -> 38356036 | K601: =VLOOKUP($C601,rosie!$B$7:$D$38,2,FALSE) -> 4.93 | L601: =VLOOKUP(C601,rosie!$B$7:$F$66,5,FALSE) -> 1.07 | M601: =VLOOKUP($C601,rosie!$B$7:$D$38,3,FALSE) -> 1 | N601: =VLOOKUP($C601,rosie!$B$7:$E$38,4,FALSE) -> l | O601: =IFERROR((30/J601*I601)/K601/Q601,0) -> 0.46075381 | P601: =VLOOKUP(A601,RESULTS!$A:$M,13,FALSE) -> 1 | Q601: 2 | R601: =IF(VLOOKUP(C601,rosie!B:J,8,FALSE)=0,"x_x_x_x",VLOOKUP(C601,rosie!B:J,8,FALSE)) -> 7_5_31_2023
A602: 510-_-May-31-23 | C602: =VALUE(IF(B602="",LEFT(A602,FIND("-",A602)-1),B602)) -> 510 | D602: =C602&" ("&M602&")" -> 510 (1) | E602: 6.449 | F602: 6.45 | G602: =IFERROR(VLOOKUP(F602,'rt.comb'!$A:$B,2,FALSE),F602) -> 6.45 | H602: =IFERROR(VLOOKUP(G602,compounds!$A:$D,4,FALSE),"") | I602: 4908920 | J602: =SUMIFS($I:$I,$A:$A,A602,G:G,19.5) -> 38356036 | K602: =VLOOKUP($C602,rosie!$B$7:$D$38,2,FALSE) -> 4.93 | L602: =VLOOKUP(C602,rosie!$B$7:$F$66,5,FALSE) -> 1.07 | M602: =VLOOKUP($C602,rosie!$B$7:$D$38,3,FALSE) -> 1 | N602: =VLOOKUP($C602,rosie!$B$7:$E$38,4,FALSE) -> l | O602: =IFERROR((30/J602*I602)/K602/Q602,0) -> 0.38940056 | P602: =VLOOKUP(A602,RESULTS!$A:$M,13,FALSE) -> 1 | Q602: 2 | R602: =IF(VLOOKUP(C602,rosie!B:J,8,FALSE)=0,"x_x_x_x",VLOOKUP(C602,rosie!B:J,8,FALSE)) -> 7_5_31_2023
A603: 510-_-May-31-23 | C603: =VALUE(IF(B603="",LEFT(A603,FIND("-",A603)-1),B603)) -> 510 | D603: =C603&" ("&M603&")" -> 510 (1) | E603: 6.717 | F603: 6.72 | G603: =IFERROR(VLOOKUP(F603,'rt.comb'!$A:$B,2,FALSE),F603) -> 6.72 | H603: =IFERROR(VLOOKUP(G603,compounds!$A:$D,4,FALSE),"") | I603: 9723114 | J603: =SUMIFS($I:$I,$A:$A,A603,G:G,19.5) -> 38356036 | K603: =VLOOKUP($C603,rosie!$B$7:$D$38,2,FALSE) -> 4.93 | L603: =VLOOKUP(C603,rosie!$B$7:$F$66,5,FALSE) -> 1.07 | M603: =VLOOKUP($C603,rosie!$B$7:$D$38,3,FALSE) -> 1 | N603: =VLOOKUP($C603,rosie!$B$7:$E$38,4,FALSE) -> l | O603: =IFERROR((30/J603*I603)/K603/Q603,0) -> 0.77128698 | P603: =VLOOKUP(A603,RESULTS!$A:$M,13,FALSE) -> 1 | Q603: 2 | R603: =IF(VLOOKUP(C603,rosie!B:J,8,FALSE)=0,"x_x_x_x",VLOOKUP(C603,rosie!B:J,8,FALSE)) -> 7_5_31_2023
A604: 510-_-May-31-23 | C604: =VALUE(IF(B604="",LEFT(A604,FIND("-",A604)-1),B604)) -> 510 | D604: =C604&" ("&M604&")" -> 510 (1) | E604: 6.792 | F604: 6.79 | G604: =IFERROR(VLOOKUP(F604,'rt.comb'!$A:$B,2,FALSE),F604) -> 6.79 | H604: =IFERROR(VLOOKUP(G604,compounds!$A:$D,4,FALSE),"") | I604: 3566369 | J604: =SUMIFS($I:$I,$A:$A,A604,G:G,19.5) -> 38356036 | K604: =VLOOKUP($C604,rosie!$B$7:$D$38,2,FALSE) -> 4.93 | L604: =VLOOKUP(C604,rosie!$B$7:$F$66,5,FALSE) -> 1.07 | M604: =VLOOKUP($C604,rosie!$B$7:$D$38,3,FALSE) -> 1 | N604: =VLOOKUP($C604,rosie!$B$7:$E$38,4,FALSE) -> l | O604: =IFERROR((30/J604*I604)/K604/Q604,0) -> 0.28290257 | P604: =VLOOKUP(A604,RESULTS!$A:$M,13,FALSE) -> 1 | Q604: 2 | R604: =IF(VLOOKUP(C604,rosie!B:J,8,FALSE)=0,"x_x_x_x",VLOOKUP(C604,rosie!B:J,8,FALSE)) -> 7_5_31_2023
... A673: 510-_-May-31-23 | C673: =VALUE(IF(B673="",LEFT(A673,FIND("-",A673)-1),B673)) -> 510 | D673: =C673&" ("&M673&")" -> 510 (1) | E673: 38.501 | F673: 38.5 | G673: =IFERROR(VLOOKUP(F673,'rt.comb'!$A:$B,2,FALSE),F673) -> 38.5 | H673: =IFERROR(VLOOKUP(G673,compounds!$A:$D,4,FALSE),"") | I673: 2216029 | J673: =SUMIFS($I:$I,$A:$A,A673,G:G,19.5) -> 38356036 | K673: =VLOOKUP($C673,rosie!$B$7:$D$38,2,FALSE) -> 4.93 | L673: =VLOOKUP(C673,rosie!$B$7:$F$66,5,FALSE) -> 1.07 | M673: =VLOOKUP($C673,rosie!$B$7:$D$38,3,FALSE) -> 1 | N673: =VLOOKUP($C673,rosie!$B$7:$E$38,4,FALSE) -> l | O673: =IFERROR((30/J673*I673)/K673/Q673,0) -> 0.17578672 | P673: =VLOOKUP(A673,RESULTS!$A:$M,13,FALSE) -> 1 | Q673: 2 | R673: =IF(VLOOKUP(C673,rosie!B:J,8,FALSE)=0,"x_x_x_x",VLOOKUP(C673,rosie!B:J,8,FALSE)) -> 7_5_31_2023
A674: 558-_-May-31-23 | B674: 588 | C674: =VALUE(IF(B674="",LEFT(A674,FIND("-",A674)-1),B674)) -> 588 | D674: =C674&" ("&M674&")" -> 588 (0) | E674: 4.269 | F674: 4.27 | G674: =IFERROR(VLOOKUP(F674,'rt.comb'!$A:$B,2,FALSE),F674) -> 4.27 | H674: =IFERROR(VLOOKUP(G674,compounds!$A:$D,4,FALSE),"") | I674: 13202776 | J674: =SUMIFS($I:$I,$A:$A,A674,G:G,19.5) -> 34576696 | K674: =VLOOKUP($C674,rosie!$B$7:$D$38,2,FALSE) -> 5.8 | L674: =VLOOKUP(C674,rosie!$B$7:$F$66,5,FALSE) -> 1.34 | M674: =VLOOKUP($C674,rosie!$B$7:$D$38,3,FALSE) -> 0 | N674: =VLOOKUP($C674,rosie!$B$7:$E$38,4,FALSE) -> l | O674: =IFERROR((30/J674*I674)/K674/Q674,0) -> 0.98751802 | P674: =VLOOKUP(A674,RESULTS!$A:$M,13,FALSE) -> 1 | Q674: 2 | R674: =IF(VLOOKUP(C674,rosie!B:J,8,FALSE)=0,"x_x_x_x",VLOOKUP(C674,rosie!B:J,8,FALSE)) -> 9_5_31_2023
A675: 558-_-May-31-23 | B675: 588 | C675: =VALUE(IF(B675="",LEFT(A675,FIND("-",A675)-1),B675)) -> 588 | D675: =C675&" ("&M675&")" -> 588 (0) | E675: 4.396 | F675: 4.4 | G675: =IFERROR(VLOOKUP(F675,'rt.comb'!$A:$B,2,FALSE),F675) -> 4.4 | H675: =IFERROR(VLOOKUP(G675,compounds!$A:$D,4,FALSE),"") | I675: 9122971 | J675: =SUMIFS($I:$I,$A:$A,A675,G:G,19.5) -> 34576696 | K675: =VLOOKUP($C675,rosie!$B$7:$D$38,2,FALSE) -> 5.8 | L675: =VLOOKUP(C675,rosie!$B$7:$F$66,5,FALSE) -> 1.34 | M675: =VLOOKUP($C675,rosie!$B$7:$D$38,3,FALSE) -> 0 | N675: =VLOOKUP($C675,rosie!$B$7:$E$38,4,FALSE) -> l | O675: =IFERROR((30/J675*I675)/K675/Q675,0) -> 0.68236394 | P675: =VLOOKUP(A675,RESULTS!$A:$M,13,FALSE) -> 1 | Q675: 2 | R675: =IF(VLOOKUP(C675,rosie!B:J,8,FALSE)=0,"x_x_x_x",VLOOKUP(C675,rosie!B:J,8,FALSE)) -> 9_5_31_2023
A676: 558-_-May-31-23 | B676: 588 | C676: =VALUE(IF(B676="",LEFT(A676,FIND("-",A676)-1),B676)) -> 588 | D676: =C676&" ("&M676&")" -> 588 (0) | E676: 4.632 | F676: 4.63 | G676: =IFERROR(VLOOKUP(F676,'rt.comb'!$A:$B,2,FALSE),F676) -> 4.63 | H676: =IFERROR(VLOOKUP(G676,compounds!$A:$D,4,FALSE),"") | I676: 10848117 | J676: =SUMIFS($I:$I,$A:$A,A676,G:G,19.5) -> 34576696 | K676: =VLOOKUP($C676,rosie!$B$7:$D$38,2,FALSE) -> 5.8 | L676: =VLOOKUP(C676,rosie!$B$7:$F$66,5,FALSE) -> 1.34 | M676: =VLOOKUP($C676,rosie!$B$7:$D$38,3,FALSE) -> 0 | N676: =VLOOKUP($C676,rosie!$B$7:$E$38,4,FALSE) -> l | O676: =IFERROR((30/J676*I676)/K676/Q676,0) -> 0.81139838 | P676: =VLOOKUP(A676,RESULTS!$A:$M,13,FALSE) -> 1 | Q676: 2 | R676: =IF(VLOOKUP(C676,rosie!B:J,8,FALSE)=0,"x_x_x_x",VLOOKUP(C676,rosie!B:J,8,FALSE)) -> 9_5_31_2023
A677: 558-_-May-31-23 | B677: 588 | C677: =VALUE(IF(B677="",LEFT(A677,FIND("-",A677)-1),B677)) -> 588 | D677: =C677&" ("&M677&")" -> 588 (0) | E677: 4.752 | F677: 4.75 | G677: =IFERROR(VLOOKUP(F677,'rt.comb'!$A:$B,2,FALSE),F677) -> 4.75 | H677: =IFERROR(VLOOKUP(G677,compounds!$A:$D,4,FALSE),"") | I677: 5343775 | J677: =SUMIFS($I:$I,$A:$A,A677,G:G,19.5) -> 34576696 | K677: =VLOOKUP($C677,rosie!$B$7:$D$38,2,FALSE) -> 5.8 | L677: =VLOOKUP(C677,rosie!$B$7:$F$66,5,FALSE) -> 1.34 | M677: =VLOOKUP($C677,rosie!$B$7:$D$38,3,FALSE) -> 0 | N677: =VLOOKUP($C677,rosie!$B$7:$E$38,4,FALSE) -> l | O677: =IFERROR((30/J677*I677)/K677/Q677,0) -> 0.39969428 | P677: =VLOOKUP(A677,RESULTS!$A:$M,13,FALSE) -> 1 | Q677: 2 | R677: =IF(VLOOKUP(C677,rosie!B:J,8,FALSE)=0,"x_x_x_x",VLOOKUP(C677,rosie!B:J,8,FALSE)) -> 9_5_31_2023
A678: 558-_-May-31-23 | B678: 588 | C678: =VALUE(IF(B678="",LEFT(A678,FIND("-",A678)-1),B678)) -> 588 | D678: =C678&" ("&M678&")" -> 588 (0) | E678: 4.793 | F678: 4.79 | G678: =IFERROR(VLOOKUP(F678,'rt.comb'!$A:$B,2,FALSE),F678) -> 4.79 | H678: =IFERROR(VLOOKUP(G678,compounds!$A:$D,4,FALSE),"") | I678: 2447459 | J678: =SUMIFS($I:$I,$A:$A,A678,G:G,19.5) -> 34576696 | K678: =VLOOKUP($C678,rosie!$B$7:$D$38,2,FALSE) -> 5.8 | L678: =VLOOKUP(C678,rosie!$B$7:$F$66,5,FALSE) -> 1.34 | M678: =VLOOKUP($C678,rosie!$B$7:$D$38,3,FALSE) -> 0 | N678: =VLOOKUP($C678,rosie!$B$7:$E$38,4,FALSE) -> l | O678: =IFERROR((30/J678*I678)/K678/Q678,0) -> 0.18306073 | P678: =VLOOKUP(A678,RESULTS!$A:$M,13,FALSE) -> 1 | Q678: 2 | R678: =IF(VLOOKUP(C678,rosie!B:J,8,FALSE)=0,"x_x_x_x",VLOOKUP(C678,rosie!B:J,8,FALSE)) -> 9_5_31_2023
A679: 558-_-May-31-23 | B679: 588 | C679: =VALUE(IF(B679="",LEFT(A679,FIND("-",A679)-1),B679)) -> 588 | D679: =C679&" ("&M679&")" -> 588 (0) | E679: 4.869 | F679: 4.87 | G679: =IFERROR(VLOOKUP(F679,'rt.comb'!$A:$B,2,FALSE),F679) -> 4.87 | H679: =IFERROR(VLOOKUP(G679,compounds!$A:$D,4,FALSE),"") | I679: 33400811 | J679: =SUMIFS($I:$I,$A:$A,A679,G:G,19.5) -> 34576696 | K679: =VLOOKUP($C679,rosie!$B$7:$D$38,2,FALSE) -> 5.8 | L679: =VLOOKUP(C679,rosie!$B$7:$F$66,5,FALSE) -> 1.34 | M679: =VLOOKUP($C679,rosie!$B$7:$D$38,3,FALSE) -> 0 | N679: =VLOOKUP($C679,rosie!$B$7:$E$38,4,FALSE) -> l | O679: =IFERROR((30/J679*I679)/K679/Q679,0) -> 2.4982551 | P679: =VLOOKUP(A679,RESULTS!$A:$M,13,FALSE) -> 1 | Q679: 2 | R679: =IF(VLOOKUP(C679,rosie!B:J,8,FALSE)=0,"x_x_x_x",VLOOKUP(C679,rosie!B:J,8,FALSE)) -> 9_5_31_2023
A680: 558-_-May-31-23 | B680: 588 | C680: =VALUE(IF(B680="",LEFT(A680,FIND("-",A680)-1),B680)) -> 588 | D680: =C680&" ("&M680&")" -> 588 (0) | E680: 5.427 | F680: 5.43 | G680: =IFERROR(VLOOKUP(F680,'rt.comb'!$A:$B,2,FALSE),F680) -> 5.43 | H680: =IFERROR(VLOOKUP(G680,compounds!$A:$D,4,FALSE),"") -> hydroxymethylpentanone | I680: 47476207 | J680: =SUMIFS($I:$I,$A:$A,A680,G:G,19.5) -> 34576696 | K680: =VLOOKUP($C680,rosie!$B$7:$D$38,2,FALSE) -> 5.8 | L680: =VLOOKUP(C680,rosie!$B$7:$F$66,5,FALSE) -> 1.34 | M680: =VLOOKUP($C680,rosie!$B$7:$D$38,3,FALSE) -> 0 | N680: =VLOOKUP($C680,rosie!$B$7:$E$38,4,FALSE) -> l | O680: =IFERROR((30/J680*I680)/K680/Q680,0) -> 3.5510418 | P680: =VLOOKUP(A680,RESULTS!$A:$M,13,FALSE) -> 1 | Q680: 2 | R680: =IF(VLOOKUP(C680,rosie!B:J,8,FALSE)=0,"x_x_x_x",VLOOKUP(C680,rosie!B:J,8,FALSE)) -> 9_5_31_2023
A681: 558-_-May-31-23 | B681: 588 | C681: =VALUE(IF(B681="",LEFT(A681,FIND("-",A681)-1),B681)) -> 588 | D681: =C681&" ("&M681&")" -> 588 (0) | E681: 5.754 | F681: 5.75 | G681: =IFERROR(VLOOKUP(F681,'rt.comb'!$A:$B,2,FALSE),F681) -> 5.76 | H681: =IFERROR(VLOOKUP(G681,compounds!$A:$D,4,FALSE),"") -> zhexenol | I681: 44306913 | J681: =SUMIFS($I:$I,$A:$A,A681,G:G,19.5) -> 34576696 | K681: =VLOOKUP($C681,rosie!$B$7:$D$38,2,FALSE) -> 5.8 | L681: =VLOOKUP(C681,rosie!$B$7:$F$66,5,FALSE) -> 1.34 | M681: =VLOOKUP($C681,rosie!$B$7:$D$38,3,FALSE) -> 0 | N681: =VLOOKUP($C681,rosie!$B$7:$E$38,4,FALSE) -> l | O681: =IFERROR((30/J681*I681)/K681/Q681,0) -> 3.3139906 | P681: =VLOOKUP(A681,RESULTS!$A:$M,13,FALSE) -> 1 | Q681: 2 | R681: =IF(VLOOKUP(C681,rosie!B:J,8,FALSE)=0,"x_x_x_x",VLOOKUP(C681,rosie!B:J,8,FALSE)) -> 9_5_31_2023
A682: 558-_-May-31-23 | B682: 588 | C682: =VALUE(IF(B682="",LEFT(A682,FIND("-",A682)-1),B682)) -> 588 | D682: =C682&" ("&M682&")" -> 588 (0) | E682: 5.889 | F682: 5.89 | G682: =IFERROR(VLOOKUP(F682,'rt.comb'!$A:$B,2,FALSE),F682) -> 5.89 | H682: =IFERROR(VLOOKUP(G682,compounds!$A:$D,4,FALSE),"") | I682: 15427477 | J682: =SUMIFS($I:$I,$A:$A,A682,G:G,19.5) -> 34576696 | K682: =VLOOKUP($C682,rosie!$B$7:$D$38,2,FALSE) -> 5.8 | L682: =VLOOKUP(C682,rosie!$B$7:$F$66,5,FALSE) -> 1.34 | M682: =VLOOKUP($C682,rosie!$B$7:$D$38,3,FALSE) -> 0 | N682: =VLOOKUP($C682,rosie!$B$7:$E$38,4,FALSE) -> l | O682: =IFERROR((30/J682*I682)/K682/Q682,0) -> 1.1539173 | P682: =VLOOKUP(A682,RESULTS!$A:$M,13,FALSE) -> 1 | Q682: 2 | R682: =IF(VLOOKUP(C682,rosie!B:J,8,FALSE)=0,"x_x_x_x",VLOOKUP(C682,rosie!B:J,8,FALSE)) -> 9_5_31_2023
A683: 558-_-May-31-23 | B683: 588 | C683: =VALUE(IF(B683="",LEFT(A683,FIND("-",A683)-1),B683)) -> 588 | D683: =C683&" ("&M683&")" -> 588 (0) | E683: 6.115 | F683: 6.12 | G683: =IFERROR(VLOOKUP(F683,'rt.comb'!$A:$B,2,FALSE),F683) -> 6.11 | H683: =IFERROR(VLOOKUP(G683,compounds!$A:$D,4,FALSE),"") | I683: 5348240 | J683: =SUMIFS($I:$I,$A:$A,A683,G:G,19.5) -> 34576696 | K683: =VLOOKUP($C683,rosie!$B$7:$D$38,2,FALSE) -> 5.8 | L683: =VLOOKUP(C683,rosie!$B$7:$F$66,5,FALSE) -> 1.34 | M683: =VLOOKUP($C683,rosie!$B$7:$D$38,3,FALSE) -> 0 | N683: =VLOOKUP($C683,rosie!$B$7:$E$38,4,FALSE) -> l | O683: =IFERROR((30/J683*I683)/K683/Q683,0) -> 0.40002825 | P683: =VLOOKUP(A683,RESULTS!$A:$M,13,FALSE) -> 1 | Q683: 2 | R683: =IF(VLOOKUP(C683,rosie!B:J,8,FALSE)=0,"x_x_x_x",VLOOKUP(C683,rosie!B:J,8,FALSE)) -> 9_5_31_2023
A684: 558-_-May-31-23 | B684: 588 | C684: =VALUE(IF(B684="",LEFT(A684,FIND("-",A684)-1),B684)) -> 588 | D684: =C684&" ("&M684&")" -> 588 (0) | E684: 6.456 | F684: 6.46 | G684: =IFERROR(VLOOKUP(F684,'rt.comb'!$A:$B,2,FALSE),F684) -> 6.46 | H684: =IFERROR(VLOOKUP(G684,compounds!$A:$D,4,FALSE),"") | I684: 5940974 | J684: =SUMIFS($I:$I,$A:$A,A684,G:G,19.5) -> 34576696 | K684: =VLOOKUP($C684,rosie!$B$7:$D$38,2,FALSE) -> 5.8 | L684: =VLOOKUP(C684,rosie!$B$7:$F$66,5,FALSE) -> 1.34 | M684: =VLOOKUP($C684,rosie!$B$7:$D$38,3,FALSE) -> 0 | N684: =VLOOKUP($C684,rosie!$B$7:$E$38,4,FALSE) -> l | O684: =IFERROR((30/J684*I684)/K684/Q684,0) -> 0.44436252 | P684: =VLOOKUP(A684,RESULTS!$A:$M,13,FALSE) -> 1 | Q684: 2 | R684: =IF(VLOOKUP(C684,rosie!B:J,8,FALSE)=0,"x_x_x_x",VLOOKUP(C684,rosie!B:J,8,FALSE)) -> 9_5_31_2023
A685: 558-_-May-31-23 | B685: 588 | C685: =VALUE(IF(B685="",LEFT(A685,FIND("-",A685)-1),B685)) -> 588 | D685: =C685&" ("&M685&")" -> 588 (0) | E685: 6.721 | F685: 6.72 | G685: =IFERROR(VLOOKUP(F685,'rt.comb'!$A:$B,2,FALSE),F685) -> 6.72 | H685: =IFERROR(VLOOKUP(G685,compounds!$A:$D,4,FALSE),"") | I685: 9134876 | J685: =SUMIFS($I:$I,$A:$A,A685,G:G,19.5) -> 34576696 | K685: =VLOOKUP($C685,rosie!$B$7:$D$38,2,FALSE) -> 5.8 | L685: =VLOOKUP(C685,rosie!$B$7:$F$66,5,FALSE) -> 1.34 | M685: =VLOOKUP($C685,rosie!$B$7:$D$38,3,FALSE) -> 0 | N685: =VLOOKUP($C685,rosie!$B$7:$E$38,4,FALSE) -> l | O685: =IFERROR((30/J685*I685)/K685/Q685,0) -> 0.68325439 | P685: =VLOOKUP(A685,RESULTS!$A:$M,13,FALSE) -> 1 | Q685: 2 | R685: =IF(VLOOKUP(C685,rosie!B:J,8,FALSE)=0,"x_x_x_x",VLOOKUP(C685,rosie!B:J,8,FALSE)) -> 9_5_31_2023
... A750: 558-_-May-31-23 | B750: 588 | C750: =VALUE(IF(B750="",LEFT(A750,FIND("-",A750)-1),B750)) -> 588 | D750: =C750&" ("&M750&")" -> 588 (0) | E750: 35.131 | F750: 35.13 | G750: =IFERROR(VLOOKUP(F750,'rt.comb'!$A:$B,2,FALSE),F750) -> 35.13 | H750: =IFERROR(VLOOKUP(G750,compounds!$A:$D,4,FALSE),"") | I750: 10055871 | J750: =SUMIFS($I:$I,$A:$A,A750,G:G,19.5) -> 34576696 | K750: =VLOOKUP($C750,rosie!$B$7:$D$38,2,FALSE) -> 5.8 | L750: =VLOOKUP(C750,rosie!$B$7:$F$66,5,FALSE) -> 1.34 | M750: =VLOOKUP($C750,rosie!$B$7:$D$38,3,FALSE) -> 0 | N750: =VLOOKUP($C750,rosie!$B$7:$E$38,4,FALSE) -> l | O750: =IFERROR((30/J750*I750)/K750/Q750,0) -> 0.75214135 | P750: =VLOOKUP(A750,RESULTS!$A:$M,13,FALSE) -> 1 | Q750: 2 | R750: =IF(VLOOKUP(C750,rosie!B:J,8,FALSE)=0,"x_x_x_x",VLOOKUP(C750,rosie!B:J,8,FALSE)) -> 9_5_31_2023
A751: 565-_-May-31-23 | C751: =VALUE(IF(B751="",LEFT(A751,FIND("-",A751)-1),B751)) -> 565 | D751: =C751&" ("&M751&")" -> 565 (1) | E751: 4.259 | F751: 4.26 | G751: =IFERROR(VLOOKUP(F751,'rt.comb'!$A:$B,2,FALSE),F751) -> 4.26 | H751: =IFERROR(VLOOKUP(G751,compounds!$A:$D,4,FALSE),"") | I751: 10455788 | J751: =SUMIFS($I:$I,$A:$A,A751,G:G,19.5) -> 39431701 | K751: =VLOOKUP($C751,rosie!$B$7:$D$38,2,FALSE) -> 6.57 | L751: =VLOOKUP(C751,rosie!$B$7:$F$66,5,FALSE) -> 1.41 | M751: =VLOOKUP($C751,rosie!$B$7:$D$38,3,FALSE) -> 1 | N751: =VLOOKUP($C751,rosie!$B$7:$E$38,4,FALSE) -> l | O751: =IFERROR((30/J751*I751)/K751/Q751,0) -> 0.60539265 | P751: =VLOOKUP(A751,RESULTS!$A:$M,13,FALSE) -> 1 | Q751: 2 | R751: =IF(VLOOKUP(C751,rosie!B:J,8,FALSE)=0,"x_x_x_x",VLOOKUP(C751,rosie!B:J,8,FALSE)) -> 9_5_31_2023
A752: 565-_-May-31-23 | C752: =VALUE(IF(B752="",LEFT(A752,FIND("-",A752)-1),B752)) -> 565 | D752: =C752&" ("&M752&")" -> 565 (1) | E752: 4.396 | F752: 4.4 | G752: =IFERROR(VLOOKUP(F752,'rt.comb'!$A:$B,2,FALSE),F752) -> 4.4 | H752: =IFERROR(VLOOKUP(G752,compounds!$A:$D,4,FALSE),"") | I752: 17688031 | J752: =SUMIFS($I:$I,$A:$A,A752,G:G,19.5) -> 39431701 | K752: =VLOOKUP($C752,rosie!$B$7:$D$38,2,FALSE) -> 6.57 | L752: =VLOOKUP(C752,rosie!$B$7:$F$66,5,FALSE) -> 1.41 | M752: =VLOOKUP($C752,rosie!$B$7:$D$38,3,FALSE) -> 1 | N752: =VLOOKUP($C752,rosie!$B$7:$E$38,4,FALSE) -> l | O752: =IFERROR((30/J752*I752)/K752/Q752,0) -> 1.0241413 | P752: =VLOOKUP(A752,RESULTS!$A:$M,13,FALSE) -> 1 | Q752: 2 | R752: =IF(VLOOKUP(C752,rosie!B:J,8,FALSE)=0,"x_x_x_x",VLOOKUP(C752,rosie!B:J,8,FALSE)) -> 9_5_31_2023
A753: 565-_-May-31-23 | C753: =VALUE(IF(B753="",LEFT(A753,FIND("-",A753)-1),B753)) -> 565 | D753: =C753&" ("&M753&")" -> 565 (1) | E753: 4.626 | F753: 4.63 | G753: =IFERROR(VLOOKUP(F753,'rt.comb'!$A:$B,2,FALSE),F753) -> 4.63 | H753: =IFERROR(VLOOKUP(G753,compounds!$A:$D,4,FALSE),"") | I753: 9615613 | J753: =SUMIFS($I:$I,$A:$A,A753,G:G,19.5) -> 39431701 | K753: =VLOOKUP($C753,rosie!$B$7:$D$38,2,FALSE) -> 6.57 | L753: =VLOOKUP(C753,rosie!$B$7:$F$66,5,FALSE) -> 1.41 | M753: =VLOOKUP($C753,rosie!$B$7:$D$38,3,FALSE) -> 1 | N753: =VLOOKUP($C753,rosie!$B$7:$E$38,4,FALSE) -> l | O753: =IFERROR((30/J753*I753)/K753/Q753,0) -> 0.55674632 | P753: =VLOOKUP(A753,RESULTS!$A:$M,13,FALSE) -> 1 | Q753: 2 | R753: =IF(VLOOKUP(C753,rosie!B:J,8,FALSE)=0,"x_x_x_x",VLOOKUP(C753,rosie!B:J,8,FALSE)) -> 9_5_31_2023
A754: 565-_-May-31-23 | C754: =VALUE(IF(B754="",LEFT(A754,FIND("-",A754)-1),B754)) -> 565 | D754: =C754&" ("&M754&")" -> 565 (1) | E754: 4.754 | F754: 4.75 | G754: =IFERROR(VLOOKUP(F754,'rt.comb'!$A:$B,2,FALSE),F754) -> 4.75 | H754: =IFERROR(VLOOKUP(G754,compounds!$A:$D,4,FALSE),"") | I754: 10847114 | J754: =SUMIFS($I:$I,$A:$A,A754,G:G,19.5) -> 39431701 | K754: =VLOOKUP($C754,rosie!$B$7:$D$38,2,FALSE) -> 6.57 | L754: =VLOOKUP(C754,rosie!$B$7:$F$66,5,FALSE) -> 1.41 | M754: =VLOOKUP($C754,rosie!$B$7:$D$38,3,FALSE) -> 1 | N754: =VLOOKUP($C754,rosie!$B$7:$E$38,4,FALSE) -> l | O754: =IFERROR((30/J754*I754)/K754/Q754,0) -> 0.62805052 | P754: =VLOOKUP(A754,RESULTS!$A:$M,13,FALSE) -> 1 | Q754: 2 | R754: =IF(VLOOKUP(C754,rosie!B:J,8,FALSE)=0,"x_x_x_x",VLOOKUP(C754,rosie!B:J,8,FALSE)) -> 9_5_31_2023
A755: 565-_-May-31-23 | C755: =VALUE(IF(B755="",LEFT(A755,FIND("-",A755)-1),B755)) -> 565 | D755: =C755&" ("&M755&")" -> 565 (1) | E755: 4.866 | F755: 4.87 | G755: =IFERROR(VLOOKUP(F755,'rt.comb'!$A:$B,2,FALSE),F755) -> 4.87 | H755: =IFERROR(VLOOKUP(G755,compounds!$A:$D,4,FALSE),"") | I755: 16981972 | J755: =SUMIFS($I:$I,$A:$A,A755,G:G,19.5) -> 39431701 | K755: =VLOOKUP($C755,rosie!$B$7:$D$38,2,FALSE) -> 6.57 | L755: =VLOOKUP(C755,rosie!$B$7:$F$66,5,FALSE) -> 1.41 | M755: =VLOOKUP($C755,rosie!$B$7:$D$38,3,FALSE) -> 1 | N755: =VLOOKUP($C755,rosie!$B$7:$E$38,4,FALSE) -> l | O755: =IFERROR((30/J755*I755)/K755/Q755,0) -> 0.98326029 | P755: =VLOOKUP(A755,RESULTS!$A:$M,13,FALSE) -> 1 | Q755: 2 | R755: =IF(VLOOKUP(C755,rosie!B:J,8,FALSE)=0,"x_x_x_x",VLOOKUP(C755,rosie!B:J,8,FALSE)) -> 9_5_31_2023
A756: 565-_-May-31-23 | C756: =VALUE(IF(B756="",LEFT(A756,FIND("-",A756)-1),B756)) -> 565 | D756: =C756&" ("&M756&")" -> 565 (1) | E756: 5.428 | F756: 5.43 | G756: =IFERROR(VLOOKUP(F756,'rt.comb'!$A:$B,2,FALSE),F756) -> 5.43 | H756: =IFERROR(VLOOKUP(G756,compounds!$A:$D,4,FALSE),"") -> hydroxymethylpentanone | I756: 119764850 | J756: =SUMIFS($I:$I,$A:$A,A756,G:G,19.5) -> 39431701 | K756: =VLOOKUP($C756,rosie!$B$7:$D$38,2,FALSE) -> 6.57 | L756: =VLOOKUP(C756,rosie!$B$7:$F$66,5,FALSE) -> 1.41 | M756: =VLOOKUP($C756,rosie!$B$7:$D$38,3,FALSE) -> 1 | N756: =VLOOKUP($C756,rosie!$B$7:$E$38,4,FALSE) -> l | O756: =IFERROR((30/J756*I756)/K756/Q756,0) -> 6.9344138 | P756: =VLOOKUP(A756,RESULTS!$A:$M,13,FALSE) -> 1 | Q756: 2 | R756: =IF(VLOOKUP(C756,rosie!B:J,8,FALSE)=0,"x_x_x_x",VLOOKUP(C756,rosie!B:J,8,FALSE)) -> 9_5_31_2023
A757: 565-_-May-31-23 | C757: =VALUE(IF(B757="",LEFT(A757,FIND("-",A757)-1),B757)) -> 565 | D757: =C757&" ("&M757&")" -> 565 (1) | E757: 5.756 | F757: 5.76 | G757: =IFERROR(VLOOKUP(F757,'rt.comb'!$A:$B,2,FALSE),F757) -> 5.76 | H757: =IFERROR(VLOOKUP(G757,compounds!$A:$D,4,FALSE),"") -> zhexenol | I757: 65526164 | J757: =SUMIFS($I:$I,$A:$A,A757,G:G,19.5) -> 39431701 | K757: =VLOOKUP($C757,rosie!$B$7:$D$38,2,FALSE) -> 6.57 | L757: =VLOOKUP(C757,rosie!$B$7:$F$66,5,FALSE) -> 1.41 | M757: =VLOOKUP($C757,rosie!$B$7:$D$38,3,FALSE) -> 1 | N757: =VLOOKUP($C757,rosie!$B$7:$E$38,4,FALSE) -> l | O757: =IFERROR((30/J757*I757)/K757/Q757,0) -> 3.7939807 | P757: =VLOOKUP(A757,RESULTS!$A:$M,13,FALSE) -> 1 | Q757: 2 | R757: =IF(VLOOKUP(C757,rosie!B:J,8,FALSE)=0,"x_x_x_x",VLOOKUP(C757,rosie!B:J,8,FALSE)) -> 9_5_31_2023
A758: 565-_-May-31-23 | C758: =VALUE(IF(B758="",LEFT(A758,FIND("-",A758)-1),B758)) -> 565 | D758: =C758&" ("&M758&")" -> 565 (1) | E758: 5.881 | F758: 5.88 | G758: =IFERROR(VLOOKUP(F758,'rt.comb'!$A:$B,2,FALSE),F758) -> 5.88 | H758: =IFERROR(VLOOKUP(G758,compounds!$A:$D,4,FALSE),"") | I758: 41752941 | J758: =SUMIFS($I:$I,$A:$A,A758,G:G,19.5) -> 39431701 | K758: =VLOOKUP($C758,rosie!$B$7:$D$38,2,FALSE) -> 6.57 | L758: =VLOOKUP(C758,rosie!$B$7:$F$66,5,FALSE) -> 1.41 | M758: =VLOOKUP($C758,rosie!$B$7:$D$38,3,FALSE) -> 1 | N758: =VLOOKUP($C758,rosie!$B$7:$E$38,4,FALSE) -> l | O758: =IFERROR((30/J758*I758)/K758/Q758,0) -> 2.4175054 | P758: =VLOOKUP(A758,RESULTS!$A:$M,13,FALSE) -> 1 | Q758: 2 | R758: =IF(VLOOKUP(C758,rosie!B:J,8,FALSE)=0,"x_x_x_x",VLOOKUP(C758,rosie!B:J,8,FALSE)) -> 9_5_31_2023
A759: 565-_-May-31-23 | C759: =VALUE(IF(B759="",LEFT(A759,FIND("-",A759)-1),B759)) -> 565 | D759: =C759&" ("&M759&")" -> 565 (1) | E759: 6.116 | F759: 6.12 | G759: =IFERROR(VLOOKUP(F759,'rt.comb'!$A:$B,2,FALSE),F759) -> 6.11 | H759: =IFERROR(VLOOKUP(G759,compounds!$A:$D,4,FALSE),"") | I759: 13748804 | J759: =SUMIFS($I:$I,$A:$A,A759,G:G,19.5) -> 39431701 | K759: =VLOOKUP($C759,rosie!$B$7:$D$38,2,FALSE) -> 6.57 | L759: =VLOOKUP(C759,rosie!$B$7:$F$66,5,FALSE) -> 1.41 | M759: =VLOOKUP($C759,rosie!$B$7:$D$38,3,FALSE) -> 1 | N759: =VLOOKUP($C759,rosie!$B$7:$E$38,4,FALSE) -> l | O759: =IFERROR((30/J759*I759)/K759/Q759,0) -> 0.79605908 | P759: =VLOOKUP(A759,RESULTS!$A:$M,13,FALSE) -> 1 | Q759: 2 | R759: =IF(VLOOKUP(C759,rosie!B:J,8,FALSE)=0,"x_x_x_x",VLOOKUP(C759,rosie!B:J,8,FALSE)) -> 9_5_31_2023
A760: 565-_-May-31-23 | C760: =VALUE(IF(B760="",LEFT(A760,FIND("-",A760)-1),B760)) -> 565 | D760: =C760&" ("&M760&")" -> 565 (1) | E760: 6.453 | F760: 6.45 | G760: =IFERROR(VLOOKUP(F760,'rt.comb'!$A:$B,2,FALSE),F760) -> 6.45 | H760: =IFERROR(VLOOKUP(G760,compounds!$A:$D,4,FALSE),"") | I760: 6394658 | J760: =SUMIFS($I:$I,$A:$A,A760,G:G,19.5) -> 39431701 | K760: =VLOOKUP($C760,rosie!$B$7:$D$38,2,FALSE) -> 6.57 | L760: =VLOOKUP(C760,rosie!$B$7:$F$66,5,FALSE) -> 1.41 | M760: =VLOOKUP($C760,rosie!$B$7:$D$38,3,FALSE) -> 1 | N760: =VLOOKUP($C760,rosie!$B$7:$E$38,4,FALSE) -> l | O760: =IFERROR((30/J760*I760)/K760/Q760,0) -> 0.37025224 | P760: =VLOOKUP(A760,RESULTS!$A:$M,13,FALSE) -> 1 | Q760: 2 | R760: =IF(VLOOKUP(C760,rosie!B:J,8,FALSE)=0,"x_x_x_x",VLOOKUP(C760,rosie!B:J,8,FALSE)) -> 9_5_31_2023
A761: 565-_-May-31-23 | C761: =VALUE(IF(B761="",LEFT(A761,FIND("-",A761)-1),B761)) -> 565 | D761: =C761&" ("&M761&")" -> 565 (1) | E761: 6.722 | F761: 6.72 | G761: =IFERROR(VLOOKUP(F761,'rt.comb'!$A:$B,2,FALSE),F761) -> 6.72 | H761: =IFERROR(VLOOKUP(G761,compounds!$A:$D,4,FALSE),"") | I761: 6571624 | J761: =SUMIFS($I:$I,$A:$A,A761,G:G,19.5) -> 39431701 | K761: =VLOOKUP($C761,rosie!$B$7:$D$38,2,FALSE) -> 6.57 | L761: =VLOOKUP(C761,rosie!$B$7:$F$66,5,FALSE) -> 1.41 | M761: =VLOOKUP($C761,rosie!$B$7:$D$38,3,FALSE) -> 1 | N761: =VLOOKUP($C761,rosie!$B$7:$E$38,4,FALSE) -> l | O761: =IFERROR((30/J761*I761)/K761/Q761,0) -> 0.38049862 | P761: =VLOOKUP(A761,RESULTS!$A:$M,13,FALSE) -> 1 | Q761: 2 | R761: =IF(VLOOKUP(C761,rosie!B:J,8,FALSE)=0,"x_x_x_x",VLOOKUP(C761,rosie!B:J,8,FALSE)) -> 9_5_31_2023
A762: 565-_-May-31-23 | C762: =VALUE(IF(B762="",LEFT(A762,FIND("-",A762)-1),B762)) -> 565 | D762: =C762&" ("&M762&")" -> 565 (1) | E762: 6.967 | F762: 6.97 | G762: =IFERROR(VLOOKUP(F762,'rt.comb'!$A:$B,2,FALSE),F762) -> 6.97 | H762: =IFERROR(VLOOKUP(G762,compounds!$A:$D,4,FALSE),"") -> nonane | I762: 13873367 | J762: =SUMIFS($I:$I,$A:$A,A762,G:G,19.5) -> 39431701 | K762: =VLOOKUP($C762,rosie!$B$7:$D$38,2,FALSE) -> 6.57 | L762: =VLOOKUP(C762,rosie!$B$7:$F$66,5,FALSE) -> 1.41 | M762: =VLOOKUP($C762,rosie!$B$7:$D$38,3,FALSE) -> 1 | N762: =VLOOKUP($C762,rosie!$B$7:$E$38,4,FALSE) -> l | O762: =IFERROR((30/J762*I762)/K762/Q762,0) -> 0.8032713 | P762: =VLOOKUP(A762,RESULTS!$A:$M,13,FALSE) -> 1 | Q762: 2 | R762: =IF(VLOOKUP(C762,rosie!B:J,8,FALSE)=0,"x_x_x_x",VLOOKUP(C762,rosie!B:J,8,FALSE)) -> 9_5_31_2023
... A1107: 983-_-May-31-23 | C1107: =VALUE(IF(B1107="",LEFT(A1107,FIND("-",A1107)-1),B1107)) -> 983 | D1107: =C1107&" ("&M1107&")" -> 983 (0) | E1107: 35.094 | F1107: 35.09 | G1107: =IFERROR(VLOOKUP(F1107,'rt.comb'!$A:$B,2,FALSE),F1107) -> 35.09 | H1107: =IFERROR(VLOOKUP(G1107,compounds!$A:$D,4,FALSE),"") | I1107: 41392997 | J1107: =SUMIFS($I:$I,$A:$A,A1107,G:G,19.5) -> 47364174 | K1107: =VLOOKUP($C1107,rosie!$B$7:$D$38,2,FALSE) -> 5.08 | L1107: =VLOOKUP(C1107,rosie!$B$7:$F$66,5,FALSE) -> 1.03 | M1107: =VLOOKUP($C1107,rosie!$B$7:$D$38,3,FALSE) -> 0 | N1107: =VLOOKUP($C1107,rosie!$B$7:$E$38,4,FALSE) -> l | O1107: =IFERROR((30/J1107*I1107)/K1107/Q1107,0) -> 2.5805035 | P1107: =VLOOKUP(A1107,RESULTS!$A:$M,13,FALSE) -> 1 | Q1107: 2 | R1107: =IF(VLOOKUP(C1107,rosie!B:J,8,FALSE)=0,"x_x_x_x",VLOOKUP(C1107,rosie!B:J,8,FALSE)) -> 6_5_31_2023
A1108: 136-F-Jun-06-23 | C1108: =VALUE(IF(B1108="",LEFT(A1108,FIND("-",A1108)-1),B1108)) -> 136 | D1108: =C1108&" ("&M1108&")" -> 136 (0) | E1108: 4.873 | F1108: =ROUND(E1108,2) -> 4.87 | G1108: =IFERROR(VLOOKUP(F1108,'rt.comb'!$A:$B,2,FALSE),F1108) -> 4.87 | H1108: =IFERROR(VLOOKUP(G1108,compounds!$A:$D,4,FALSE),"") | I1108: 59484057 | J1108: =SUMIFS($I:$I,$A:$A,A1108,G:G,19.5) -> 54720410 | K1108: =VLOOKUP($C1108,rosie!$B$7:$D$380,2,FALSE) -> 36.3 | L1108: =VLOOKUP(C1108,rosie!$B$7:$F$66,5,FALSE) -> 6.54 | M1108: =VLOOKUP($C1108,rosie!$B$7:$D$380,3,FALSE) -> 0 | N1108: =VLOOKUP($C1108,rosie!$B$7:$E$380,4,FALSE) -> f | O1108: =IFERROR((30/J1108*I1108)/K1108/Q1108,0) -> 0.44919599 | P1108: =VLOOKUP(A1108,RESULTS!$A:$M,13,FALSE) -> 2 | Q1108: 2 | R1108: =IF(VLOOKUP(C1108,rosie!B:J,8,FALSE)=0,"x_x_x_x",VLOOKUP(C1108,rosie!B:J,8,FALSE)) -> 1_6_6_2023
A1109: 136-F-Jun-06-23 | C1109: =VALUE(IF(B1109="",LEFT(A1109,FIND("-",A1109)-1),B1109)) -> 136 | D1109: =C1109&" ("&M1109&")" -> 136 (0) | E1109: 5.756 | F1109: =ROUND(E1109,2) -> 5.76 | G1109: =IFERROR(VLOOKUP(F1109,'rt.comb'!$A:$B,2,FALSE),F1109) -> 5.76 | H1109: =IFERROR(VLOOKUP(G1109,compounds!$A:$D,4,FALSE),"") -> zhexenol | I1109: 113657530 | J1109: =SUMIFS($I:$I,$A:$A,A1109,G:G,19.5) -> 54720410 | K1109: =VLOOKUP($C1109,rosie!$B$7:$D$380,2,FALSE) -> 36.3 | L1109: =VLOOKUP(C1109,rosie!$B$7:$F$66,5,FALSE) -> 6.54 | M1109: =VLOOKUP($C1109,rosie!$B$7:$D$380,3,FALSE) -> 0 | N1109: =VLOOKUP($C1109,rosie!$B$7:$E$380,4,FALSE) -> f | O1109: =IFERROR((30/J1109*I1109)/K1109/Q1109,0) -> 0.85828892 | P1109: =VLOOKUP(A1109,RESULTS!$A:$M,13,FALSE) -> 2 | Q1109: 2 | R1109: =IF(VLOOKUP(C1109,rosie!B:J,8,FALSE)=0,"x_x_x_x",VLOOKUP(C1109,rosie!B:J,8,FALSE)) -> 1_6_6_2023
A1110: 136-F-Jun-06-23 | C1110: =VALUE(IF(B1110="",LEFT(A1110,FIND("-",A1110)-1),B1110)) -> 136 | D1110: =C1110&" ("&M1110&")" -> 136 (0) | E1110: 7.513 | F1110: =ROUND(E1110,2) -> 7.51 | G1110: =IFERROR(VLOOKUP(F1110,'rt.comb'!$A:$B,2,FALSE),F1110) -> 7.51 | H1110: =IFERROR(VLOOKUP(G1110,compounds!$A:$D,4,FALSE),"") -> cyclopentane | I1110: 36769946 | J1110: =SUMIFS($I:$I,$A:$A,A1110,G:G,19.5) -> 54720410 | K1110: =VLOOKUP($C1110,rosie!$B$7:$D$380,2,FALSE) -> 36.3 | L1110: =VLOOKUP(C1110,rosie!$B$7:$F$66,5,FALSE) -> 6.54 | M1110: =VLOOKUP($C1110,rosie!$B$7:$D$380,3,FALSE) -> 0 | N1110: =VLOOKUP($C1110,rosie!$B$7:$E$380,4,FALSE) -> f | O1110: =IFERROR((30/J1110*I1110)/K1110/Q1110,0) -> 0.27766957 | P1110: =VLOOKUP(A1110,RESULTS!$A:$M,13,FALSE) -> 2 | Q1110: 2 | R1110: =IF(VLOOKUP(C1110,rosie!B:J,8,FALSE)=0,"x_x_x_x",VLOOKUP(C1110,rosie!B:J,8,FALSE)) -> 1_6_6_2023
A1111: 136-F-Jun-06-23 | C1111: =VALUE(IF(B1111="",LEFT(A1111,FIND("-",A1111)-1),B1111)) -> 136 | D1111: =C1111&" ("&M1111&")" -> 136 (0) | E1111: 7.818 | F1111: =ROUND(E1111,2) -> 7.82 | G1111: =IFERROR(VLOOKUP(F1111,'rt.comb'!$A:$B,2,FALSE),F1111) -> 7.82 | H1111: =IFERROR(VLOOKUP(G1111,compounds!$A:$D,4,FALSE),"") | I1111: 360339995 | J1111: =SUMIFS($I:$I,$A:$A,A1111,G:G,19.5) -> 54720410 | K1111: =VLOOKUP($C1111,rosie!$B$7:$D$380,2,FALSE) -> 36.3 | L1111: =VLOOKUP(C1111,rosie!$B$7:$F$66,5,FALSE) -> 6.54 | M1111: =VLOOKUP($C1111,rosie!$B$7:$D$380,3,FALSE) -> 0 | N1111: =VLOOKUP($C1111,rosie!$B$7:$E$380,4,FALSE) -> f | O1111: =IFERROR((30/J1111*I1111)/K1111/Q1111,0) -> 2.7211204 | P1111: =VLOOKUP(A1111,RESULTS!$A:$M,13,FALSE) -> 2 | Q1111: 2 | R1111: =IF(VLOOKUP(C1111,rosie!B:J,8,FALSE)=0,"x_x_x_x",VLOOKUP(C1111,rosie!B:J,8,FALSE)) -> 1_6_6_2023
A1112: 136-F-Jun-06-23 | C1112: =VALUE(IF(B1112="",LEFT(A1112,FIND("-",A1112)-1),B1112)) -> 136 | D1112: =C1112&" ("&M1112&")" -> 136 (0) | E1112: 8.01 | F1112: =ROUND(E1112,2) -> 8.01 | G1112: =IFERROR(VLOOKUP(F1112,'rt.comb'!$A:$B,2,FALSE),F1112) -> 8.01 | H1112: =IFERROR(VLOOKUP(G1112,compounds!$A:$D,4,FALSE),"") -> apinene | I1112: 1410315076 | J1112: =SUMIFS($I:$I,$A:$A,A1112,G:G,19.5) -> 54720410 | K1112: =VLOOKUP($C1112,rosie!$B$7:$D$380,2,FALSE) -> 36.3 | L1112: =VLOOKUP(C1112,rosie!$B$7:$F$66,5,FALSE) -> 6.54 | M1112: =VLOOKUP($C1112,rosie!$B$7:$D$380,3,FALSE) -> 0 | N1112: =VLOOKUP($C1112,rosie!$B$7:$E$380,4,FALSE) -> f | O1112: =IFERROR((30/J1112*I1112)/K1112/Q1112,0) -> 10.650045 | P1112: =VLOOKUP(A1112,RESULTS!$A:$M,13,FALSE) -> 2 | Q1112: 2 | R1112: =IF(VLOOKUP(C1112,rosie!B:J,8,FALSE)=0,"x_x_x_x",VLOOKUP(C1112,rosie!B:J,8,FALSE)) -> 1_6_6_2023
A1113: 136-F-Jun-06-23 | C1113: =VALUE(IF(B1113="",LEFT(A1113,FIND("-",A1113)-1),B1113)) -> 136 | D1113: =C1113&" ("&M1113&")" -> 136 (0) | E1113: 8.467 | F1113: =ROUND(E1113,2) -> 8.47 | G1113: =IFERROR(VLOOKUP(F1113,'rt.comb'!$A:$B,2,FALSE),F1113) -> 8.47 | H1113: =IFERROR(VLOOKUP(G1113,compounds!$A:$D,4,FALSE),"") | I1113: 51509385 | J1113: =SUMIFS($I:$I,$A:$A,A1113,G:G,19.5) -> 54720410 | K1113: =VLOOKUP($C1113,rosie!$B$7:$D$380,2,FALSE) -> 36.3 | L1113: =VLOOKUP(C1113,rosie!$B$7:$F$66,5,FALSE) -> 6.54 | M1113: =VLOOKUP($C1113,rosie!$B$7:$D$380,3,FALSE) -> 0 | N1113: =VLOOKUP($C1113,rosie!$B$7:$E$380,4,FALSE) -> f | O1113: =IFERROR((30/J1113*I1113)/K1113/Q1113,0) -> 0.38897497 | P1113: =VLOOKUP(A1113,RESULTS!$A:$M,13,FALSE) -> 2 | Q1113: 2 | R1113: =IF(VLOOKUP(C1113,rosie!B:J,8,FALSE)=0,"x_x_x_x",VLOOKUP(C1113,rosie!B:J,8,FALSE)) -> 1_6_6_2023
A1114: 136-F-Jun-06-23 | C1114: =VALUE(IF(B1114="",LEFT(A1114,FIND("-",A1114)-1),B1114)) -> 136 | D1114: =C1114&" ("&M1114&")" -> 136 (0) | E1114: 9.373 | F1114: =ROUND(E1114,2) -> 9.37 | G1114: =IFERROR(VLOOKUP(F1114,'rt.comb'!$A:$B,2,FALSE),F1114) -> 9.37 | H1114: =IFERROR(VLOOKUP(G1114,compounds!$A:$D,4,FALSE),"") | I1114: 901115277 | J1114: =SUMIFS($I:$I,$A:$A,A1114,G:G,19.5) -> 54720410 | K1114: =VLOOKUP($C1114,rosie!$B$7:$D$380,2,FALSE) -> 36.3 | L1114: =VLOOKUP(C1114,rosie!$B$7:$F$66,5,FALSE) -> 6.54 | M1114: =VLOOKUP($C1114,rosie!$B$7:$D$380,3,FALSE) -> 0 | N1114: =VLOOKUP($C1114,rosie!$B$7:$E$380,4,FALSE) -> f | O1114: =IFERROR((30/J1114*I1114)/K1114/Q1114,0) -> 6.8048044 | P1114: =VLOOKUP(A1114,RESULTS!$A:$M,13,FALSE) -> 2 | Q1114: 2 | R1114: =IF(VLOOKUP(C1114,rosie!B:J,8,FALSE)=0,"x_x_x_x",VLOOKUP(C1114,rosie!B:J,8,FALSE)) -> 1_6_6_2023
A1115: 136-F-Jun-06-23 | C1115: =VALUE(IF(B1115="",LEFT(A1115,FIND("-",A1115)-1),B1115)) -> 136 | D1115: =C1115&" ("&M1115&")" -> 136 (0) | E1115: 9.978 | F1115: =ROUND(E1115,2) -> 9.98 | G1115: =IFERROR(VLOOKUP(F1115,'rt.comb'!$A:$B,2,FALSE),F1115) -> 9.98 | H1115: =IFERROR(VLOOKUP(G1115,compounds!$A:$D,4,FALSE),"") | I1115: 6577197554 | J1115: =SUMIFS($I:$I,$A:$A,A1115,G:G,19.5) -> 54720410 | K1115: =VLOOKUP($C1115,rosie!$B$7:$D$380,2,FALSE) -> 36.3 | L1115: =VLOOKUP(C1115,rosie!$B$7:$F$66,5,FALSE) -> 6.54 | M1115: =VLOOKUP($C1115,rosie!$B$7:$D$380,3,FALSE) -> 0 | N1115: =VLOOKUP($C1115,rosie!$B$7:$E$380,4,FALSE) -> f | O1115: =IFERROR((30/J1115*I1115)/K1115/Q1115,0) -> 49.667943 | P1115: =VLOOKUP(A1115,RESULTS!$A:$M,13,FALSE) -> 2 | Q1115: 2 | R1115: =IF(VLOOKUP(C1115,rosie!B:J,8,FALSE)=0,"x_x_x_x",VLOOKUP(C1115,rosie!B:J,8,FALSE)) -> 1_6_6_2023
...

Sheet PIVOT2
B2: =IFERROR(VLOOKUP(B4,compounds!$A:$B,2,FALSE),"") | C2: =IFERROR(VLOOKUP(C4,compounds!$A:$B,2,FALSE),"") | D2: =IFERROR(VLOOKUP(D4,compounds!$A:$B,2,FALSE),"") | E2: =IFERROR(VLOOKUP(E4,compounds!$A:$B,2,FALSE),"") | F2: =IFERROR(VLOOKUP(F4,compounds!$A:$B,2,FALSE),"") | G2: =IFERROR(VLOOKUP(G4,compounds!$A:$B,2,FALSE),"") | H2: =IFERROR(VLOOKUP(H4,compounds!$A:$B,2,FALSE),"") | I2: =IFERROR(VLOOKUP(I4,compounds!$A:$B,2,FALSE),"") | ... AD2: =IFERROR(VLOOKUP(AD4,compounds!$A:$B,2,FALSE),"") | AF2: =IFERROR(VLOOKUP(AF4,compounds!$A:$B,2,FALSE),"") | AG2: =IFERROR(VLOOKUP(AG4,compounds!$A:$B,2,FALSE),"") | AH2: =IFERROR(VLOOKUP(AH4,compounds!$A:$B,2,FALSE),"") | AI2: =IFERROR(VLOOKUP(AI4,compounds!$A:$B,2,FALSE),"") | AJ2: =IFERROR(VLOOKUP(AJ4,compounds!$A:$B,2,FALSE),"") -> 4-hydroxy-4-methyl-2-pentanone | AK2: =IFERROR(VLOOKUP(AK4,compounds!$A:$B,2,FALSE),"") | AL2: =IFERROR(VLOOKUP(AL4,compounds!$A:$B,2,FALSE),"") | AM2: =IFERROR(VLOOKUP(AM4,compounds!$A:$B,2,FALSE),"") | ... VJ2: =IFERROR(VLOOKUP(VJ4,compounds!$A:$B,2,FALSE),"")
A3: Sum of area | B3: Column Labels
A4: Row Labels | B4: 4.11 | C4: 4.12 | D4: 4.22 | E4: 4.24 | F4: 4.25 | G4: 4.26 | H4: 4.27 | I4: 4.28 | J4: 4.29 | K4: 4.32 | L4: 4.36 | M4: 4.37 | N4: 4.38 | O4: 4.39 | P4: 4.4 | Q4: 4.52 | R4: 4.59 | S4: 4.61 | T4: 4.62 | U4: 4.63 | V4: 4.64 | W4: 4.66 | X4: 4.75 | Y4: 4.76 | Z4: 4.77 | AA4: 4.78 | AB4: 4.79 | AC4: 4.8 | AD4: 4.85 | AE4: 4.86 | AF4: 4.87 | AG4: 4.88 | AH4: 4.91 | AI4: 5.04 | AJ4: 5.43 | AK4: 5.55 | AL4: 5.65 | AM4: 5.66 | AN4: 5.67 | AO4: 5.71 | AP4: 5.74 | AQ4: 5.76 | AR4: 5.8 | AS4: 5.82 | AT4: 5.83 | AU4: 5.86 | AV4: 5.87 | AW4: 5.88 | AX4: 5.89 | AY4: 5.9 | AZ4: 5.96 | BA4: 6.05 | BB4: 6.07 | BC4: 6.11 | BD4: 6.13 | BE4: 6.44 | BF4: 6.45 | BG4: 6.46 | BH4: 6.49 | BI4: 6.72 | BJ4: 6.73 | BK4: 6.79 | BL4: 6.8 | BM4: 6.87 | BN4: 6.88 | BO4: 6.97 | BP4: 7.02 | BQ4: 7.03 | BR4: 7.07 | BS4: 7.1 | BT4: 7.47 | BU4: 7.51 | BV4: 7.56 | BW4: 7.57 | BX4: 7.58 | BY4: 7.81 | BZ4: 7.82 | CA4: 7.83 | CB4: 7.84 | CC4: 7.91 | CD4: 8.01 | CE4: 8.05 | CF4: 8.17 | CG4: 8.18 | CH4: 8.19 | CI4: 8.2 | CJ4: 8.21 | CK4: 8.22 | CL4: 8.23 | CM4: 8.38 | CN4: 8.39 | CO4: 8.46 | CP4: 8.47 | CQ4: 8.48 | CR4: 8.76 | CS4: 8.84 | CT4: 8.88 | CU4: 8.92 | CV4: 8.95 | CW4: 8.96 | CX4: 8.97 | CY4: 9.05 | CZ4: 9.06 | DA4: 9.3 | DB4: 9.31 | DC4: 9.32 | DD4: 9.37 | DE4: 9.39 | DF4: 9.54 | DG4: 9.55 | DH4: 9.82 | DI4: 9.9 | DJ4: 9.91 | DK4: 9.92 | DL4: 9.93 | DM4: 9.94 | DN4: 9.95 | DO4: 9.96 | DP4: 9.97 | DQ4: 9.98 | DR4: 10.01 | DS4: 10.16 | DT4: 10.26 | DU4: 10.31 | DV4: 10.33 | DW4: 10.34 | DX4: 10.35 | DY4: 10.36 | DZ4: 10.37 | EA4: 10.38 | EB4: 10.39 | EC4: 10.4 | ED4: 10.41 | EE4: 10.44 | EF4: 10.48 | EG4: 10.53 | EH4: 10.55 | EI4: 10.67 | EJ4: 10.68 | EK4: 10.72 | EL4: 10.74 | EM4: 10.75 | EN4: 10.76 | EO4: 10.77 | EP4: 10.78 | EQ4: 10.79 | ER4: 10.8 | ES4: 10.81 | ET4: 10.83 | EU4: 10.84 | EV4: 10.94 | EW4: 10.96 | EX4: 11.07 | EY4: 11.12 | EZ4: 11.15 | FA4: 11.18 | FB4: 11.19 | FC4: 11.22 | FD4: 11.24 | FE4: 11.26 | FF4: 11.27 | FG4: 11.28 | FH4: 11.31 | FI4: 11.32 | FJ4: 11.33 | FK4: 11.34 | FL4: 11.37 | FM4: 11.38 | FN4: 11.41 | FO4: 11.42 | FP4: 11.44 | FQ4: 11.45 | FR4: 11.46 | FS4: 11.47 | FT4: 11.48 | FU4: 11.52 | FV4: 11.58 | FW4: 11.59 | FX4: 11.6 | FY4: 11.76 | FZ4: 11.8 | GA4: 11.81 | GB4: 11.82 | GC4: 11.83 | GD4: 11.93 | GE4: 11.94 | GF4: 12.02 | GG4: 12.03 | GH4: 12.04 | GI4: 12.05 | GJ4: 12.06 | GK4: 12.07 | GL4: 12.08 | GM4: 12.09 | GN4: 12.1 | GO4: 12.11 | GP4: 12.29 | GQ4: 12.31 | GR4: 12.32 | GS4: 12.33 | GT4: 12.4 | GU4: 12.41 | GV4: 12.62 | GW4: 12.63 | GX4: 12.67 | GY4: 12.75 | GZ4: 12.76 | HA4: 12.86 | HB4: 12.88 | HC4: 12.99 | HD4: 13 | HE4: 13.01 | HF4: 13.1 | HG4: 13.17 | HH4: 13.18 | HI4: 13.2 | HJ4: 13.21 | HK4: 13.22 | HL4: 13.25 | HM4: 13.26 | HN4: 13.27 | HO4: 13.28 | HP4: 13.29 | HQ4: 13.3 | HR4: 13.31 | HS4: 13.35 | HT4: 13.36 | HU4: 13.37 | HV4: 13.38 | HW4: 13.39 | HX4: 13.43 | HY4: 13.44 | HZ4: 13.45 | IA4: 13.51 | IB4: 13.66 | IC4: 13.73 | ID4: 13.77 | IE4: 13.78 | IF4: 13.89 | IG4: 13.99 | IH4: 14.16 | II4: 14.17 | IJ4: 14.18 | IK4: 14.28 | IL4: 14.29 | IM4: 14.3 | IN4: 14.31 | IO4: 14.32 | IP4: 14.35 | IQ4: 14.38 | IR4: 14.39 | IS4: 14.51 | IT4: 14.52 | IU4: 14.53 | IV4: 14.54 | IW4: 14.55 | IX4: 14.56 | IY4: 14.63 | IZ4: 14.64 | JA4: 14.69 | JB4: 14.73 | JC4: 14.76 | JD4: 14.85 | JE4: 14.86 | JF4: 14.87 | JG4: 14.88 | JH4: 14.91 | JI4: 14.95 | JJ4: 14.97 | JK4: 15.06 | JL4: 15.07 | JM4: 15.11 | JN4: 15.12 | JO4: 15.13 | JP4: 15.16 | JQ4: 15.21 | JR4: 15.22 | JS4: 15.26 | JT4: 15.27 | JU4: 15.44 | JV4: 15.46 | JW4: 15.47 | JX4: 15.49 | JY4: 15.71 | JZ4: 15.9 | KA4: 15.93 | KB4: 15.94 | KC4: 16 | KD4: 16.02 | KE4: 16.03 | KF4: 16.04 | KG4: 16.1 | KH4: 16.11 | KI4: 16.12 | KJ4: 16.13 | KK4: 16.21 | KL4: 16.23 | KM4: 16.26 | KN4: 16.27 | KO4: 16.36 | KP4: 16.48 | KQ4: 16.55 | KR4: 16.73 | KS4: 16.74 | KT4: 16.75 | KU4: 16.84 | KV4: 16.85 | KW4: 16.91 | KX4: 16.92 | KY4: 16.93 | KZ4: 16.94 | LA4: 17.03 | LB4: 17.19 | LC4: 17.2 | LD4: 17.27 | LE4: 17.33 | LF4: 17.4 | LG4: 17.42 | LH4: 17.43 | LI4: 17.59 | LJ4: 17.63 | LK4: 17.64 | LL4: 17.65 | LM4: 17.91 | LN4: 17.92 | LO4: 17.93 | LP4: 18.05 | LQ4: 18.18 | LR4: 18.27 | LS4: 18.28 | LT4: 18.4 | LU4: 18.41 | LV4: 18.42 | LW4: 18.43 | LX4: 18.44 | LY4: 18.5 | LZ4: 18.51 | MA4: 18.52 | MB4: 18.59 | MC4: 18.65 | MD4: 18.67 | ME4: 18.69 | MF4: 18.77 | MG4: 18.95 | MH4: 18.96 | MI4: 18.97 | MJ4: 18.99 | MK4: 19.02 | ML4: 19.1 | MM4: 19.11 | MN4: 19.12 | MO4: 19.18 | MP4: 19.19 | MQ4: 19.27 | MR4: 19.28 | MS4: 19.4 | MT4: 19.45 | MU4: 19.5 | MV4: 19.59 | MW4: 19.76 | MX4: 19.88 | MY4: 19.9 | MZ4: 20.06 | NA4: 20.11 | NB4: 20.12 | NC4: 20.13 | ND4: 20.14 | NE4: 20.15 | NF4: 20.19 | NG4: 20.2 | NH4: 20.25 | NI4: 20.26 | NJ4: 20.27 | NK4: 20.28 | NL4: 20.33 | NM4: 20.36 | NN4: 20.39 | NO4: 20.6 | NP4: 20.61 | NQ4: 20.62 | NR4: 20.63 | NS4: 20.64 | NT4: 20.65 | NU4: 20.76 | NV4: 20.8 | NW4: 20.89 | NX4: 20.9 | NY4: 21.1 | NZ4: 21.11 | OA4: 21.18 | OB4: 21.23 | OC4: 21.24 | OD4: 21.26 | OE4: 21.28 | OF4: 21.29 | OG4: 21.33 | OH4: 21.37 | OI4: 21.38 | OJ4: 21.51 | OK4: 21.52 | OL4: 21.53 | OM4: 21.63 | ON4: 21.64 | OO4: 21.65 | OP4: 21.84 | OQ4: 21.98 | OR4: 21.99 | OS4: 22.03 | OT4: 22.04 | OU4: 22.07 | OV4: 22.17 | OW4: 22.29 | OX4: 22.3 | OY4: 22.31 | OZ4: 22.32 | PA4: 22.41 | PB4: 22.42 | PC4: 22.52 | PD4: 22.59 | PE4: 22.66 | PF4: 22.69 | PG4: 22.7 | PH4: 22.71 | PI4: 22.72 | PJ4: 22.73 | PK4: 22.8 | PL4: 22.82 | PM4: 22.9 | PN4: 22.99 | PO4: 23.1 | PP4: 23.11 | PQ4: 23.15 | PR4: 23.19 | PS4: 23.2 | PT4: 23.28 | PU4: 23.31 | PV4: 23.32 | PW4: 23.41 | PX4: 23.44 | PY4: 23.45 | PZ4: 23.46 | QA4: 23.52 | QB4: 23.54 | QC4: 23.67 | QD4: 23.8 | QE4: 23.84 | QF4: 23.85 | QG4: 23.88 | QH4: 23.9 | QI4: 23.91 | QJ4: 23.96 | QK4: 23.97 | QL4: 24.04 | QM4: 24.09 | QN4: 24.1 | QO4: 24.14 | QP4: 24.15 | QQ4: 24.24 | QR4: 24.25 | QS4: 24.33 | QT4: 24.34 | QU4: 24.41 | QV4: 24.42 | QW4: 24.43 | QX4: 24.6 | QY4: 24.62 | QZ4: 24.68 | RA4: 24.76 | RB4: 24.77 | RC4: 24.97 | RD4: 24.98 | RE4: 25.09 | RF4: 25.12 | RG4: 25.32 | RH4: 25.41 | RI4: 25.58 | RJ4: 25.89 | RK4: 26.06 | RL4: 26.07 | RM4: 26.24 | RN4: 26.25 | RO4: 26.31 | RP4: 26.36 | RQ4: 26.37 | RR4: 26.41 | RS4: 26.42 | RT4: 26.69 | RU4: 26.7 | RV4: 26.93 | RW4: 26.99 | RX4: 27.19 | RY4: 27.2 | RZ4: 27.38 | SA4: 27.54 | SB4: 28.2 | SC4: 28.21 | SD4: 28.36 | SE4: 28.43 | SF4: 28.44 | SG4: 28.51 | SH4: 28.79 | SI4: 28.82 | SJ4: 28.92 | SK4: 28.93 | SL4: 29.26 | SM4: 29.65 | SN4: 29.66 | SO4: 31.06 | SP4: 31.23 | SQ4: 31.24 | SR4: 31.25 | SS4: 31.42 | ST4: 31.61 | SU4: 31.62 | SV4: 32 | SW4: 32.01 | SX4: 32.38 | SY4: 32.39 | SZ4: 32.5 | TA4: 32.87 | TB4: 32.88 | TC4: 33.09 | TD4: 33.1 | TE4: 33.47 | TF4: 33.79 | TG4: 33.8 | TH4: 34.83 | TI4: 34.95 | TJ4: 35.09 | TK4: 35.1 | TL4: 35.13 | TM4: 35.84 | TN4: 36 | TO4: 36.01 | TP4: 36.07 | TQ4: 36.37 | TR4: 37.28 | TS4: 37.4 | TT4: 37.69 | TU4: 38.5 | TV4: 39.37 | TW4: 39.81 | TX4: (blank) | TY4: Grand Total
A5: 10 (0) | I5: 10547387 | L5: 367269522 | AJ5: 134868164 | AQ5: 830271702 | AU5: 287257859 | BC5: 67484218 | BI5: 11847345 | BO5: 20207509 | BS5: 63676011 | BU5: 15813038 | CP5: 11813817 | CU5: 41888710 | DH5: 18504210 | DU5: 168050066 | EF5: 1462325962 | EX5: 11190169 | EZ5: 43078746 | GP5: 27456319 | GU5: 23732517 | HI5: 15197547 | HW5: 15089006 | IA5: 587694068 | IB5: 16348691 | JP5: 7955249 | JX5: 33047875 | JY5: 11598706 | KC5: 35310067 | KK5: 19446732 | KO5: 23226888 | KQ5: 717673350 | LH5: 58779267 | LK5: 35717089 | LM5: 106338599 | LQ5: 47011345 | MB5: 43863998 | ME5: 25560303 | MJ5: 42675422 | ML5: 9375344 | MP5: 18026131 | MS5: 113846040 | MT5: 47293450 | MU5: 46115552 | NX5: 34750297 | NY5: 25435943 | OP5: 27361914 | OU5: 72333722 | OW5: 17773794 | PR5: 26544789 | QS5: 123416276 | QX5: 98914904 | RL5: 10108429 | RO5: 8189198 | RT5: 12387219 | RW5: 62914149 | RZ5: 12245955 | SH5: 17017741 | SK5: 56086396 | SL5: 137293088 | SQ5: 162757930 | SS5: 9624619 | SU5: 27358358 | SY5: 28897750 | SZ5: 12327502 | TB5: 358440965 | TI5: 12168932 | TL5: 86614349 | TQ5: 22410179 | TY5: 7157848388
A6: 1107 (1) | N6: 6943880 | AD6: 9831980 | AJ6: 63051647 | AL6: 9239216 | AQ6: 820051548 | BC6: 46127469 | BU6: 8210483 | CM6: 6119672 | CP6: 10988380 | CU6: 21750883 | DF6: 13476196 | DH6: 12788445 | DJ6: 13943313 | DS6: 10779076 | DX6: 72456147 | EF6: 198385434 | EK6: 9126748 | EV6: 10904369 | EX6: 4966584 | EZ6: 8993258 | GD6: 5548324 | GF6: 8093316 | GP6: 10773837 | HI6: 20691805 | HS6: 14351728 | IA6: 45709792 | IF6: 141169136 | JI6: 5804494 | JP6: 11210798 | KC6: 55866165 | KK6: 54998228 | KO6: 54876280 | KQ6: 49296916 | LE6: 19519312 | LH6: 52088963 | LQ6: 18048064 | ME6: 13860118 | MJ6: 19327459 | MU6: 34500202 | MX6: 18981866 | OJ6: 9266296 | OP6: 35171067 | OU6: 5555616 | OW6: 14831068 | PB6: 12056564 | QS6: 5053837 | RK6: 36871233 | SV6: 14090153 | TY6: 2145747365
A7: 1172 (0) | L7: 9931746 | P7: 7472488 | AF7: 29238131 | AJ7: 183125654 | AQ7: 146781955 | AW7: 29393202 | BS7: 7547455 | BU7: 15453571 | CN7: 5172546 | CP7: 9849935 | CU7: 30798531 | DH7: 4043839 | DU7: 54025950 | EF7: 33461019 | GP7: 15369092 | IA7: 157703398 | IF7: 32829788 | JT7: 9252052 | JX7: 8614478 | JY7: 7496827 | KK7: 14623965 | KO7: 15989316 | KQ7: 130048381 | LH7: 7683502 | LQ7: 32868695 | MB7: 6473101 | ME7: 24204433 | MJ7: 19536204 | MS7: 12165134 | MU7: 66859001 | NC7: 15220946 | NF7: 16379950 | OP7: 17375744 | OU7: 14787593 | OW7: 17928428 | PF7: 25413643 | PO7: 34743925 | QB7: 9834199 | QS7: 19862158 | QX7: 6289165 | RX7: 8325677 | SC7: 14019361 | SF7: 24714592 | SK7: 20036539 | SL7: 6995498 | SQ7: 16795845 | TB7: 39409527 | TJ7: 20566257 | TL7: 7795989 | TY7: 1464508425
A8: 1223 (1) | O8: 10731317 | AE8: 9582539 | AJ8: 9525220 | AQ8: 78232039 | AX8: 19524092 | BC8: 9635056 | BF8: 4549074 | BU8: 17120241 | CM8: 4213270 | CP8: 11395764 | CU8: 21360737 | DH8: 8742932 | DK8: 16374722 | DS8: 6184489 | DT8: 7755440 | DX8: 24929839 | EF8: 111615131 | EX8: 3823392 | GG8: 5475314 | HI8: 8808438 | HL8: 19187464 | IA8: 22754274 | IF8: 250551863 | JB8: 18820781 | JP8: 10680491 | KC8: 23426189 | KH8: 7273349 | KK8: 27996503 | KO8: 33128436 | KQ8: 21408844 | LE8: 95311371 | LH8: 34790087 | LQ8: 11376030 | MC8: -1978943 | MI8: 8868908 | MU8: 28108287 | MX8: 10646541 | NO8: 5135394 | OP8: 19300005 | OU8: 5893217 | OV8: 5888418 | OW8: 5507720 | PB8: 131210765 | PT8: 5184952 | QS8: 4099144 | RA8: 7890822 | RD8: 11290004 | RK8: 23903534 | RP8: 5493391 | RR8: 4346130 | SQ8: 5417973 | SV8: 6529986 | TJ8: 11061789 | TY8: 1270082765
A9: 13 (1) | D9: 2880155 | N9: 4716741 | R9: 5870122 | X9: 4526880 | AD9: 12823625 | AJ9: 6585236 | AQ9: 16418875 | AY9: 11707671 | BC9: 5970790 | BE9: 3386216 | BS9: 8073640 | BU9: 21847318 | CB9: 1193614 | CL9: 3084152 | CM9: 4205673 | CO9: 11105132 | CU9: 8036580 | DH9: 13749148 | DM9: 12323921 | DS9: 3027074 | DY9: 27958986 | EF9: 29865084 | EW9: 4724628 | FA9: 10755832 | GB9: 3384757 | GH9: 6960362 | GP9: 9085939 | HT9: 3840066 | IA9: 56161819 | IF9: 17084406 | IS9: 2792965 | JB9: 3805671 | JI9: 6416684 | JP9: 5212600 | JT9: 4898250 | JX9: 2899225 | JY9: 2660276 | KC9: 8047672 | KI9: 2760843 | KK9: 7216310 | KO9: 19149951 | KQ9: 50154660 | LE9: 12428321 | LH9: 15237714 | LO9: 2647463 | LQ9: 10236242 | MA9: 2916879 | MB9: 2002119 | MC9: 3033237 | ME9: 2767273 | MF9: 2313987 | MJ9: 4933543 | MP9: 3088846 | MS9: 5007190 | MU9: 26724218 | MX9: 5294596 | ND9: 1690207 | NP9: 3793314 | OF9: 9414864 | OM9: 2727386 | OP9: 22484005 | OU9: 5298650 | OW9: 16161676 | PB9: 3052187 | PG9: 3202431 | PL9: 2459751 | PP9: 3533156 | PR9: 4714989 | QE9: 1943863 | QN9: 1689866 | QR9: 2492936 | QS9: 5033215 | QX9: 3192829 | RF9: 2324344 | RL9: 5036651 | RT9: 6555883 | RW9: 2581885 | SB9: 4542348 | SK9: 2790390 | SQ9: 5614234 | SV9: 24006801 | TY9: 692339038
A10: 136 (0) | AF10: 59484057 | AQ10: 113657530 | BU10: 36769946 | BZ10: 360339995 | CD10: 1410315076 | CP10: 51509385 | DD10: 901115277 | DQ10: 6577197554 | ED10: 751330993 | ER10: 173624964 | FJ10: 17094200639 | FT10: 1383189510 | GB10: 3527410289 | GM10: 163885534 | GS10: 35162703 | GZ10: 33207426 | HE10: 732764836 | HN10: 160388079 | IA10: 206130453 | IF10: 1923545988 | IL10: 467316516 | IR10: 289877014 | IU10: 73525746 | IZ10: 126197753 | JI10: 688929223 | JM10: 216882744 | JV10: 95512287 | JY10: 89766613 | KE10: 192523826 | KK10: 82793799 | KO10: 191508566 | KQ10: 75022698 | KR10: 23205126 | KZ10: 201596920 | LB10: 233010356 | LL10: 100013615 | LO10: 20616945 | LQ10: 47721456 | LW10: 140180429 | ME10: 95785825 | ML10: 109266456 | MS10: 69016687 | MU10: 54720410 | MW10: 23732048 | NB10: 77432395 | NJ10: 63847723 | OB10: 41578275 | OH10: 40701754 | OP10: 24776020 | OT10: 77579561 | OZ10: 409295936 | PD10: 52315647 | PI10: 141154223 | PP10: 85064295 | PU10: 180542349 | QB10: 40768390 | QC10: 30603101 | QD10: 40248104 | QU10: 31735645 | QX10: 314128508 | RC10: 79588421 | RN10: 21906595 | RV10: 47805190 | SL10: 21518930 | TA10: 18546499 | TY10: 41245090853
A11: 140 (0) | I11: 7856625 | L11: 89231194 | AF11: 18159247 | AJ11: 94616773 | AQ11: 246403709 | BU11: 14954492 | CV11: 40578026 | DU11: 22690878 | EF11: 1452076393 | IA11: 83353925 | IF11: 12726375 | KK11: 17864320 | KO11: 13683037 | KQ11: 63520678 | LQ11: 20534086 | MJ11: 12211328 | MU11: 42224269 | OP11: 21789049 | OU11: 12240745 | PB11: 48767241 | QS11: 25538840 | SK11: 9126287 | SL11: 9534934 | TB11: 19141017 | TY11: 2398823468
A12: 147 (0) | K12: 8273246 | AC12: 23909272 | AJ12: 164360884 | AO12: 383379729 | AT12: 91416189 | BR12: 25987392 | BT12: 17047642 | CT12: 40202120 | DH12: 8926078 | DU12: 93306902 | EF12: 1685361528 | EI12: 27172118 | EX12: 9984551 | EZ12: 59114995 | FV12: 20962515 | GP12: 37722448 | GT12: 7322953 | HT12: 20867137 | HW12: 13619487 | IA12: 392369311 | JI12: 35859512 | JS12: 22225932 | JX12: 31803527 | JY12: 18925458 | KC12: 12772855 | KK12: 40872479 | KO12: 72170012 | KQ12: 349775327 | LH12: 106381080 | LN12: 13549661 | LQ12: 89830142 | MB12: 17916816 | ME12: 56629376 | MJ12: 26911368 | MS12: 43741792 | MT12: 27308959 | MU12: 42065388 | NC12: 39204389 | NF12: 40661145 | NX12: 14597362 | OO12: 17611639 | OP12: 57874188 | OU12: 63631882 | OW12: 18632073 | PF12: 82556398 | PO12: 103049699 | PR12: 21528499 | QB12: 14711496 | QS12: 20245218 | QX12: 26917351 | RT12: 15960908 | RW12: 19797229 | RX12: 15636258 | SK12: 10710680 | SL12: 30715250 | SQ12: 74486530 | SU12: 31041440 | TB12: 92332910 | TL12: 35876183 | TO12: 5164180 | TY12: 4992989088
A13: 16 (0) | AE13: 5030527 | AJ13: 30379210 | AQ13: 40570921 | AX13: 10362467 | BU13: 15271059 | CM13: 4508240 | CP13: 9060520 | CU13: 10764086 | DH13: 16145318 | DJ13: 20559267 | DU13: 12372271 | EX13: 2925488 | FY13: 14349702 | GG13: 6106575 | GP13: 4590413 | HM13: 11087866 | HT13: 7455023 | IA13: 46578642 | IF13: 264822220 | JD13: 9864349 | JI13: 6679970 | JP13: 8826822 | KC13: 9890474 | KH13: 9823636 | KK13: 22536456 | KO13: 33897019 | KQ13: 41100911 | LH13: 74870865 | LQ13: 5853329 | LZ13: 3555975 | MI13: 9590856 | MO13: 3904017 | MU13: 29702423 | NP13: 5758230 | OM13: 4667993 | OP13: 35162775 | OU13: 5018022 | OW13: 25389672 | PB13: 81282614 | PR13: 4413621 | QQ13: 3940090 | QS13: 7023519 | RA13: 17654362 | RC13: 16870115 | RT13: 7794089 | RW13: 3679089 | SJ13: 4112829 | SQ13: 16993017 | ST13: 6653395 | SV13: 46978800 | TN13: 2503610 | TY13: 1098932759
A14: 169 (0) | O14: 4825258 | AA14: 8866946 | AE14: 9394071 | AJ14: 60466784 | AQ14: 91801559 | AX14: 19602951 | BC14: 6621669 | BF14: 3872020 | BU14: 11314166 | BW14: 3225954 | CM14: 3878126 | CP14: 8234460 | CU14: 8710880 | DH14: 7903469 | DL14: 8804785 | DS14: 3906199 | DU14: 13851629 | DX14: 11189913 | EF14: 189179336 | EW14: 3882360 | GA14: 7950823 | GG14: 6002475 | HT14: 5177285 | IA14: 34008822 | IF14: 20876474 | JA14: 4798018 | JD14: 5109386 | JP14: 15422940 | JU14: 8177827 | KC14: 4036333 | KK14: 8321487 | KO14: 35115450 | KQ14: 35059368 | LH14: 17741466 | LQ14: 5040663 | MC14: 8058620 | MJ14: 14139689 | MP14: 2916112 | MQ14: 4289930 | MS14: 3157947 | MU14: 32928597 | MY14: 4029353 | ND14: 4186134 | NG14: 4554485 | NO14: 11277211 | OP14: 20945184 | OU14: 4786884 | OW14: 9272362 | PC14: 3215017 | PF14: 4073639 | PL14: 7262979 | PM14: 3554983 | PP14: 5841447 | PR14: 6878343 | QM14: 9585103 | QR14: 3731907 | QS14: 2963760 | RD14: 4435599 | RG14: 3140636 | RL14: 3659441 | RW14: 2930255 | SQ14: 10631377 | SV14: 5115267 | TA14: 2987013 | TJ14: 15989396 | TY14: 912910022
A15: 179 (1) | O15: 6975878 | AF15: 13167261 | AJ15: 14229651 | BM15: 26709963 | BU15: 8107366 | BZ15: 8559255 | CD15: 139465836 | CP15: 10195356 | DA15: 6708214 | DD15: 20381606 | DI15: 62845371 | DU15: 25430826 | EX15: 650380571 | FY15: 11017026 | GG15: 10729741 | IA15: 39650903 | IO15: 10500113 | IQ15: 6160243 | IT15: 6985142 | JP15: 7382129 | KQ15: 50467807 | KY15: 9696915 | LD15: 48594042 | LF15: 11662734 | LQ15: 33412968 | MA15: 30210419 | ME15: 25864012 | MK15: 14559601 | ML15: 267524828 | MS15: 6686960 | MU15: 47504927 | ND15: 5476723 | NM15: 8497342 | OW15: 34901972 | PG15: 8398086 | PP15: 7863994 | TY15: 1696905781
A16: 199 (0) | AJ16: 145040591 | AQ16: 80638465 | BC16: 85270223 | BU16: 32235697 | BY16: 138035666 | CD16: 214865402 | CP16: 34918694 | CU16: 31707454 | CY16: 30568204 | DB16: 121345981 | DD16: 130431034 | DN16: 4154260292 | EA16: 490324350 | EF16: 138137452 | EL16: 155662815 | FD16: 10391559923 | FP16: 613822213 | FY16: 1862962369 | GK16: 96697040 | GP16: 53048811 | HD16: 270618688 | HH16: 20004578 | HP16: 39851479 | HU16: 23215330 | HY16: 45370733 | IA16: 125430265 | IE16: 124856319 | IF16: 279800347 | IG16: 114140495 | II16: 76540345 | IL16: 140537273 | IR16: 314064325 | IU16: 59607941 | IY16: 78116913 | JE16: 22055265 | JI16: 291051742 | JM16: 91430885 | JV16: 62790244 | JY16: 70825145 | KA16: 35191350 | KE16: 41229527 | KG16: 48221877 | KM16: 105898161 | KO16: 200451540 | KQ16: 113603292 | KS16: 33273962 | KU16: 90139542 | KY16: 191977427 | LB16: 137308514 | LH16: 53875222 | LI16: 60636457 | LL16: 55034575 | LQ16: 36288584 | LX16: 116142103 | ME16: 64315673 | MJ16: 67586159 | ML16: 30824477 | MS16: 42540376 | MU16: 87889929 | NC16: 37580050 | NI16: 140933361 | OM16: 13452390 | OP16: 32108915 | OS16: 100494962 | OW16: 170714328 | PD16: 43260166 | PG16: 45652264 | PK16: 20637727 | PN16: 16588421 | PP16: 56752623 | PV16: 153480856 | PW16: 94996235 | QB16: 72212477 | QH16: 28439652 | QS16: 16524514 | QX16: 668793974 | RC16: 108288997 | RH16: 22375615 | RX16: 26421599 | SW16: 14100719 | TA16: 19426779 | TY16: 24767506359
A17: 221 (1) | AJ17: 32483682 | BY17: 413522289 | CD17: 682822454 | CY17: 94041661 | DB17: 309607373 | DD17: 394872565 | DO17: 5131793657 | EB17: 454458073 | EP17: 79836163 | EZ17: 6242564088 | FH17: 7779150287 | FR17: 156890343 | FY17: 333134199 | GL17: 71835256 | GP17: 31836562 | HD17: 218498054 | HG17: 21252784 | HQ17: 40386445 | HZ17: 104648657 | IA17: 87015819 | IE17: 149338070 | IF17: 132586981 | IG17: 271295787 | II17: 91766849 | IL17: 53180063 | IR17: 433036769 | IU17: 82192234 | IY17: 167677333 | JI17: 93593673 | JM17: 231254311 | JV17: 129684698 | JY17: 71775695 | KA17: 55729794 | KD17: 206598726 | KO17: 307637378 | KQ17: 121974977 | KR17: 39879170 | KV17: 134474470 | KY17: 319549453 | LB17: 365592786 | LL17: 140496826 | LQ17: 35940577 | LV17: 82043394 | LZ17: 63493311 | ME17: 103741693 | MJ17: 45558283 | ML17: 49197062 | MS17: 101488394 | MU17: 54213108 | MW17: 23952868 | NB17: 72242996 | NI17: 89867947 | OC17: 20095318 | OP17: 16765223 | OT17: 46786658 | OY17: 195485250 | PG17: 29085687 | PP17: 61312379 | PV17: 56377791 | PW17: 19817014 | QB17: 39382944 | QF17: 35364169 | QX17: 171760252 | RC17: 25495021 | TY17: 27719433793
A18: 222 (0) | O18: 41601435 | AF18: 15067341 | AJ18: 40900770 | AQ18: 50427320 | BU18: 40349931 | BZ18: 534981082 | CD18: 926698310 | CP18: 35391198 | CZ18: 136304132 | DB18: 259686165 | DD18: 321438786 | DO18: 4887471098 | DY18: 113196932 | EO18: 43226001 | FG18: 12651553090 | FQ18: 164016612 | FY18: 1106667444 | GK18: 75534221 | HD18: 394176592 | HG18: 26103943 | HN18: 124659569 | IA18: 110666614 | IE18: 254695635 | IF18: 1404560979 | IJ18: 50093393 | IL18: 55271477 | IR18: 703252818 | IU18: 73882340 | IY18: 60383358 | JT18: 96116922 | JV18: 44509016 | JY18: 103390787 | KA18: 38148429 | KD18: 171870994 | KO18: 596309460 | KQ18: 89688251 | KS18: 25877599 | KV18: 322444799 | KY18: 462504614 | LB18: 103793066 | LH18: 62485515 | LL18: 73695988 | LQ18: 90698040 | LW18: 32175931 | LZ18: 28902184 | ME18: 82339007 | MH18: 83221939 | ML18: 30591281 | MS18: 35620015 | MU18: 59814231 | NC18: 23175931 | NI18: 99636362 | OP18: 17082263 | OS18: 62126910 | OW18: 130035080 | PD18: 34007089 | PG18: 32494547 | PK18: 14141911 | PP18: 29267637 | PV18: 76793493 | PW18: 24444373 | QB18: 49117570 | QX18: 422108528 | RC18: 65391694 | RH18: 14294164 | SL18: 18448356 | TY18: 28449022562
A19: 246 (1) | E19: 6623850 | L19: 5244996 | O19: 12053314 | T19: 5820250 | AE19: 18951719 | AJ19: 128548384 | AQ19: 96563381 | AX19: 18563809 | BC19: 8893183 | BI19: 4399008 | BO19: 6560958 | BS19: 8422892 | BU19: 7304198 | CH19: 13995789 | CN19: 4414643 | CP19: 9529684 | CU19: 8167510 | CX19: 16324043 | DH19: 4144493 | DU19: 34228653 | EF19: 116322703 | EX19: 2680550 | HU19: 8663639 | IA19: 87072827 | IF19: 69477185 | JT19: 6356246 | KO19: 9953581 | KQ19: 100851466 | LQ19: 17600423 | MB19: 4913410 | ME19: 11009198 | MJ19: 12749293 | MP19: 5069709 | MS19: 9583854 | MT19: 14733721 | MU19: 30533038 | OP19: 17331953 | OU19: 10169281 | OW19: 8845866 | PS19: 6655393 | QS19: 27889274 | QX19: 5959300 | SK19: 7479553 | SL19: 7334901 | SQ19: 15897294 | TB19: 43028697 | TI19: 5756593 | TK19: 10983151 | TL19: 29175409 | TY19: 1122832265
A20: 247 (0) | I20: 16316492 | P20: 19645489 | V20: 6154850 | AF20: 5280326 | AJ20: 301930103 | AM20: 10401972 | AQ20: 591758040 | AV20: 122246862 | BC20: 41037581 | BI20: 13674541 | BO20: 18728093 | BS20: 17470397 | BU20: 10611613 | CG20: 14763021 | CN20: 6512066 | CP20: 12963522 | CU20: 38633631 | DH20: 19270561 | DK20: 26212646 | DS20: 7742926 | DU20: 64002560 | EF20: 38747766 | EX20: 9611154 | EY20: 60184831 | GP20: 49560669 | HS20: 27469233 | IA20: 173084092 | IF20: 24842768 | JP20: 10072646 | JS20: 23226275 | JX20: 11654762 | JY20: 13043040 | KK20: 22856215 | KO20: 39089905 | KQ20: 175201579 | LA20: 12665114 | LH20: 43274917 | LN20: 47181171 | LQ20: 94146815 | MB20: 9323721 | ME20: 47631201 | MJ20: 43172644 | MP20: 12191866 | MS20: 27200300 | MT20: 42628387 | MU20: 57141843 | NC20: 6380808 | NX20: 9975318 | OM20: 9546749 | OP20: 63712550 | OU20: 24440419 | OW20: 20865605 | PF20: 15464252 | PP20: 12275872 | PR20: 8678020 | QP20: 9834953 | QS20: 74879163 | QX20: 45812639 | RL20: 5440561 | RT20: 22554280 | RW20: 37245003 | RX20: 13488017 | SC20: 14584093 | SH20: 11084096 | SK20: 45963968 | SL20: 96763481 | SM20: 10831787 | SO20: 7273736 | SQ20: 70428443 | SS20: 11224233 | SU20: 9482118 | SW20: 7875459 | SY20: 16838957 | TB20: 223549124 | TC20: 14767302 | TE20: 11160976 | TF20: 5880275 | TH20: 3595483 | TI20: 8971729 | TK20: 34981823 | TL20: 63337977 | TM20: 733619 | TP20: 3634108 | TQ20: 31993430 | TR20: 12868477 | TT20: 6759505 | TW20: 6978818 | TY20: 3592717432
A21: 25 (1) | O21: 3221513 | T21: 1092089 | AE21: 6398430 | AJ21: 53581516 | AQ21: 24184505 | AX21: 5326514 | AZ21: 4547738 | BF21: 1077794 | BP21: 2475373 | BS21: 4236266 | BU21: 11660114 | BV21: 3573912 | CM21: 3842764 | CP21: 8465577 | CU21: 8802623 | DH21: 8112129 | DM21: 12399915 | DS21: 5237861 | DU21: 23663748 | EF21: 34409050 | EW21: 4080444 | EX21: 3065680 | EZ21: 13342379 | FX21: 4847775 | FY21: 4077946 | GA21: 6065084 | GG21: 7334594 | GP21: 17683099 | HA21: 2881247 | HI21: 4554974 | HT21: 10062548 | HX21: 3999217 | IA21: 51641179 | IF21: 27911963 | IP21: 2725439 | IS21: 2936061 | JB21: 3703280 | JE21: 3202759 | JI21: 9329926 | JP21: 7082439 | JT21: 3059863 | JU21: 2504742 | JY21: 2489411 | KC21: 4575584 | KI21: 3296925 | KK21: 5812044 | KO21: 39236142 | KQ21: 43997854 | LE21: 5129225 | LH21: 9050054 | LQ21: 7416443 | MA21: 2545933 | MC21: 4096983 | ME21: 3371248 | MJ21: 14755636 | MP21: 4939973 | MR21: 3373322 | MS21: 3926197 | MU21: 30635289 | MY21: 3613299 | ND21: 4732812 | NG21: 6363833 | NO21: 5208598 | OF21: 4761724 | OM21: 5273488 | OP21: 56190980 | OU21: 5975421 | OW21: 24223841 | PB21: 14489076 | PG21: 5535057 | PL21: 3114866 | PP21: 8144758 | PR21: 3882951 | QN21: 5036810 | QO21: 4441963 | QR21: 2827740 | QS21: 6820889 | QX21: 3146845 | RD21: 3004670 | RI21: 2583279 | RL21: 3154023 | RT21: 10785582 | RW21: 3909131 | SB21: 12342501 | SE21: 2530306 | SI21: 4611558 | SJ21: 2456107 | SQ21: 39463705 | ST21: 8982206 | SV21: 17708879 | SX21: 5144290 | TA21: 82545110 | TY21: 984056630
A22: 298 (0) | E22: 2200599 | O22: 3820286 | Q22: 1080269 | S22: 2993946 | W22: 2228211 | Z22: 2897249 | AE22: 7060212 | AH22: 2862074 | AJ22: 18326944 | AQ22: 1759355 | AX22: 3323575 | BC22: 3270983 | BE22: 3509853 | BH22: 980006 | BI22: 1096281 | BK22: 2587076 | BO22: 1736671 | BQ22: 1220600 | BS22: 3347816 | BU22: 12621355 | BW22: 3911527 | CB22: 2628071 | CC22: 2144679 | CD22: 2477805 | CK22: 1860836 | CN22: 4421304 | CP22: 9976828 | CU22: 4821462 | DH22: 1573611 | DM22: 3013268 | DS22: 2806910 | DU22: 7958981 | DZ22: 6053980 | EF22: 3220059 | EW22: 2003304 | EX22: 1350125 | EZ22: 1839397 | GG22: 6137358 | GP22: 2944658 | HT22: 3245443 | HX22: 2273751 | IA22: 24012058 | IF22: 1501278 | JI22: 1553866 | JP22: 4309016 | JT22: 4381970 | JY22: 2005728 | KI22: 1182567 | KO22: 13917454 | KQ22: 21417612 | KR22: 2271168 | LH22: 5555708 | LO22: 1510552 | LQ22: 16358934 | MC22: 2368957 | ME22: 7881301 | MJ22: 10075681 | MP22: 1493889 | MS22: 2249059 | MU22: 24391985 | MY22: 1360867 | NE22: 1032532 | NQ22: 923726 | OM22: 1098752 | OP22: 12537731 | OU22: 2833189 | OW22: 3944500 | PH22: 2239374 | QI22: 1660354 | QR22: 1453648 | QS22: 1779971 | QX22: 967619 | RT22: 2021499 | SQ22: 1625692 | TY22: 339504955
A23: 328 (0) | AF23: 11823624 | AJ23: 93440763 | AM23: 42186118 | AS23: 2160583870 | BC23: 151386241 | BU23: 8666262 | CP23: 11330856 | DH23: 40432558 | DI23: 23419780 | DY23: 315833677 | EF23: 489517612 | EK23: 51564936 | EX23: 43064465 | FY23: 47213275 | GD23: 10594225 | GP23: 44361884 | HW23: 18548609 | IA23: 58024964 | IF23: 299890756 | JB23: 19343106 | JD23: 74938394 | JT23: 13124558 | JY23: 11387870 | KC23: 475702322 | KH23: 17402095 | KK23: 77571081 | KO23: 16108305 | KQ23: 38809177 | LE23: 103415281 | LG23: 50599257 | LQ23: 20851875 | ME23: 14994769 | MJ23: 28526311 | MU23: 53173740 | MV23: 11767260 | MX23: 75724856 | NC23: 18587507 | NG23: 20456844 | OI23: 17769542 | OK23: 101615038 | OP23: 28313627 | OV23: 22621584 | OW23: 66753876 | PB23: 244695363 | PF23: 41067504 | PP23: 26263668 | PT23: 16314789 | PZ23: 31196334 | QA23: 14151907 | QK23: 186056277 | QQ23: 8443617 | QT23: 17968783 | RD23: 9506367 | RL23: 87038376 | TB23: 13172632 | TJ23: 41702649 | TY23: 6039021016
A24: 333 (0) | P24: 32771926 | AG24: 32866116 | AJ24: 100391100 | AQ24: 20272684 | BU24: 28849959 | BZ24: 382640376 | CD24: 432313550 | CP24: 46749858 | CU24: 34777314 | CZ24: 81116984 | DB24: 498705732 | DM24: 3855648478 | DX24: 127065850 | EO24: 24843506 | FF24: 10216989120 | FR24: 1211795709 | FY24: 1151173546 | GL24: 90452736 | GP24: 61218641 | HD24: 270989251 | HG24: 32769718 | HM24: 63001380 | HY24: 45257318 | IA24: 110252895 | IE24: 106165271 | IF24: 448448571 | IG24: 120393550 | II24: 77176191 | IK24: 421659712 | IR24: 265333804 | IU24: 83424141 | IY24: 97551479 | JI24: 989194762 | JM24: 76784242 | JV24: 71153129 | JY24: 130812046 | KA24: 44995504 | KD24: 60647920 | KH24: 56799524 | KN24: 96319266 | KO24: 380757014 | KQ24: 94789012 | KR24: 34368046 | KU24: 186796860 | KX24: 252613209 | LB24: 169348772 | LH24: 40888850 | LL24: 86263913 | LN24: 34596480 | LQ24: 54818579 | LW24: 140677215 | ME24: 108158979 | MJ24: 59472539 | ML24: 47007685 | MS24: 72380932 | MU24: 85854951 | NB24: 62461217 | NI24: 252284711 | NQ24: 75234790 | OM24: 37043268 | OP24: 57114233 | OS24: 156974510 | OW24: 129528435 | PD24: 47956413 | PF24: 41134987 | PK24: 21227242 | PN24: 15824749 | PP24: 53361729 | PV24: 152243531 | PW24: 36075741 | QB24: 86136879 | QH24: 32275242 | QL24: 15206660 | QR24: 18907141 | QS24: 14116493 | QX24: 733442999 | RC24: 91493456 | RH24: 19080832 | SG24: 16970664 | TY24: 26114661817
A25: 335 (1) | O25: 17781133 | AF25: 43021795 | AJ25: 287284050 | AQ25: 111168995 | BC25: 56827955 | BU25: 30936545 | BZ25: 516276515 | CD25: 1309011440 | CU25: 44533319 | DB25: 721816751 | DO25: 5187625591 | EC25: 788437774 | EO25: 151217800 | FG25: 13859148543 | FS25: 1504702912 | FZ25: 3352474740 | GM25: 148747453 | GS25: 36185391 | HE25: 439170949 | HO25: 126625642 | IA25: 120440935 | IF25: 1161846846 | IL25: 438734296 | IR25: 191119225 | IU25: 35599296 | IZ25: 47169841 | JI25: 871952263 | JQ25: 60004093 | JY25: 56238209 | KK25: 128636488 | KO25: 189048334 | KQ25: 90418250 | KZ25: 137427269 | LB25: 45211117 | LH25: 34681234 | LL25: 77940595 | LR25: 136705319 | ME25: 69656959 | MJ25: 138208932 | MU25: 69279025 | OH25: 24319203 | ON25: 28874820 | OP25: 57878710 | OT25: 130049193 | OY25: 268106088 | PD25: 103162847 | PJ25: 79926008 | PN25: 46789786 | PV25: 299829946 | QB25: 85671850 | QC25: 22622472 | QH25: 64863106 | QW25: 49705713 | QX25: 899929471 | RC25: 181390865 | RH25: 17726391 | RM25: 15490465 | RV25: 32284770 | RX25: 47648377 | SL25: 32628975 | TB25: 15488509 | TY25: 35337701384
A26: 339 (1) | O26: 12459491 | AF26: 10009956 | AJ26: 220568043 | AQ26: 68646677 | AX26: 14814598 | BS26: 12416416 | BU26: 11119176 | CN26: 5248082 | CP26: 12798830 | CU26: 28834920 | DI26: 14370590 | DU26: 34970692 | EF26: 34262325 | EX26: 63482201 | GG26: 9862934 | GP26: 16095390 | IA26: 74552434 | IF26: 6838554 | JT26: 26128315 | JY26: 12452420 | KK26: 15301325 | KO26: 24867914 | KQ26: 67644973 | LH26: 107120673 | LN26: 9896405 | LQ26: 131306617 | ME26: 64256649 | MJ26: 45503346 | MS26: 7176312 | MT26: 19105331 | MU26: 37563255 | ND26: 13165241 | NG26: 10029621 | OP26: 21389682 | OU26: 13242395 | OW26: 42389350 | PB26: 8037332 | PF26: 20896054 | PP26: 7118587 | QI26: 13594572 | QX26: 9421000 | RW26: 15434949 | SA26: 9553656 | TJ26: 8426920 | TY26: 1412374203
A27: 35 (0) | O27: 4528119 | AE27: 6691360 | AJ27: 32472665 | AX27: 9814439 | BC27: 3888458 | BF27: 1469651 | BS27: 6977802 | BU27: 12648413 | BW27: 3921268 | CM27: 4852767 | CP27: 9853890 | CU27: 12644446 | DH27: 26215045 | DL27: 15607213 | DS27: 4852992 | DU27: 28325983 | EW27: 4536118 | EZ27: 7963781 | GG27: 9714516 | GP27: 15613408 | GU27: 3986697 | HT27: 10672448 | IA27: 81656539 | IF27: 10469974 | IX27: 10224252 | JD27: 5122423 | JI27: 6963331 | JP27: 11774236 | JU27: 3778782 | JX27: 5222648 | KO27: 29541311 | KQ27: 124004784 | LQ27: 5777241 | MB27: 3977602 | MC27: 1915280 | MI27: 10826255 | MP27: 4707971 | MS27: 11135190 | MU27: 44170248 | ND27: 1399036 | NP27: 5652828 | OM27: 4458533 | OP27: 39811829 | OU27: 10874562 | OW27: 30888009 | PB27: 4601536 | PP27: 4892961 | PR27: 9289450 | QN27: 3187747 | QO27: 3579336 | QS27: 6456019 | QX27: 4781496 | RT27: 8655655 | RW27: 4031392 | SC27: 8248879 | SK27: 3242959 | SQ27: 23177889 | SU27: 3977084 | SV27: 24609877 | TA27: 3670215 | TY27: 818006838
A28: 371 (1) | O28: 3486591 | T28: 2844462 | AD28: 7032789 | AJ28: 52377150 | AQ28: 113378741 | AW28: 29014738 | BC28: 10956711 | BE28: 4460209 | BS28: 4230831 | BU28: 18258749 | CB28: 703841 | CM28: 3987046 | CP28: 8746364 | CR28: 3648735 | CU28: 13909561 | DH28: 11770611 | DJ28: 20165268 | DS28: 5247244 | DU28: 31610154 | EF28: 132640283 | EW28: 4061573 | EX28: 3501389 | EZ28: 7094647 | GE28: 6917084 | GG28: 8858637 | GP28: 16317087 | HI28: 2796920 | HT28: 7693102 | IA28: 67275113 | IF28: 55212517 | IS28: 3110354 | JB28: 4099101 | JE28: 5254761 | JI28: 11867514 | JP28: 14554525 | JT28: 4078031 | JU28: 4413293 | JX28: 4690952 | JY28: 2645347 | KC28: 47368989 | KH28: 6950602 | KK28: 72489501 | KO28: 42367385 | KQ28: 82264133 | LE28: 11768881 | LH28: 24704374 | LQ28: 5807120 | MA28: 3086793 | MB28: 3713822 | MC28: 6488794 | MF28: 2581162 | MJ28: 14675797 | MP28: 5902948 | MS28: 8167944 | MU28: 34975737 | MX28: 9741517 | ND28: 4101303 | NG28: 4226673 | NR28: 5517005 | NW28: 3112690 | OF28: 4000444 | OJ28: 9820353 | OM28: 6887682 | OP28: 47508847 | OU28: 8029670 | OW28: 23607281 | PB28: 43238318 | PG28: 2825358 | PP28: 2720776 | PR28: 5733217 | PZ28: 4025705 | QI28: 3349488 | QO28: 5026348 | QR28: 3754609 | QS28: 8783061 | QV28: 2837143 | QX28: 5109789 | RA28: 13118670 | RD28: 9959019 | RF28: 2694964 | RL28: 18996786 | RT28: 9119812 | RW28: 4634303 | SB28: 9274530 | SI28: 9614099 | SJ28: 6853296 | SL28: 5321930 | SQ28: 11160901 | ST28: 3958634 | SV28: 27869745 | TA28: 1864533 | TY28: 1434624506
A29: 390 (1) | L29: 104502423 | Q29: 10503359 | AF29: 15872865 | AJ29: 105401055 | AQ29: 512677175 | BC29: 77699690 | BM29: 112172836 | BS29: 24640997 | BU29: 26324845 | BY29: 230966643 | CD29: 771488826 | CP29: 44985024 | CW29: 66117166 | CY29: 42381458 | DA29: 123045814 | DD29: 234568266 | DK29: 2136986265 | EB29: 731865256 | EL29: 104074580 | FA29: 7391391535 | FP29: 1055470364 | FY29: 1071493983 | GN29: 40225890 | HD29: 54487737 | HP29: 67531194 | HY29: 21043216 | IA29: 104067674 | IE29: 52066428 | IF29: 274821026 | IG29: 57891256 | IJ29: 35238505 | IL29: 314992822 | IR29: 218614399 | IU29: 49732220 | IZ29: 32455015 | JE29: 31832072 | JI29: 48744452 | JN29: 57617989 | JT29: 23621899 | JV29: 39258759 | JY29: 22954241 | KI29: 49891446 | KK29: 25071590 | KO29: 87477586 | KQ29: 135381451 | KU29: 29148701 | KZ29: 94076944 | LB29: 55503225 | LD29: 60183086 | LH29: 50021669 | LL29: 40276631 | LQ29: 27148305 | LU29: 24672400 | MA29: 17753145 | ME29: 34389060 | MM29: 519904199 | MS29: 21709360 | MU29: 67567048 | MX29: 20552616 | NC29: 19912024 | NF29: 14473641 | OA29: 17335341 | OU29: 22183860 | OW29: 89214600 | PE29: 59717287 | PP29: 36241067 | PV29: 16507442 | PW29: 17867893 | QB29: 15985138 | QF29: 23177560 | QX29: 120863566 | RC29: 11741723 | RW29: 12929323 | SI29: 24730938 | SL29: 14434493 | SQ29: 17442417 | SV29: 13245591 | TA29: 29336618 | TY29: 18479896203
A30: 394 (1) | I30: 15547488 | L30: 233323115 | AG30: 32304449 | AJ30: 383723762 | AK30: 11888694 | AN30: 35099465 | AT30: 2715899369 | BB30: 71552274 | BD30: 214445950 | BJ30: 8900748 | BO30: 15803724 | BS30: 18318790 | BU30: 10518633 | CQ30: 11299986 | CS30: 10895797 | CU30: 253377494 | DF30: 37349052 | DH30: 16230368 | DU30: 48610892 | FL30: 48772467 | GD30: 10476636 | GM30: 41154033 | GP30: 13441785 | HT30: 13408352 | IA30: 156733449 | IF30: 30081740 | JT30: 16398351 | JY30: 8957752 | KC30: 6933869 | KQ30: 178498253 | LQ30: 38599637 | MB30: 8353854 | ME30: 18646039 | MJ30: 23606374 | MS30: 17666046 | MT30: 26538904 | MU30: 36699569 | NC30: 3754007 | OP30: 7727549 | OU30: 15598554 | OW30: 18751567 | PB30: 26356541 | PF30: 12094973 | PP30: 7671684 | QS30: 13672803 | SA30: 10102237 | SQ30: 16341773 | TB30: 39780377 | TY30: 5011909225
A31: 399 (1) | M31: 25202779 | AF31: 18359761 | AJ31: 105115073 | AQ31: 412107109 | BC31: 40956523 | BU31: 27312484 | BZ31: 362103328 | CD31: 475171479 | CP31: 41058410 | CZ31: 91778399 | DB31: 556339357 | DG31: 52005045 | DO31: 4126460023 | EB31: 394718864 | EF31: 225182937 | EO31: 70627851 | FG31: 11561513597 | FQ31: 159721116 | FY31: 780255613 | GL31: 107692493 | HD31: 336715086 | HH31: 19310580 | HO31: 87981516 | HU31: 21677633 | HY31: 57750320 | IA31: 86537647 | IE31: 107342860 | IF31: 793175936 | IJ31: 106300421 | IL31: 58246849 | IR31: 317543076 | IU31: 62532891 | IY31: 89513374 | JE31: 43310872 | JM31: 117285392 | JT31: 24538477 | JV31: 77246891 | JY31: 79387267 | KB31: 40128345 | KD31: 74854099 | KH31: 59424576 | KO31: 312760089 | KP31: 19582077 | KQ31: 76181538 | KR31: 30011343 | KU31: 116698416 | KY31: 245019388 | LB31: 197753696 | LH31: 121173116 | LL31: 89119746 | LQ31: 37104402 | LV31: 48572486 | LZ31: 33928263 | ME31: 72111597 | MJ31: 38030106 | ML31: 73420769 | MS31: 55026804 | MU31: 62262596 | NB31: 44574782 | NI31: 113860176 | OP31: 24773434 | OT31: 44641193 | OW31: 51191781 | PB31: 26361793 | PD31: 14850463 | PF31: 36732139 | PP31: 46397197 | PV31: 52691785 | PW31: 26109438 | QB31: 27517491 | QX31: 273308659 | RC31: 28928250 | RW31: 12763844 | SC31: 29531897 | SI31: 14243173 | SL31: 32465289 | TJ31: 13132111 | TY31: 24837317676
A32: 40 (1) | L32: 36688082 | AG32: 59058963 | AJ32: 141891050 | AQ32: 162625214 | AV32: 48259997 | BC32: 12926929 | BO32: 3864865 | BS32: 19431278 | BU32: 8849781 | CN32: 5262363 | CP32: 8190931 | CU32: 44290179 | DH32: 19076433 | DJ32: 16096507 | DU32: 92973231 | EF32: 13244996 | EX32: 8409562 | EZ32: 20947577 | FW32: 9028053 | FY32: 15869294 | GI32: 15552015 | GP32: 35599328 | GU32: 5612009 | HI32: 10703535 | HT32: 29510066 | IA32: 323413008 | IF32: 33548668 | JG32: 8156739 | JI32: 9843936 | JP32: 7112307 | JT32: 14347639 | JX32: 22771808 | JY32: 13645737 | KC32: 8786483 | KK32: 29612002 | KO32: 32661285 | KQ32: 271928414 | LE32: 5217496 | LH32: 126933789 | LJ32: 5469406 | LN32: 23750098 | LQ32: 65910349 | MB32: 17136547 | ME32: 43235815 | MJ32: 36104970 | MP32: 5869447 | MS32: 35128120 | MT32: 22085341 | MU32: 53631199 | NC32: 24257666 | NF32: 26310840 | NX32: 9983725 | OM32: 5808409 | OP32: 49670217 | OU32: 42873171 | OW32: 18840447 | PF32: 49086475 | PO32: 66629567 | PR32: 12767382 | PY32: 11267716 | QB32: 12574543 | QP32: 6659434 | QS32: 47038275 | QV32: 5717847 | QX32: 40412966 | RA32: 15933716 | RD32: 15825379 | RT32: 18422132 | RW32: 30291683 | RX32: 7281088 | SC32: 12507523 | SI32: 31720126 | SK32: 29824386 | SL32: 66182301 | SM32: 13465287 | SO32: 6880919 | SQ32: 86608924 | SS32: 13269146 | SU32: 15023081 | SW32: 10419868 | SY32: 16971216 | TB32: 218762329 | TC32: 9534774 | TF32: 11522469 | TI32: 11095818 | TL32: 46741021 | TQ32: 11500225 | TY32: 3189944932
A33: 400 (0) | AJ33: 103118440 | AQ33: 384640593 | BU33: 36434831 | BZ33: 544541465 | CD33: 2098259047 | CP33: 54893289 | DB33: 899837739 | DO33: 4207085972 | EG33: 1222655754 | EQ33: 54857901 | FI33: 15128421345 | FS33: 416239077 | GB33: 3615680423 | GM33: 126862167 | HE33: 245797270 | IA33: 125210118 | IF33: 631005776 | IJ33: 74402695 | IL33: 170298834 | IR33: 127878668 | IU33: 66092371 | IZ33: 112149057 | JI33: 252841936 | JM33: 176358162 | JV33: 84253924 | JY33: 61751238 | JZ33: 55727654 | KD33: 100847615 | KK33: 158777378 | KO33: 143907642 | KQ33: 72927132 | KY33: 154205106 | LB33: 219128746 | LH33: 38099667 | LL33: 95081867 | LQ33: 41032835 | LW33: 96354605 | ME33: 91780955 | MJ33: 91591735 | MS33: 57970238 | MU33: 60506439 | NB33: 87610902 | OP33: 39162657 | OT33: 30107822 | OW33: 76361874 | PB33: 29131116 | PF33: 50527960 | PP33: 45438016 | PV33: 51104428 | QB33: 34940819 | QX33: 182455702 | RC33: 26713449 | SC33: 43048847 | TY33: 33196111298
A34: 420 (1) | C34: 12360662 | J34: 19548352 | M34: 47245727 | AG34: 8113929 | AJ34: 128603685 | AM34: 9625040 | AQ34: 710619618 | BC34: 30521302 | BJ34: 10533772 | BO34: 15832186 | BU34: 9450245 | CG34: 11399508 | CP34: 9290197 | CU34: 61969650 | DJ34: 35352151 | DU34: 28721812 | EF34: 1090281086 | EX34: 15503562 | FY34: 22487724 | GP34: 34337608 | HV34: 30324323 | IA34: 124181814 | IF34: 35681120 | JB34: 23753660 | JP34: 11616769 | JT34: 13972220 | KC34: 97623921 | KO34: 43311045 | KQ34: 125354038 | LE34: 27656110 | LH34: 209327921 | LQ34: 47432888 | ME34: 24210569 | MJ34: 25574808 | MS34: 11700991 | MT34: 21800142 | MU34: 32104763 | MX34: 9511146 | OP34: 38718760 | OU34: 14238860 | OV34: 9659254 | OW34: 14310800 | PB34: 205540102 | PG34: 8538655 | QS34: 23782023 | RL34: 37147387 | SC34: 49361914 | SF34: 12991975 | SQ34: 22902423 | SU34: 10275204 | TB34: 46259133 | TL34: 14993106 | TY34: 3735655660
A35: 427 (0) | H35: 10535592 | P35: 14163872 | AF35: 6484702 | AJ35: 73656139 | AM35: 5708564 | AQ35: 452894945 | BA35: 11332326 | BC35: 50507398 | BI35: 6143846 | BO35: 7098203 | BS35: 9024295 | BU35: 6510747 | CD35: 11071463 | CH35: 11786318 | CN35: 4688700 | CP35: 13316342 | CW35: 31981696 | DH35: 31346059 | DJ35: 35402051 | DU35: 31261683 | EF35: 106539801 | EX35: 104420921 | GH35: 4703699 | GP35: 15906190 | HU35: 6960382 | IA35: 99387822 | IF35: 39479407 | JP35: 6913867 | JT35: 12016229 | JX35: 6465198 | JY35: 6496355 | KK35: 32883954 | KO35: 16027432 | KQ35: 154727573 | LH35: 12041340 | LN35: 8309146 | LQ35: 42865832 | MB35: 8131472 | ME35: 22537662 | MJ35: 38396277 | MS35: 12390463 | MT35: 44995448 | MU35: 36929229 | ND35: 3241911 | NX35: 10241600 | ON35: 5418289 | OP35: 19904944 | OU35: 16343156 | OW35: 14799235 | PB35: 85674095 | PF35: 7296135 | PS35: 24109826 | QS35: 20376325 | QX35: 6206748 | RQ35: 6275362 | RS35: 5391995 | RT35: 7024983 | SC35: 7747048 | SI35: 11834798 | SK35: 8251745 | SO35: 6509963 | SQ35: 101345133 | SU35: 12392351 | SW35: 7147086 | SY35: 21398689 | TB35: 271071013 | TL35: 24539743 | TS35: 5232575 | TY35: 2374215388
A36: 460 (0) | AF36: 30648365 | AJ36: 124807714 | AQ36: 125091867 | BK36: 4220505 | BU36: 18371740 | BZ36: 118021342 | CD36: 159539350 | CY36: 24231802 | DB36: 87986115 | DD36: 69501088 | DL36: 2956972197 | DV36: 50421364 | FB36: 8006320291 | FP36: 1401224435 | FY36: 695016336 | GJ36: 63935377 | GR36: 23147312 | HC36: 198450263 | HH36: 18211707 | HM36: 77864271 | HT36: 631766992 | IA36: 65955389 | IE36: 33548393 | IF36: 1156392544 | IJ36: 24252211 | IK36: 316850565 | IR36: 126027509 | IU36: 44242078 | IZ36: 22779211 | JI36: 55230876 | JK36: 31869131 | JX36: 42439744 | JY36: 63040073 | KH36: 30482006 | KM36: 41740665 | KO36: 174068420 | KQ36: 80506557 | KU36: 92376376 | KW36: 112980395 | LB36: 25562382 | LD36: 24314442 | LH36: 99473019 | LI36: 24673776 | LL36: 20194372 | LT36: 18202759 | MJ36: 58474256 | ML36: 109841859 | MP36: 130296902 | MU36: 68949926 | NI36: 88070956 | NQ36: 16670693 | OP36: 12933088 | OW36: 48125604 | PW36: 19873189 | QS36: 29602326 | SF36: 26424663 | SI36: 20021632 | SK36: 37210224 | SL36: 14090335 | TB36: 21191172 | TY36: 18314730151
A37: 510 (1) | F37: 13239085 | O37: 7944070 | T37: 10630519 | AA37: 8286377 | AE37: 29355715 | AJ37: 49660305 | AQ37: 12652666 | AX37: 8935422 | BC37: 5808424 | BF37: 4908920 | BI37: 9723114 | BK37: 3566369 | BO37: 14347159 | BS37: 7209611 | BU37: 18706261 | CJ37: 5333147 | CM37: 5456693 | CP37: 11302313 | CU37: 22045693 | DH37: 4740869 | DL37: 13934350 | DS37: 8417538 | DU37: 36393125 | EF37: 36126123 | EZ37: 5223940 | GG37: 5959829 | GP37: 3634662 | HF37: 4075861 | HM37: 6415564 | HS37: 115178051 | IA37: 76352279 | IF37: 122899747 | JP37: 3793515 | JT37: 6880090 | JX37: 6269007 | JY37: 3897444 | KJ37: 3062533 | KK37: 21600047 | KO37: 41251282 | KQ37: 66584646 | LH37: 6065481 | LN37: 14911692 | LQ37: 27463216 | MB37: 3813707 | ME37: 14544757 | MJ37: 15267580 | MP37: 13506396 | MS37: 12448255 | MT37: 18678158 | MU37: 38356036 | ND37: 1148252 | NR37: 2618591 | NX37: 5245367 | OG37: 6975483 | OM37: 6017717 | OP37: 56236267 | OQ37: 5023964 | OU37: 13326347 | OW37: 7359781 | PG37: 2177786 | QF37: 3816696 | QP37: 5373696 | QS37: 65843410 | QX37: 27129723 | RE37: 3785263 | RL37: 2357337 | RT37: 14372096 | RW37: 24126918 | SC37: 38227645 | SD37: 3121801 | SF37: 10956330 | SH37: 3060819 | SK37: 29144609 | SL37: 43957408 | SN37: 4934341 | SQ37: 18797505 | SS37: 4746422 | SY37: 4053315 | TB37: 66504860 | TL37: 13343065 | TU37: 2216029 | TY37: 1502856486
A38: 511 (1) | O38: 12860860 | AF38: 14705408 | AJ38: 111973991 | AQ38: 48315078 | BC38: 29573802 | BN38: 100512408 | BU38: 29545310 | BZ38: 243716552 | CD38: 366492420 | CP38: 35871094 | CU38: 31765393 | CZ38: 73504108 | DB38: 200664694 | DD38: 226257909 | DN38: 4289523000 | EB38: 607166549 | EN38: 101579101 | FE38: 11645859548 | FQ38: 403328166 | FY38: 2624872246 | GK38: 91866346 | GP38: 71634167 | GV38: 22607754 | HD38: 279717715 | HM38: 90946799 | IA38: 169826436 | IE38: 64595812 | IF38: 440556227 | IG38: 118258713 | IJ38: 60706210 | IN38: 171336363 | IR38: 232505905 | IT38: 63207073 | IY38: 59457129 | JE38: 20737592 | JI38: 306437487 | JM38: 106478458 | JT38: 26183753 | JV38: 56734560 | JY38: 44988009 | KB38: 33853241 | KF38: 69577681 | KK38: 78244028 | KO38: 248212335 | KQ38: 143640866 | KU38: 75539064 | KY38: 144521799 | LB38: 108532826 | LD38: 56535721 | LF38: 41570076 | LL38: 53878488 | LN38: 36359559 | LQ38: 14468447 | LR38: 35389734 | LV38: 44048439 | LZ38: 20610110 | ME38: 50355833 | MN38: 581225632 | MR38: 17827358 | MS38: 41419544 | MU38: 55271009 | NC38: 30015499 | NJ38: 68912629 | OP38: 41746045 | OU38: 11989770 | OW38: 70803658 | PG38: 15707349 | PP38: 15541080 | TA38: 19631532 | TS38: 14662484 | TY38: 25936961981
A39: 513 (0) | AE39: 7904931 | AJ39: 116156562 | AQ39: 6415732 | BU39: 6956023 | CM39: 4080267 | CP39: 8554258 | CU39: 7184751 | DH39: 4107898 | DM39: 16965561 | DS39: 5425623 | DT39: 29608853 | DY39: 8708837 | EF39: 22108476 | FY39: 13214682 | GG39: 7563697 | GP39: 7425110 | HS39: 5217360 | IA39: 26690434 | IF39: 36431839 | JI39: 6306801 | JP39: 11607955 | JU39: 5441201 | KK39: 14218892 | KO39: 80691541 | KQ39: 24524564 | LQ39: 7059664 | MC39: 1313498 | MJ39: 17754545 | MO39: 4400679 | MU39: 34234626 | ND39: 5179351 | NF39: 6377851 | OE39: 5652822 | OM39: 4302236 | OP39: 50964973 | OW39: 6848363 | PA39: 5372595 | PF39: 5911128 | PO39: 6193646 | QS39: 4471726 | RT39: 6005406 | SP39: 4506395 | SV39: 7113656 | TS39: 1514524 | TY39: 668689532
A40: 534 (0) | E40: 3174161 | O40: 3211137 | S40: 2935692 | Z40: 2263575 | AD40: 33061494 | AJ40: 14231254 | AQ40: 24040535 | AX40: 15379614 | BC40: 11294946 | BE40: 8642920 | BI40: 6320176 | BK40: 3423712 | BO40: 1576748 | BU40: 14430880 | BV40: 18393380 | CB40: 9278598 | CD40: 9424226 | CM40: 4680849 | CP40: 19585806 | CU40: 11304860 | DA40: 12140146 | DI40: 36415322 | DS40: 9512910 | DT40: 19831170 | DY40: 21972724 | EF40: 29259984 | EX40: 20987546 | FY40: 18852266 | GG40: 13157214 | HI40: 12105730 | HT40: 7412582 | IA40: 12652580 | IF40: 78624046 | JP40: 12048902 | KC40: 7026382 | KH40: 13153894 | KK40: 45203260 | KO40: 84098518 | KQ40: 10290646 | LE40: 19584726 | LH40: 52499764 | LQ40: 15281460 | MC40: 3863561 | ME40: 5448164 | MI40: 9693048 | MP40: 8659856 | MU40: 20926370 | NR40: 6483680 | OG40: 11413904 | OM40: 4485722 | OP40: 51461800 | OW40: 29520338 | PA40: 14218830 | QQ40: 1920250 | QS40: 4620743 | RL40: 12913270 | RT40: 7785708 | SC40: 22677304 | SF40: 6111660 | SV40: 27726980 | TJ40: 61374622 | TY40: 1080072145
A41: 545 (1) | O41: 5229581 | AA41: 8158378 | AE41: 10544099 | AJ41: 65754654 | AQ41: 151238078 | BC41: 10593165 | BF41: 4487964 | BU41: 12798500 | BW41: 4043822 | CN41: 4325108 | CP41: 10004326 | CU41: 12491266 | DH41: 3478181 | DK41: 5515727 | DU41: 9297058 | EF41: 220085156 | GG41: 7471057 | IA41: 12120564 | IF41: 4448584 | JP41: 3744636 | JT41: 4788434 | JU41: 3839748 | KC41: 11154673 | KO41: 23019232 | KQ41: 8424077 | LH41: 14239756 | LQ41: 17732099 | MC41: 3884599 | ME41: 7248308 | MJ41: 22965553 | MU41: 25324291 | OP41: 13825737 | OW41: 13199100 | QI41: 4712055 | SB41: 5733414 | TY41: 745920980
A42: 563 (1) | O42: 5701202 | AA42: 3766666 | AE42: 11594201 | AJ42: 9398600 | AQ42: 88883587 | AX42: 20695555 | BC42: 10222568 | BF42: 655199 | BK42: 3027392 | BU42: 14790346 | BW42: 5265161 | CD42: 4709753 | CN42: 5353451 | CP42: 12263258 | CU42: 14560977 | DA42: 2144900 | DJ42: 25459529 | DS42: 5038076 | DT42: 6760637 | DY42: 21222906 | EF42: 49903267 | EW42: 6105613 | EX42: 13698944 | FO42: 4872372 | FY42: 99776599 | GG42: 11578376 | GP42: 7007072 | HJ42: 7687399 | HT42: 22144834 | IA42: 23583922 | IF42: 103528562 | JP42: 7668121 | KC42: 64664664 | KH42: 6675140 | KK42: 122302418 | KO42: 35203330 | KQ42: 13196869 | LE42: 17140558 | LH42: 93542858 | LQ42: 6502813 | MC42: 6215618 | MJ42: 6471366 | MU42: 22382895 | MX42: 18336549 | NS42: 6351678 | OF42: 6763957 | OH42: 4019261 | OJ42: 10782219 | OP42: 29787122 | OW42: 14873946 | PB42: 22460388 | RA42: 3949827 | RD42: 3399219 | RL42: 33128806 | RT42: 3746359 | SI42: 3719662 | SV42: 5931441 | TJ42: 5347460 | TY42: 1195965468
A43: 565 (1) | G43: 10455788 | P43: 17688031 | U43: 9615613 | X43: 10847114 | AF43: 16981972 | AJ43: 119764850 | AQ43: 65526164 | AW43: 41752941 | BC43: 13748804 | BF43: 6394658 | BI43: 6571624 | BO43: 13873367 | BS43: 15870753 | BU43: 27773970 | CI43: 5848206 | CN43: 6507506 | CP43: 13041828 | CU43: 18639639 | DB43: 13768588 | DH43: 10998619 | DJ43: 36211731 | DS43: 7505058 | DU43: 47801683 | EF43: 309843448 | EJ43: 7070007 | EX43: 12534124 | EZ43: 12655212 | FY43: 11667626 | GG43: 9418610 | GP43: 8772732 | HT43: 5054066 | IA43: 112268127 | IF43: 32795015 | JI43: 4124535 | JP43: 6495790 | JT43: 10343487 | JX43: 5647325 | JY43: 5709523 | KH43: 5009061 | KK43: 5746250 | KO43: 52982046 | KQ43: 176617410 | LN43: 4449032 | LQ43: 21860900 | MB43: 9537597 | ME43: 12839053 | MJ43: 17183347 | MP43: 3756908 | MS43: 14493080 | MT43: 15719195 | MU43: 39431701 | ND43: 7771033 | NG43: 7338953 | NR43: 4434076 | OP43: 35492324 | OU43: 13493130 | OW43: 10847954 | PG43: 8591543 | PP43: 7157268 | PS43: 5426314 | QS43: 18311494 | QX43: 3909946 | RT43: 4988922 | RY43: 4557168 | SK43: 4292055 | SQ43: 15392788 | TB43: 49151653 | TI43: 4219362 | TK43: 9292871 | TL43: 18771848 | TV43: 10134971 | TY43: 1714789387
A44: 569 (1) | AF44: 54380581 | AJ44: 39974966 | AQ44: 43343658 | BC44: 46933012 | BL44: 157317367 | BU44: 53922539 | BZ44: 1568411566 | CD44: 3253527441 | CP44: 93621684 | CZ44: 294324832 | DC44: 1894030013 | DQ44: 6981469387 | EC44: 173722108 | ET44: 90713385 | FM44: 18541469079 | FZ44: 1260607429 | GN44: 167392578 | HE44: 399754139 | HV44: 313589987 | IF44: 1072779916 | IR44: 568170141 | IW44: 238402446 | JI44: 185119605 | JR44: 163609628 | JV44: 49252628 | JY44: 136217860 | KK44: 338637288 | KO44: 224011799 | KQ44: 77115320 | KX44: 382486337 | LB44: 102197188 | LH44: 52385436 | LL44: 111988916 | LQ44: 57502537 | LW44: 71854026 | ME44: 56812514 | ML44: 80168668 | MS44: 27183373 | MU44: 53388948 | MZ44: 36033128 | OL44: 16202192 | OP44: 16222414 | OT44: 214454737 | OW44: 105824308 | PB44: 91495861 | PD44: 128758068 | PK44: 42201536 | PN44: 49183912 | PV44: 393371033 | QB44: 182135100 | QG44: 119009836 | QR44: 96885385 | QY44: 1613988662 | RD44: 231785551 | RH44: 65120701 | RJ44: 23087431 | RM44: 25017026 | RU44: 17679414 | TY44: 42946246620
A45: 588 (0) | H45: 13202776 | P45: 9122971 | U45: 10848117 | X45: 5343775 | AB45: 2447459 | AF45: 33400811 | AJ45: 47476207 | AQ45: 44306913 | AX45: 15427477 | BC45: 5348240 | BG45: 5940974 | BI45: 9134876 | BL45: 3721713 | BO45: 12819750 | BS45: 8982540 | BU45: 14085812 | BX45: 3876257 | CG45: 15423551 | CN45: 5221076 | CP45: 9550102 | CU45: 22948333 | DA45: 7154441 | DH45: 7226708 | DJ45: 26959348 | DS45: 3094531 | DU45: 34255062 | EF45: 184294246 | EX45: 14072971 | FH45: 3442099 | FY45: 13963793 | GG45: 7999111 | GP45: 5741854 | HI45: 23155789 | HT45: 16086770 | IA45: 77255474 | IF45: 111956977 | JP45: 5671692 | JT45: 12450974 | JX45: 5369553 | JY45: 6316985 | KC45: 6437333 | KH45: 6227139 | KK45: 78985214 | KO45: 8733202 | KQ45: 91623507 | LE45: 6975166 | LH45: 17920307 | LN45: 9392507 | LQ45: 44884292 | MB45: 4502428 | ME45: 25201358 | MJ45: 16852605 | MP45: 7002454 | MS45: 9599756 | MT45: 15421279 | MU45: 34576696 | ND45: 3358085 | OM45: 3251389 | OP45: 11050276 | OU45: 9920215 | OW45: 15212732 | PB45: 10088697 | PF45: 7924546 | PP45: 3521961 | QS45: 50741235 | QX45: 10705778 | RA45: 2973218 | RD45: 4111226 | RL45: 4881750 | RT45: 6197255 | RW45: 8214180 | SI45: 12559429 | SK45: 18161041 | SL45: 19960885 | SQ45: 13068894 | TB45: 45319369 | TL45: 10055871 | TY45: 1520711383
A46: 627 (1) | I46: 4051725 | M46: 5915474 | P46: 7782337 | U46: 4629335 | AF46: 11640022 | AJ46: 52444769 | AQ46: 133306042 | AW46: 29751085 | BC46: 10493211 | BG46: 3924349 | BI46: 2483320 | BO46: 4195241 | BS46: 8881857 | BU46: 11596224 | BX46: 3969625 | CN46: 3564897 | CP46: 8983535 | CX46: 16147375 | DH46: 6350156 | DJ46: 11938443 | DU46: 23890100 | EF46: 263396558 | GG46: 5737284 | HU46: 14627946 | IA46: 80867545 | KC46: 4951166 | KK46: 10516723 | KQ46: 82021281 | LH46: 12610451 | LQ46: 9338669 | MB46: 3231984 | ME46: 6410036 | MJ46: 16564782 | MS46: 8054979 | MT46: 11237195 | MU46: 33819902 | OP46: 2956459 | OU46: 6979426 | OW46: 9983182 | PS46: 7245077 | QS46: 10762511 | QX46: 5363961 | RW46: 3602119 | SK46: 5665464 | SL46: 6732515 | SQ46: 25847738 | TB46: 55533338 | TL46: 9176098 | TY46: 1079173511
A47: 655 (0) | I47: 17081537 | O47: 6415197 | P47: 24175972 | AE47: 16725022 | AF47: 15412367 | AJ47: 474350249 | AM47: 12897948 | AQ47: 755918407 | AV47: 82094255 | BC47: 48485139 | BI47: 9512110 | BO47: 19404892 | BS47: 29729604 | BU47: 18773000 | CM47: 4345984 | CP47: 21778912 | CU47: 56107478 | DH47: 14470618 | DJ47: 13264660 | DS47: 7164662 | DU47: 111315896 | EF47: 294749881 | EW47: 5540223 | EZ47: 14105715 | FY47: 16095283 | GE47: 5095496 | GF47: 7441494 | GP47: 35683746 | IA47: 293605689 | IF47: 244306563 | JT47: 17263795 | JX47: 16876666 | JY47: 11575218 | KC47: 109089227 | KK47: 103063183 | KO47: 71192249 | KQ47: 338653628 | LE47: 41790861 | LH47: 131384050 | LN47: 19580795 | LQ47: 74643639 | MB47: 17500199 | ME47: 29580674 | MJ47: 38744131 | MS47: 34027608 | MT47: 42451706 | MU47: 56808710 | MX47: 8987620 | OJ47: 11776259 | OP47: 52401750 | OU47: 31864509 | OW47: 17832597 | PB47: 14528003 | QS47: 31893045 | QX47: 14601930 | RA47: 12123529 | RD47: 14463102 | RL47: 21197399 | RW47: 9999517 | SI47: 20952682 | SK47: 13634603 | SL47: 10164523 | SQ47: 44911309 | TA47: 57772935 | TB47: 73093743 | TL47: 16870682 | TY47: 4309344075
A48: 659 (1) | L48: 68443127 | AF48: 15104176 | AJ48: 84861190 | AM48: 12961942 | AQ48: 1197115432 | BC48: 122531969 | BS48: 18137723 | BZ48: 131840985 | CD48: 143818321 | CU48: 47817479 | CY48: 92824527 | DB48: 139207181 | DD48: 125731653 | DG48: 97157109 | DM48: 4041392407 | DW48: 94673563 | EF48: 740350781 | EK48: 50952776 | FD48: 10315538766 | FP48: 181862393 | FY48: 1190521427 | GK48: 87053078 | GP48: 66212211 | HB48: 12749783 | HD48: 305359400 | HM48: 126975132 | HY48: 23522140 | IA48: 137257830 | IE48: 146096446 | IF48: 1508670312 | IJ48: 29361300 | IL48: 47214524 | IR48: 394054126 | IV48: 54084495 | IY48: 39116617 | JI48: 598090881 | JP48: 39839791 | JV48: 26430834 | JY48: 117356726 | KD48: 104418935 | KH48: 37228415 | KM48: 156074718 | KO48: 660014550 | KQ48: 113478869 | KV48: 433035875 | KX48: 365400032 | LB48: 53144000 | LE48: 92152165 | LH48: 252912858 | LI48: 75997682 | LL48: 25963652 | LV48: 47816071 | MD48: 31038978 | MG48: 140065389 | ML48: 84956988 | MS48: 29709050 | MU48: 89940085 | MX48: 55227496 | NI48: 271120033 | NQ48: 34399641 | OF48: 25540987 | OM48: 42143069 | OP48: 42356310 | OW48: 86095894 | PB48: 18969810 | PW48: 19989758 | QF48: 30236427 | QR48: 46492242 | QS48: 26534497 | QX48: 63815871 | RL48: 21703714 | RM48: 19939134 | SJ48: 19032480 | SL48: 30391914 | SW48: 16474743 | TS48: 24708287 | TY48: 26360811172
A49: 665 (1) | O49: 6415197 | AE49: 16725022 | AM49: 4550031 | BC49: 20579740 | BU49: 8870942 | DH49: 5784269 | DJ49: 13264660 | DS49: 7164662 | DU49: 14624228 | EF49: 98421726 | EW49: 5540223 | FY49: 16095283 | GE49: 5095496 | GF49: 7441494 | GP49: 6293968 | IA49: 22050315 | IF49: 181383985 | KC49: 74398503 | KK49: 37455307 | KO49: 32925817 | KQ49: 15806270 | LE49: 16484226 | LH49: 131384050 | LQ49: 10452293 | MJ49: 7397716 | MU49: 20271395 | MX49: 8987620 | OJ49: 11776259 | OP49: 22317605 | RL49: 21197399 | SQ49: 12911063 | TA49: 57772935 | TY49: 921839699
A50: 70 (1) | O50: 20137539 | AF50: 31040578 | AJ50: 119201599 | AQ50: 80966509 | BC50: 31563315 | BS50: 24251900 | BU50: 25205017 | BZ50: 138399970 | CD50: 179269494 | CP50: 45710864 | CU50: 31736421 | CZ50: 64533993 | DB50: 232951823 | DM50: 3800666216 | DW50: 133188313 | EF50: 59324389 | EN50: 96080436 | FD50: 10681811973 | FP50: 167688932 | FY50: 388775889 | GK50: 78085042 | GP50: 35856158 | GX50: 26069968 | GY50: 25030277 | HD50: 194737942 | HH50: 38055867 | HT50: 198664662 | HY50: 63182200 | IA50: 194014798 | IE50: 101033844 | IF50: 521183989 | IG50: 200551172 | IH50: 65259161 | IM50: 46867143 | IR50: 477199122 | IU50: 116359859 | IY50: 120384326 | JH50: 371351245 | JO50: 161845306 | JT50: 40887625 | JW50: 135049245 | JY50: 92804190 | KB50: 56305660 | KG50: 74137474 | KN50: 135055087 | KO50: 338092129 | KQ50: 206263686 | KR50: 42296628 | KV50: 149532795 | KZ50: 243438684 | LC50: 235767998 | LH50: 63966322 | LL50: 127573886 | LQ50: 74850999 | LW50: 71192814 | LY50: 31735989 | ME50: 95683209 | MJ50: 42667752 | ML50: 108136807 | MP50: 19164969 | MS50: 82609913 | MU50: 62836508 | MW50: 17189273 | NB50: 73660335 | NK50: 721877433 | NT50: 20073285 | NV50: 21148468 | OD50: 32178116 | OP50: 41415636 | OT50: 44609210 | OW50: 105064911 | PB50: 15869254 | PD50: 19072500 | PF50: 85969142 | PP50: 62183535 | PV50: 70418386 | PX50: 95843738 | QB50: 58681503 | QS50: 25424904 | QX50: 284161846 | RC50: 47030570 | RW50: 18385712 | SI50: 22315002 | SL50: 28403030 | TA50: 11579828 | TY50: 23840843237
A51: 738 (0) | O51: 14099176 | AF51: 14490153 | AJ51: 188090218 | AQ51: 163441554 | BC51: 61009084 | BL51: 33373021 | BU51: 32207509 | BZ51: 277327463 | CD51: 438102836 | CP51: 42587598 | CU51: 50782376 | CY51: 61764715 | DB51: 246592232 | DD51: 278122427 | DN51: 4468319784 | ED51: 761993780 | EF51: 220224930 | EO51: 129059732 | FF51: 12653272998 | FQ51: 256975675 | FY51: 1315126141 | GK51: 110602428 | GQ51: 55157867 | GY51: 32882786 | HD51: 289940614 | HH51: 29502081 | HQ51: 100520724 | HY51: 73676678 | IA51: 163336119 | IE51: 83530666 | IF51: 234883541 | IG51: 228106873 | II51: 129060881 | IL51: 77666185 | IR51: 248913454 | IU51: 79340423 | IY51: 123036817 | JE51: 20891463 | JI51: 625436210 | JM51: 191570888 | JV51: 129793361 | JY51: 79812340 | KA51: 70808889 | KE51: 74723083 | KG51: 49984156 | KK51: 135652669 | KO51: 175133813 | KP51: 28239431 | KQ51: 179504848 | KR51: 43696712 | KU51: 66833203 | KY51: 205369689 | LB51: 295423157 | LH51: 73803611 | LL51: 144188806 | LO51: 44029308 | LQ51: 49868099 | LW51: 111415216 | LY51: 47788059 | ME51: 103973606 | MJ51: 281979057 | ML51: 90106189 | MS51: 116733948 | MU51: 68751857 | MW51: 32687523 | NB51: 79089221 | NG51: 23572554 | NJ51: 67907268 | NQ51: 24663757 | OC51: 66196338 | OP51: 49147661 | OQ51: 38408856 | OU51: 25324809 | OW51: 92604476 | PF51: 34882498 | PP51: 53004644 | PV51: 13526503 | PW51: 31456386 | QI51: 14221469 | QS51: 20654824 | QX51: 77604842 | RW51: 14628625 | SL51: 27251413 | SQ51: 21634784 | SV51: 43452771 | TA51: 22539890 | TY51: 28147094319
A52: 752 (1) | O52: 5112789 | Y52: 10963272 | AE52: 12540875 | AJ52: 57558889 | AQ52: 228842834 | BC52: 16402545 | BE52: 4747195 | BK52: 2716566 | BU52: 23777567 | CN52: 5396111 | CP52: 12190499 | CU52: 4374652 | CX52: 5177547 | DH52: 7204522 | DL52: 8464560 | DS52: 3506018 | DU52: 7028358 | DZ52: 8039727 | EF52: 8497257 | GG52: 8517752 | GP52: 3571426 | HJ52: 10723012 | HT52: 4622491 | IA52: 22523659 | IF52: 65364709 | JP52: 5465455 | KC52: 13790894 | KK52: 5721862 | KO52: 18313880 | KQ52: 23092048 | LH52: 15127463 | LQ52: 5562835 | MC52: 6049295 | MJ52: 13198516 | MU52: 26278506 | MY52: 2558076 | OK52: 7903923 | OM52: 2682516 | OP52: 15269977 | OW52: 20274053 | PB52: 12232947 | PR52: 2818134 | QI52: 3937192 | QJ52: 3766832 | QQ52: 2511099 | QS52: 2809719 | RL52: 4593842 | SB52: 5027614 | SI52: 3444451 | SK52: 3019127 | SM52: 4064385 | SQ52: 5100907 | SV52: 8648494 | TY52: 791128874
A53: 758 (0) | G53: 4534154 | O53: 6621434 | AB53: 7194206 | AE53: 18659764 | AJ53: 162463374 | AQ53: 105203860 | AX53: 46458952 | BC53: 17992798 | BF53: 2374190 | BU53: 13879779 | BW53: 9854724 | CD53: 9217460 | CI53: 10733188 | CN53: 10257998 | CP53: 10968852 | CU53: 4116772 | DJ53: 25719372 | DU53: 11585564 | EX53: 40482206 | FY53: 8999308 | GG53: 14941608 | HT53: 5743318 | HX53: 6159968 | IA53: 24467080 | IF53: 28498510 | JP53: 17733720 | JT53: 11424916 | KK53: 13112770 | KO53: 11302964 | KQ53: 24944450 | LQ53: 24771936 | ME53: 16993199 | MJ53: 61576248 | MU53: 46165950 | MY53: 6120962 | NF53: 13730888 | OW53: 4429421 | PB53: 9889186 | QI53: 13073156 | RY53: 9335110 | SV53: 8321980 | TY53: 900055295
A54: 768 (1) | M54: 40242859 | AF54: 41986066 | AJ54: 130821248 | AQ54: 264071830 | BC54: 45538820 | BU54: 32710807 | BZ54: 600328881 | CD54: 2068334774 | CP54: 60707113 | CU54: 33840073 | CZ54: 42682032 | DD54: 1226053742 | DP54: 5764114472 | EA54: 173507356 | ES54: 72819902 | FK54: 16910749052 | FZ54: 1977418933 | GM54: 77415581 | GR54: 32173623 | HE54: 523086345 | HV54: 392667157 | IA54: 153964783 | ID54: 121143903 | IF54: 692778781 | IJ54: 120444498 | IL54: 121156335 | IR54: 275387167 | IU54: 130768551 | IZ54: 164023734 | JJ54: 1696488392 | JV54: 137215539 | JY54: 115740741 | KD54: 222685924 | KO54: 428014430 | KQ54: 169215238 | KR54: 50942220 | KY54: 312470395 | LB54: 309565080 | LH54: 94907397 | LK54: 224617780 | LO54: 51727279 | LS54: 616639132 | LW54: 146326321 | ME54: 165017536 | ML54: 119417528 | MS54: 101053260 | MU54: 90758815 | MW54: 26149506 | NB54: 81646173 | NI54: 199084080 | NQ54: 24943950 | OC54: 43687312 | OH54: 32118861 | OM54: 42765058 | OP54: 42427809 | OT54: 82857230 | OY54: 364852240 | PD54: 50154097 | PG54: 94333032 | PP54: 103814326 | PV54: 149385323 | QB54: 55356661 | QC54: 25238148 | QD54: 69701581 | QU54: 36077658 | QX54: 428266347 | RC54: 86451149 | RH54: 15932192 | RN54: 32861200 | RV54: 61926759 | SL54: 20148136 | SQ54: 26214982 | TA54: 16976459 | TY54: 39557111694
A55: 774 (0) | O55: 37058527 | AF55: 26100360 | AJ55: 107351658 | AQ55: 118821089 | AW55: 46848825 | BC55: 53542814 | BI55: 5668019 | BS55: 11149632 | BU55: 34181421 | CA55: 1693860983 | CE55: 6098391845 | CP55: 98972099 | CU55: 89227796 | DC55: 813103382 | DE55: 2173999872 | DR55: 7902462684 | EE55: 570803077 | EH55: 76961205 | EU55: 143021027 | FP55: 21911286622 | FU55: 1214477245 | GC55: 2373180838 | GO55: 187106122 | GQ55: 58231410 | GW55: 7328413 | HE55: 848917650 | HK55: 1257096209 | HR55: 101010149 | HZ55: 30097264 | IA55: 122347184 | IC55: 76232291 | IE55: 60626264 | IF55: 99621029 | IG55: 82629168 | IJ55: 69302675 | IL55: 307285752 | IR55: 209440238 | IU55: 73003361 | IZ55: 55541275 | JC55: 42166686 | JI55: 181211354 | JL55: 17020109 | JP55: 31960316 | JR55: 46268144 | JV55: 34678197 | JY55: 73586540 | KB55: 41603588 | KD55: 16904734 | KH55: 41894948 | KL55: 834915305 | KO55: 126115163 | KP55: 10072665 | KQ55: 143925164 | KT55: 22049535 | KU55: 41863773 | KY55: 103610172 | LB55: 62290752 | LE55: 11302744 | LH55: 17010567 | LL55: 58398586 | LQ55: 30753139 | LX55: 220836124 | MB55: 7556373 | ME55: 38445641 | MJ55: 291975045 | ML55: 26770127 | MS55: 29395747 | MU55: 52339702 | MX55: 14834196 | MZ55: 14139875 | NA55: 11919504 | NH55: 11748407 | NL55: 18092000 | NN55: 13059544 | NT55: 42521287 | NU55: 14455246 | OB55: 15783560 | OH55: 24198257 | OM55: 17714374 | OP55: 38903195 | OR55: 376982031 | OZ55: 494205807 | PB55: 37710542 | PD55: 46399785 | PJ55: 52833543 | PK55: 20158454 | PN55: 9174697 | PQ55: 45824830 | PV55: 99690062 | PW55: 50795125 | QB55: 39270907 | QC55: 26118804 | QD55: 18123943 | QH55: 9619877 | QS55: 13335486 | QU55: 14167888 | QX55: 264963706 | QZ55: 7487403 | RC55: 72030987 | RH55: 8184752 | RV55: 31022674 | RW55: 7180044 | SL55: 19885865 | SQ55: 13595930 | SW55: 7286412 | TA55: 17334170 | TY55: 53943961583
A56: 796 (0) | O56: 15108753 | X56: 8911628 | AE56: 14985047 | AJ56: 96362863 | AQ56: 160366825 | AW56: 53357845 | BC56: 23420545 | BF56: 5110732 | BK56: 3150881 | BS56: 10680868 | BU56: 20760968 | CM56: 5437265 | CP56: 11120078 | CU56: 20559166 | DH56: 13352938 | DM56: 30665398 | DS56: 10106856 | DT56: 13230838 | DU56: 41711204 | EF56: 279317350 | EW56: 5279780 | EX56: 4712321 | EZ56: 14145161 | FY56: 2455158 | GG56: 6078770 | GP56: 16649204 | HI56: 4805970 | HT56: 14171390 | IA56: 107313083 | IF56: 103731383 | IS56: 4175497 | JB56: 11278384 | JI56: 7082656 | JP56: 15579792 | JU56: 3514272 | JX56: 6085486 | KC56: 53490116 | KK56: 30052997 | KO56: 84695795 | KQ56: 54199041 | LE56: 17332663 | LH56: 22687434 | LQ56: 9526584 | MA56: 5399655 | MC56: 6429868 | MJ56: 50100273 | MP56: 3738168 | MR56: 6457588 | MS56: 4024331 | MU56: 29590812 | MX56: 13975199 | NS56: 9972334 | OF56: 8066397 | OJ56: 7607718 | ON56: 12192304 | OP56: 58792552 | OU56: 6775085 | OW56: 6922362 | PH56: 4107929 | QI56: 9078330 | QS56: 3107015 | RL56: 14266695 | RT56: 7880630 | RX56: 6874274 | SB56: 5173980 | SV56: 7257083 | TJ56: 45711334 | TY56: 1770262901
A57: 80 (1) | B57: 9818771 | H57: 7956377 | L57: 55993467 | AF57: 48026117 | AI57: 3399657 | AJ57: 109849242 | AM57: 8778690 | AQ57: 478562578 | BC57: 36786514 | BI57: 4808173 | BO57: 9402478 | BS57: 17965161 | BU57: 9100278 | CN57: 4528410 | CP57: 9906658 | CV57: 57041310 | DA57: 9256995 | DH57: 15111311 | DJ57: 23622311 | DU57: 65891362 | EF57: 374503322 | EV57: 9078524 | EX57: 15486757 | EZ57: 10897028 | FN57: 9121726 | FY57: 42048074 | GG57: 6797930 | GP57: 53438147 | GU57: 5065338 | HI57: 5449704 | HL57: 12104863 | HU57: 23669575 | IA57: 181157281 | IF57: 133573040 | JB57: 9848620 | JT57: 17770851 | JX57: 12591060 | JY57: 10676109 | KC57: 94313144 | KH57: 11514400 | KK57: 94363128 | KO57: 13493444 | KQ57: 212834322 | LE57: 28255035 | LH57: 17325134 | LN57: 8889076 | LQ57: 62308567 | MB57: 11472601 | ME57: 31561756 | MJ57: 42027180 | MS57: 21298706 | MT57: 36121268 | MU57: 37295923 | MX57: 8800847 | ND57: 4676667 | NX57: 7726851 | OJ57: 9347574 | OP57: 17621484 | OU57: 24322788 | OV57: 10770116 | OW57: 17496303 | PB57: 120779580 | PG57: 8462610 | PP57: 5895354 | PS57: 6063784 | QS57: 11266765 | QX57: 11175653 | RB57: 5843721 | RL57: 36337677 | RP57: 11415631 | RS57: 14719467 | RW57: 7002144 | SI57: 27641171 | SK57: 8672158 | SL57: 13869024 | SO57: 6767662 | SQ57: 40691163 | SU57: 10601843 | TB57: 71242667 | TD57: 4656841 | TL57: 16628905 | TY57: 3182653943
A58: 805 (1) | O58: 7001228 | AE58: 7248597 | AJ58: 94087895 | AQ58: 133934758 | AX58: 31896046 | BC58: 12228124 | BU58: 8743401 | CM58: 5619643 | CP58: 10869410 | CU58: 12350869 | DH58: 7681170 | DM58: 11218939 | DS58: 5165261 | DU58: 9681798 | DY58: 20489669 | EF58: 12197635 | EZ58: 6309025 | GG58: 6207411 | GP58: 12589665 | IA58: 39865067 | IF58: 59509324 | JI58: 4211854 | JP58: 6394325 | KC58: 8609435 | KK58: 5485459 | KO58: 25167794 | KQ58: 33468043 | LE58: 3347814 | LH58: 124527633 | LQ58: 8382978 | MA58: 3757263 | MC58: 965848 | MJ58: 39025223 | MU58: 26955158 | OP58: 35013719 | OU58: 4647126 | OW58: 6069389 | QI58: 5590362 | RT58: 6739573 | RX58: 9162530 | SQ58: 5497582 | SV58: 8273546 | TY58: 886187589
A59: 807 (0) | N59: 3999189 | AD59: 6411405 | AJ59: 145868881 | AP59: 48586767 | AW59: 13050901 | BS59: 11808824 | BU59: 13944790 | CO59: 8328548 | CU59: 14017310 | DH59: 7363845 | DK59: 13874145 | DS59: 6156098 | DU59: 22202322 | GG59: 9564845 | GP59: 13204400 | HT59: 6672287 | IA59: 69009396 | JP59: 7628789 | JT59: 4624366 | JU59: 2086533 | JY59: 4320568 | KC59: 12627911 | KK59: 13370739 | KO59: 53185858 | KQ59: 52171285 | LE59: 5564575 | LH59: 20487318 | LQ59: 20245333 | MA59: 3747910 | ME59: 13638097 | MJ59: 47918189 | MS59: 6663271 | MU59: 33707580 | MY59: 5343654 | NC59: 9644165 | NF59: 10698970 | OM59: 4118056 | OP59: 37514414 | OU59: 8533028 | OW59: 24864712 | PF59: 16433334 | PO59: 23610842 | PR59: 5511231 | QI59: 9264303 | QS59: 5649601 | QX59: 4999392 | RT59: 6750107 | RW59: 4838254 | RX59: 13796954 | SQ59: 10643920 | SV59: 18769441 | TY59: 937036653
A60: 812 (0) | L60: 205441990 | AJ60: 67724666 | AQ60: 683435553 | BC60: 50344023 | BZ60: 419275862 | CD60: 836838643 | CU60: 64548844 | CY60: 53761960 | DB60: 165426248 | DD60: 257854329 | DM60: 3629925508 | DV60: 96196788 | EF60: 293587523 | EZ60: 4340534006 | FD60: 5259459924 | FS60: 1899524013 | FY60: 529855063 | GJ60: 42415848 | HC60: 152453697 | HQ60: 29583088 | IA60: 103950448 | IE60: 42262120 | IJ60: 25867090 | IK60: 408233625 | IR60: 135114348 | JI60: 117120581 | JP60: 58137894 | JY60: 37739250 | KM60: 58716332 | KO60: 102142871 | KQ60: 108072625 | KU60: 84260309 | KX60: 139139599 | LL60: 26020561 | LQ60: 32124014 | LX60: 52914665 | MJ60: 28466330 | ML60: 59234943 | MU60: 50041612 | OP60: 20848967 | OT60: 90623197 | OW60: 69813914 | PD60: 34356007 | PE60: 49003140 | PV60: 131263785 | PW60: 19016758 | QB60: 56445822 | QX60: 695408440 | QZ60: 16530439 | RC60: 94064283 | RH60: 24117480 | TY60: 22049239025
A61: 880 (1) | L61: 61160862 | AF61: 27440439 | AJ61: 186038590 | AM61: 19045049 | AR61: 1393107806 | BC61: 71250921 | BI61: 9255833 | BO61: 12233262 | BS61: 42221584 | BU61: 10285202 | CP61: 10786564 | CU61: 52551594 | DH61: 30289466 | DK61: 20361285 | DU61: 143399117 | EF61: 1168484550 | EX61: 16260144 | EZ61: 17464688 | FW61: 26751227 | GD61: 17355762 | GP61: 34908005 | GU61: 17607765 | HI61: 19342052 | IA61: 563884129 | IF61: 70126005 | JP61: 13032630 | JT61: 11838894 | JX61: 39785485 | JY61: 12583194 | KC61: 9370722 | KK61: 36296787 | KO61: 14630672 | KQ61: 638489639 | LH61: 111479253 | LN61: 17582800 | LQ61: 20695209 | MB61: 38546361 | ME61: 16928746 | MJ61: 42021256 | MS61: 60682671 | MT61: 46386476 | MU61: 72909197 | NC61: 5762912 | NX61: 12257814 | NZ61: 9778564 | OP61: 8981799 | OU61: 72772680 | OW61: 37129344 | PF61: 10833986 | PP61: 14428722 | QB61: 28110374 | QS61: 13164748 | QX61: 22259699 | RW61: 15869745 | SL61: 12384130 | SQ61: 61080621 | SS61: 12187762 | SU61: 11435469 | SY61: 13659380 | TB61: 214907837 | TG61: 18618904 | TI61: 22308231 | TL61: 85716556 | TY61: 5948521170
A62: 918 (0) | T62: 4390547 | AB62: 4747734 | AE62: 6755286 | AJ62: 50592523 | AQ62: 179807175 | BC62: 8894905 | BF62: 3934726 | BU62: 12765246 | BW62: 2698990 | CM62: 4291372 | CP62: 8619797 | CU62: 9326129 | DH62: 8271514 | DI62: 15058824 | DX62: 13884305 | EF62: 112356447 | EX62: 7068500 | GG62: 7557257 | GP62: 3294675 | HS62: 3809516 | HW62: 40666157 | IA62: 26912553 | JP62: 6747881 | JU62: 1528242 | KC62: 8086582 | KG62: 6192289 | KK62: 8436707 | KO62: 11372354 | KQ62: 25237101 | LE62: 5854167 | LH62: 83367302 | LQ62: 3140517 | MC62: 5468925 | MJ62: 7009160 | MS62: 1931485 | MU62: 29724267 | OP62: 15112461 | OU62: 3261145 | OW62: 4545452 | PB62: 5283178 | PP62: 1688488 | QS62: 2978092 | RL62: 7408172 | RT62: 3488870 | RW62: 2492648 | SQ62: 6598084 | SV62: 6068178 | TY62: 798725925
A63: 922 (0) | M63: 23185077 | AF63: 14646730 | AJ63: 249345490 | AQ63: 575977611 | BC63: 47303201 | BU63: 25057959 | BZ63: 898423982 | CD63: 499328672 | CP63: 53298798 | CU63: 111993516 | CY63: 77216288 | DB63: 1500164044 | DM63: 3737196757 | EB63: 802062610 | EM63: 200828819 | FC63: 9902068946 | FP63: 255294389 | FY63: 2162144131 | GK63: 468844457 | GS63: 139872557 | HD63: 443393571 | HQ63: 181776375 | HU63: 163181616 | IA63: 145289887 | ID63: 40238929 | IF63: 270305076 | IG63: 93421733 | II63: 78733488 | IL63: 83742503 | IR63: 77880818 | IU63: 46757686 | IY63: 55101495 | JF63: 29927646 | JI63: 40334469 | JP63: 79580853 | JV63: 51039874 | JY63: 234325933 | KB63: 43575210 | KC63: 52070883 | KH63: 36411130 | KK63: 60254933 | KO63: 107057480 | KQ63: 154499671 | KS63: 25024620 | KU63: 26781970 | KY63: 59819420 | LB63: 65756793 | LH63: 73372656 | LL63: 51894868 | LP63: 15846147 | LV63: 26577944 | ME63: 31350331 | MJ63: 75364858 | ML63: 61769717 | MS63: 37096248 | MU63: 72469286 | MX63: 16548601 | MZ63: 16203306 | ON63: 19519033 | OP63: 32567258 | OU63: 22502154 | OV63: 16767881 | OX63: 142848166 | PB63: 41609429 | PI63: 18900426 | PU63: 26230796 | PW63: 34167334 | QB63: 19507526 | QI63: 13577530 | QS63: 12658877 | QX63: 105919054 | RC63: 14288095 | RK63: 18615063 | SI63: 35528537 | SL63: 16124198 | SQ63: 60440078 | SW63: 13781037 | SY63: 12206326 | TA63: 127411286 | TY63: 25774202142
A64: 983 (0) | J64: 12635106 | M64: 20758937 | AG64: 15959020 | AJ64: 36993933 | AQ64: 385426814 | BC64: 18382791 | BJ64: 7458008 | BO64: 11303031 | BU64: 15812648 | CD64: 9950483 | CF64: 20377750 | CP64: 9986820 | CV64: 47304414 | DH64: 12974611 | DJ64: 25084190 | DU64: 21973111 | EF64: 1474642190 | EI64: 16915693 | EX64: 86796834 | GP64: 18679028 | HT64: 20034727 | IA64: 68882646 | KO64: 25350514 | KQ64: 72201513 | LH64: 9343883 | LN64: 11485734 | LQ64: 26519303 | ME64: 14347828 | MJ64: 18473593 | MS64: 10899954 | MU64: 47364174 | OP64: 33598487 | OU64: 10722486 | OW64: 11455342 | QS64: 68438550 | QX64: 21478900 | RT64: 12328791 | RW64: 19525808 | SC64: 26110105 | SK64: 30620730 | SL64: 32090471 | SR64: 12311404 | TB64: 38027793 | TJ64: 41392997 | TY64: 2952421145
A65: (blank)
A66: Grand Total | B66: 9818771 | C66: 12360662 | D66: 2880155 | E66: 11998610 | F66: 13239085 | G66: 14989942 | H66: 31694745 | I66: 71401254 | J66: 32183458 | K66: 8273246 | L66: 1237230524 | M66: 162550853 | N66: 15659810 | O66: 274401025 | P66: 132823086 | Q66: 11583628 | R66: 5870122 | S66: 5929638 | T66: 24777867 | U66: 25093065 | V66: 6154850 | W66: 2228211 | X66: 29629397 | Y66: 10963272 | Z66: 5160824 | AA66: 29078367 | AB66: 14389399 | AC66: 23909272 | AD66: 69161293 | AE66: 216147417 | AF66: 641973211 | AG66: 148302477 | AH66: 2862074 | AI66: 3399657 | AJ66: 6423270568 | AK66: 11888694 | AL66: 9239216 | AM66: 126155354 | AN66: 35099465 | AO66: 383379729 | AP66: 48586767 | AQ66: 12433565804 | AR66: 1393107806 | AS66: 2160583870 | AT66: 2807315558 | AU66: 287257859 | AV66: 252601114 | AW66: 243169537 | AX66: 240125511 | AY66: 11707671 | AZ66: 4547738 | BA66: 11332326 | BB66: 71552274 | BC66: 1540255799 | BD66: 214445950 | BE66: 24746393 | BF66: 38834928 | BG66: 9865323 | BH66: 980006 | BI66: 100638266 | BJ66: 26892528 | BK66: 22692501 | BL66: 194412101 | BM66: 138882799 | BN66: 100512408 | BO66: 188988137 | BP66: 2475373 | BQ66: 1220600 | BR66: 25987392 | BS66: 414704943 | BT66: 17047642 | BU66: 1044579397 | BV66: 21967292 | BW66: 32921446 | BX66: 7845882 | BY66: 782524598 | BZ66: 7105188619 | CA66: 1693860983 | CB66: 13804124 | CC66: 2144679 | CD66: 16452514561 | CE66: 6098391845 | CF66: 20377750 | CG66: 41586080 | CH66: 25782107 | CI66: 16581394 | CJ66: 5333147 | CK66: 1860836 | CL66: 3084152 | CM66: 69519631 | CN66: 80874261 | CO66: 19433680 | CP66: 1125789377 | CQ66: 11299986 | CR66: 3648735 | CS66: 10895797 | CT66: 40202120 | CU66: 1474071357 | CV66: 144923750 | CW66: 98098862 | CX66: 37648965 | CY66: 476790615 | CZ66: 784244480 | DA66: 160450510 | DB66: 5954100023 | DC66: 2707133395 | DD66: 4186328682 | DE66: 2173999872 | DF66: 50825248 | DG66: 149162154 | DH66: 428382002 | DI66: 152109887 | DJ66: 343042801 | DK66: 2219324790 | DL66: 3003783105 | DM66: 19151416368 | DN66: 12912103076 | DO66: 23540436341 | DP66: 5764114472 | DQ66: 13558666941 | DR66: 7902462684 | DS66: 128042064 | DT66: 77186938 | DU66: 1417106899 | DV66: 146618152 | DW66: 227861876 | DX66: 249526054 | DY66: 529383731 | DZ66: 14093707 | EA66: 663831706 | EB66: 2990271352 | EC66: 962159882 | ED66: 1513324773 | EE66: 570803077 | EF66: 13836451196 | EG66: 1222655754 | EH66: 76961205 | EI66: 44087811 | EJ66: 7070007 | EK66: 111644460 | EL66: 259737395 | EM66: 200828819 | EN66: 197659537 | EO66: 418974890 | EP66: 79836163 | EQ66: 54857901 | ER66: 173624964 | ES66: 72819902 | ET66: 90713385 | EU66: 143021027 | EV66: 19982893 | EW66: 45754266 | EX66: 1170460711 | EY66: 60184831 | EZ66: 10826273643 | FA66: 7402147367 | FB66: 8006320291 | FC66: 9902068946 | FD66: 36648370586 | FE66: 11645859548 | FF66: 22870262118 | FG66: 38072215230 | FH66: 7782592386 | FI66: 15128421345 | FJ66: 17094200639 | FK66: 16910749052 | FL66: 48772467 | FM66: 18541469079 | FN66: 9121726 | FO66: 4872372 | FP66: 25586649348 | FQ66: 984041569 | FR66: 1368686052 | FS66: 3820466002 | FT66: 1383189510 | FU66: 1214477245 | FV66: 20962515 | FW66: 35779280 | FX66: 4847775 | FY66: 15570181426 | FZ66: 6590501102 | GA66: 14015907 | GB66: 7146475469 | GC66: 2373180838 | GD66: 43974947 | GE66: 17108076 | GF66: 22976304 | GG66: 198772895 | GH66: 11664061 | GI66: 15552015 | GJ66: 106351225 | GK66: 1008682612 | GL66: 269980485 | GM66: 558064768 | GN66: 207618468 | GO66: 187106122 | GP66: 917559398 | GQ66: 113389277 | GR66: 55320935 | GS66: 211220651 | GT66: 7322953 | GU66: 56004326 | GV66: 22607754 | GW66: 7328413 | GX66: 26069968 | GY66: 57913063 | GZ66: 33207426 | HA66: 2881247 | HB66: 12749783 | HC66: 350903960 | HD66: 3058634650 | HE66: 3189491189 | HF66: 4075861 | HG66: 80126445 | HH66: 125084813 | HI66: 127612464 | HJ66: 18410411 | HK66: 1257096209 | HL66: 31292327 | HM66: 376291012 | HN66: 285047648 | HO66: 214607158 | HP66: 107382673 | HQ66: 352266632 | HR66: 101010149 | HS66: 166025888 | HT66: 1044305589 | HU66: 261996121 | HV66: 736581467 | HW66: 87923259 | HX66: 12432936 | HY66: 329802605 | HZ66: 134745921 | IA66: 6960177370 | IB66: 16348691 | IC66: 76232291 | ID66: 161382832 | IE66: 1326158128 | IF66: 15799138346 | IG66: 1286688747 | IH66: 65259161 | II66: 453277754 | IJ66: 595968998 | IK66: 1146743902 | IL66: 2335643429 | IM66: 46867143 | IN66: 171336363 | IO66: 10500113 | IP66: 2725439 | IQ66: 6160243 | IR66: 5605412926 | IS66: 13014877 | IT66: 70192215 | IU66: 1077061138 | IV66: 54084495 | IW66: 238402446 | IX66: 10224252 | IY66: 890338841 | IZ66: 560315886 | JA66: 4798018 | JB66: 94652603 | JC66: 42166686 | JD66: 95034552 | JE66: 147284784 | JF66: 29927646 | JG66: 8156739 | JH66: 371351245 | JI66: 5461334593 | JJ66: 1696488392 | JK66: 31869131 | JL66: 17020109 | JM66: 1208045082 | JN66: 57617989 | JO66: 161845306 | JP66: 473258891 | JQ66: 60004093 | JR66: 209877772 | JS66: 45452207 | JT66: 436748207 | JU66: 35284640 | JV66: 1089553941 | JW66: 135049245 | JX66: 262234799 | JY66: 1851396871 | JZ66: 55727654 | KA66: 244873966 | KB66: 215466044 | KC66: 1320422558 | KD66: 958828947 | KE66: 308476436 | KF66: 69577681 | KG66: 178535796 | KH66: 346269915 | KI66: 57131781 | KJ66: 3062533 | KK66: 2124402518 | KL66: 834915305 | KM66: 362429876 | KN66: 231374353 | KO66: 6288649239 | KP66: 57894173 | KQ66: 7103795883 | KR66: 266670413 | KS66: 84176181 | KT66: 22049535 | KU66: 810438214 | KV66: 1039487939 | KW66: 112980395 | KX66: 1139639177 | KY66: 2208744378 | KZ66: 676539817 | LA66: 12665114 | LB66: 2549122456 | LC66: 235767998 | LD66: 189627291 | LE66: 546230697 | LF66: 53232810 | LG66: 50599257 | LH66: 2898630996 | LI66: 161307915 | LJ66: 5469406 | LK66: 260334869 | LL66: 1378025891 | LM66: 106338599 | LN66: 259934156 | LO66: 120531547 | LP66: 15846147 | LQ66: 1814978058 | LR66: 172095053 | LS66: 616639132 | LT66: 18202759 | LU66: 24672400 | LV66: 249058334 | LW66: 810176557 | LX66: 389892892 | LY66: 79524048 | LZ66: 150489843 | MA66: 69417997 | MB66: 221967712 | MC66: 58174140 | MD66: 31038978 | ME66: 1865320360 | MF66: 4895149 | MG66: 140065389 | MH66: 83221939 | MI66: 38979067 | MJ66: 2132802465 | MK66: 14559601 | ML66: 1357610728 | MM66: 519904199 | MN66: 581225632 | MO66: 8304696 | MP66: 250332545 | MQ66: 4289930 | MR66: 27658268 | MS66: 1436007524 | MT66: 452504960 | MU66: 2811662433 | MV66: 11767260 | MW66: 123711218 | MX66: 296151266 | MY66: 23026211 | MZ66: 66376309 | NA66: 11919504 | NB66: 578718021 | NC66: 233495904 | ND66: 60126755 | NE66: 1032532 | NF66: 128633285 | NG66: 76542963 | NH66: 11748407 | NI66: 1254857626 | NJ66: 200667620 | NK66: 721877433 | NL66: 18092000 | NM66: 8497342 | NN66: 13059544 | NO66: 21621203 | NP66: 15204372 | NQ66: 176836557 | NR66: 19053352 | NS66: 16324012 | NT66: 62594572 | NU66: 14455246 | NV66: 21148468 | NW66: 3112690 | NX66: 104778334 | NY66: 25435943 | NZ66: 9778564 | OA66: 17335341 | OB66: 57361835 | OC66: 129978968 | OD66: 32178116 | OE66: 5652822 | OF66: 58548373 | OG66: 18389387 | OH66: 125357336 | OI66: 17769542 | OJ66: 70376678 | OK66: 109518961 | OL66: 16202192 | OM66: 218444787 | ON66: 66004446 | OO66: 17611639 | OP66: 1816911644 | OQ66: 43432820 | OR66: 376982031 | OS66: 319596382 | OT66: 761708801 | OU66: 642783567 | OV66: 65707253 | OW66: 1932862376 | OX66: 142848166 | OY66: 828443578 | OZ66: 903501743 | PA66: 19591425 | PB66: 1365411518 | PC66: 3215017 | PD66: 574293082 | PE66: 108720427 | PF66: 548298793 | PG66: 265004405 | PH66: 6347303 | PI66: 160054649 | PJ66: 132759551 | PK66: 118366870 | PL66: 12837596 | PM66: 3554983 | PN66: 137561565 | PO66: 234227679 | PP66: 767397224 | PQ66: 45824830 | PR66: 112760626 | PS66: 49500394 | PT66: 21499741 | PU66: 206773145 | PV66: 1716684364 | PW66: 394609244 | PX66: 95843738 | PY66: 11267716 | PZ66: 35222039 | QA66: 14151907 | QB66: 928361689 | QC66: 104582525 | QD66: 128073628 | QE66: 1943863 | QF66: 92594852 | QG66: 119009836 | QH66: 135197877 | QI66: 92058811 | QJ66: 3766832 | QK66: 186056277 | QL66: 15206660 | QM66: 9585103 | QN66: 9914423 | QO66: 13047647 | QP66: 21868083 | QQ66: 16815056 | QR66: 176545608 | QS66: 897624345 | QT66: 17968783 | QU66: 81981191 | QV66: 8554990 | QW66: 49705713 | QX66: 6085689398 | QY66: 1613988662 | QZ66: 24017842 | RA66: 73644144 | RB66: 5843721 | RC66: 949767075 | RD66: 307780136 | RE66: 3785263 | RF66: 5019308 | RG66: 3140636 | RH66: 186832127 | RI66: 2583279 | RJ66: 23087431 | RK66: 79389830 | RL66: 350567715 | RM66: 60446625 | RN66: 54767795 | RO66: 8189198 | RP66: 16909022 | RQ66: 6275362 | RR66: 4346130 | RS66: 20111462 | RT66: 201565759 | RU66: 17679414 | RV66: 173039393 | RW66: 349007949 | RX66: 148634774 | RY66: 13892278 | RZ66: 12245955 | SA66: 19655893 | SB66: 42094387 | SC66: 266064616 | SD66: 3121801 | SE66: 2530306 | SF66: 81199220 | SG66: 16970664 | SH66: 31162656 | SI66: 242937258 | SJ66: 32454712 | SK66: 343932914 | SL66: 775091273 | SM66: 28361459 | SN66: 4934341 | SO66: 27432280 | SP66: 4506395 | SQ66: 1081518848 | SR66: 12311404 | SS66: 51052182 | ST66: 19594235 | SU66: 131586948 | SV66: 321718669 | SW66: 77085324 | SX66: 5144290 | SY66: 114025633 | SZ66: 12327502 | TA66: 489395802 | TB66: 2015408665 | TC66: 24302076 | TD66: 4656841 | TE66: 11160976 | TF66: 17402744 | TG66: 18618904 | TH66: 3595483 | TI66: 64520665 | TJ66: 264705535 | TK66: 55257845 | TL66: 479636802 | TM66: 733619 | TN66: 2503610 | TO66: 5164180 | TP66: 3634108 | TQ66: 65903834 | TR66: 12868477 | TS66: 46117870 | TT66: 6759505 | TU66: 2216029 | TV66: 10134971 | TW66: 6978818 | TY66: 653810250179

Sheet rt.comb
A1: OLD | B1: NEW | C1: compound
A2: 5.42 | B2: 5.43 | C2: =IFERROR(VLOOKUP(B2,compounds!$A:$B,2,FALSE),"-") -> 4-hydroxy-4-methyl-2-pentanone
A3: 5.44 | B3: 5.43 | C3: =IFERROR(VLOOKUP(B3,compounds!$A:$B,2,FALSE),"-") -> 4-hydroxy-4-methyl-2-pentanone
A4: 5.46 | B4: {=IF(A4="","",INDEX($B$2:$B3,MATCH(MIN(ABS($B$2:$B3-A4)),ABS($B$2:$B3-A4),0)))} -> 5.43 | C4: =IFERROR(VLOOKUP(B4,compounds!$A:$B,2,FALSE),"-") -> 4-hydroxy-4-methyl-2-pentanone
A5: 5.38 | B5: {=IF(A5="","",INDEX($B$2:$B4,MATCH(MIN(ABS($B$2:$B4-A5)),ABS($B$2:$B4-A5),0)))} -> 5.43 | C5: =IFERROR(VLOOKUP(B5,compounds!$A:$B,2,FALSE),"-") -> 4-hydroxy-4-methyl-2-pentanone
A6: 7.52 | B6: 7.51 | C6: =IFERROR(VLOOKUP(B6,compounds!$A:$B,2,FALSE),"-") -> cyclopentane
A7: 9.81 | B7: 9.82 | C7: =IFERROR(VLOOKUP(B7,compounds!$A:$B,2,FALSE),"-") -> 6-methyl-5-hepten-2-one
A8: 9.83 | B8: {=IF(A8="","",INDEX($B$2:$B7,MATCH(MIN(ABS($B$2:$B7-A8)),ABS($B$2:$B7-A8),0)))} -> 9.82 | C8: =IFERROR(VLOOKUP(B8,compounds!$A:$B,2,FALSE),"-") -> 6-methyl-5-hepten-2-one
A9: 10.47 | B9: 10.48 | C9: =IFERROR(VLOOKUP(B9,compounds!$A:$B,2,FALSE),"-") -> (z)-3-hexen-1-ol acetate
A10: 10.46 | B10: {=IF(A10="","",INDEX($B$2:$B9,MATCH(MIN(ABS($B$2:$B9-A10)),ABS($B$2:$B9-A10),0)))} -> 10.48 | C10: =IFERROR(VLOOKUP(B10,compounds!$A:$B,2,FALSE),"-") -> (z)-3-hexen-1-ol acetate
A11: 11.06 | B11: 11.07 | C11: =IFERROR(VLOOKUP(B11,compounds!$A:$B,2,FALSE),"-") -> D-limonene
A12: 11.08 | B12: {=IF(A12="","",INDEX($B$2:$B11,MATCH(MIN(ABS($B$2:$B11-A12)),ABS($B$2:$B11-A12),0)))} -> 11.07 | C12: =IFERROR(VLOOKUP(B12,compounds!$A:$B,2,FALSE),"-") -> D-limonene
A13: 13.52 | B13: 13.51 | C13: =IFERROR(VLOOKUP(B13,compounds!$A:$B,2,FALSE),"-") -> nonanal
A14: 22.08 | B14: 22.07 | C14: =IFERROR(VLOOKUP(B14,compounds!$A:$B,2,FALSE),"-") -> dodecanal
A15: 24.61 | B15: 24.6 | C15: =IFERROR(VLOOKUP(B15,compounds!$A:$B,2,FALSE),"-") -> tridecanal
A16: 13.88 | B16: 13.39 | C16: =IFERROR(VLOOKUP(B16,compounds!$A:$B,2,FALSE),"-") -> -
A17: 6.96 | B17: 6.97 | C17: =IFERROR(VLOOKUP(B17,compounds!$A:$B,2,FALSE),"-") -> nonane
A18: 10.3 | B18: 10.31 | C18: =IFERROR(VLOOKUP(B18,compounds!$A:$B,2,FALSE),"-") -> octanal
A19: 10.32 | B19: {=IF(A19="","",INDEX($B$2:$B18,MATCH(MIN(ABS($B$2:$B18-A19)),ABS($B$2:$B18-A19),0)))} -> 10.31 | C19: =IFERROR(VLOOKUP(B19,compounds!$A:$B,2,FALSE),"-") -> octanal
A20: 12.28 | B20: 12.29 | C20: =IFERROR(VLOOKUP(B20,compounds!$A:$B,2,FALSE),"-") -> acetophenone
A21: 12.3 | B21: {=IF(A21="","",INDEX($B$2:$B20,MATCH(MIN(ABS($B$2:$B20-A21)),ABS($B$2:$B20-A21),0)))} -> 12.29 | C21: =IFERROR(VLOOKUP(B21,compounds!$A:$B,2,FALSE),"-") -> acetophenone
A22: 15.5 | B22: 15.49 | C22: =IFERROR(VLOOKUP(B22,compounds!$A:$B,2,FALSE),"-") -> dodecanal
A23: 16.37 | B23: 16.36 | C23: =IFERROR(VLOOKUP(B23,compounds!$A:$B,2,FALSE),"-") -> dodecane
A24: 18.98 | B24: 18.99 | C24: =IFERROR(VLOOKUP(B24,compounds!$A:$B,2,FALSE),"-") -> 2-methyl-naphthalene
A25: 5.75 | B25: 5.76 | C25: =IFERROR(VLOOKUP(B25,compounds!$A:$B,2,FALSE),"-") -> (z)-3-hexen-1-ol
A26: 5.77 | B26: {=IF(A26="","",INDEX($B$2:$B25,MATCH(MIN(ABS($B$2:$B25-A26)),ABS($B$2:$B25-A26),0)))} -> 5.76 | C26: =IFERROR(VLOOKUP(B26,compounds!$A:$B,2,FALSE),"-") -> (z)-3-hexen-1-ol
A27: 5.78 | B27: {=IF(A27="","",INDEX($B$2:$B26,MATCH(MIN(ABS($B$2:$B26-A27)),ABS($B$2:$B26-A27),0)))} -> 5.76 | C27: =IFERROR(VLOOKUP(B27,compounds!$A:$B,2,FALSE),"-") -> (z)-3-hexen-1-ol
A28: 11.14 | B28: 11.15 | C28: =IFERROR(VLOOKUP(B28,compounds!$A:$B,2,FALSE),"-") -> 2-ethyl-1-hexanol
A29: 11.16 | B29: {=IF(A29="","",INDEX($B$2:$B28,MATCH(MIN(ABS($B$2:$B28-A29)),ABS($B$2:$B28-A29),0)))} -> 11.15 | C29: =IFERROR(VLOOKUP(B29,compounds!$A:$B,2,FALSE),"-") -> 2-ethyl-1-hexanol
A30: 19.51 | B30: 19.5 | C30: =IFERROR(VLOOKUP(B30,compounds!$A:$B,2,FALSE),"-") -> standard
A31: 7.5 | B31: {=IF(A31="","",INDEX($B$2:$B30,MATCH(MIN(ABS($B$2:$B30-A31)),ABS($B$2:$B30-A31),0)))} -> 7.51 | C31: =IFERROR(VLOOKUP(B31,compounds!$A:$B,2,FALSE),"-") -> cyclopentane
A32: 6.1 | B32: 6.11 | C32: =IFERROR(VLOOKUP(B32,compounds!$A:$B,2,FALSE),"-") -> -
A33: 6.12 | B33: 6.11 | C33: =IFERROR(VLOOKUP(B33,compounds!$A:$B,2,FALSE),"-") -> -
A34: 8.91 | B34: 8.92 | C34: =IFERROR(VLOOKUP(B34,compounds!$A:$B,2,FALSE),"-") -> -
A35: 8.93 | B35: {=IF(A35="","",INDEX($B$2:$B34,MATCH(MIN(ABS($B$2:$B34-A35)),ABS($B$2:$B34-A35),0)))} -> 8.92 | C35: =IFERROR(VLOOKUP(B35,compounds!$A:$B,2,FALSE),"-") -> -
A36: 8.9 | B36: {=IF(A36="","",INDEX($B$2:$B35,MATCH(MIN(ABS($B$2:$B35-A36)),ABS($B$2:$B35-A36),0)))} -> 8.92 | C36: =IFERROR(VLOOKUP(B36,compounds!$A:$B,2,FALSE),"-") -> -
A37: 8.94 | B37: {=IF(A37="","",INDEX($B$2:$B36,MATCH(MIN(ABS($B$2:$B36-A37)),ABS($B$2:$B36-A37),0)))} -> 8.92 | C37: =IFERROR(VLOOKUP(B37,compounds!$A:$B,2,FALSE),"-") -> -
A38: 10.49 | B38: {=IF(A38="","",INDEX($B$2:$B37,MATCH(MIN(ABS($B$2:$B37-A38)),ABS($B$2:$B37-A38),0)))} -> 10.48 | C38: =IFERROR(VLOOKUP(B38,compounds!$A:$B,2,FALSE),"-") -> (z)-3-hexen-1-ol acetate
A39: 10.5 | B39: {=IF(A39="","",INDEX($B$2:$B38,MATCH(MIN(ABS($B$2:$B38-A39)),ABS($B$2:$B38-A39),0)))} -> 10.48 | C39: =IFERROR(VLOOKUP(B39,compounds!$A:$B,2,FALSE),"-") -> (z)-3-hexen-1-ol acetate
A40: 11.75 | B40: 11.76 | C40: =IFERROR(VLOOKUP(B40,compounds!$A:$B,2,FALSE),"-") -> b-ocimene
A41: 11.77 | B41: {=IF(A41="","",INDEX($B$2:$B40,MATCH(MIN(ABS($B$2:$B40-A41)),ABS($B$2:$B40-A41),0)))} -> 11.76 | C41: =IFERROR(VLOOKUP(B41,compounds!$A:$B,2,FALSE),"-") -> b-ocimene
A42: 11.78 | B42: {=IF(A42="","",INDEX($B$2:$B41,MATCH(MIN(ABS($B$2:$B41-A42)),ABS($B$2:$B41-A42),0)))} -> 11.76 | C42: =IFERROR(VLOOKUP(B42,compounds!$A:$B,2,FALSE),"-") -> b-ocimene
A43: 11.79 | B43: {=IF(A43="","",INDEX($B$2:$B42,MATCH(MIN(ABS($B$2:$B42-A43)),ABS($B$2:$B42-A43),0)))} -> 11.76 | C43: =IFERROR(VLOOKUP(B43,compounds!$A:$B,2,FALSE),"-") -> b-ocimene
A44: 13.9 | B44: 13.89 | C44: =IFERROR(VLOOKUP(B44,compounds!$A:$B,2,FALSE),"-") -> €-4,8-dimethylnona-1,3,7-triene
A45: 13.91 | B45: {=IF(A45="","",INDEX($B$2:$B44,MATCH(MIN(ABS($B$2:$B44-A45)),ABS($B$2:$B44-A45),0)))} -> 13.89 | C45: =IFERROR(VLOOKUP(B45,compounds!$A:$B,2,FALSE),"-") -> €-4,8-dimethylnona-1,3,7-triene
A46: 14.94 | B46: 14.95 | C46: =IFERROR(VLOOKUP(B46,compounds!$A:$B,2,FALSE),"-") -> misc. benzene
A47: 14.96 | B47: {=IF(A47="","",INDEX($B$2:$B46,MATCH(MIN(ABS($B$2:$B46-A47)),ABS($B$2:$B46-A47),0)))} -> 14.95 | C47: =IFERROR(VLOOKUP(B47,compounds!$A:$B,2,FALSE),"-") -> misc. benzene
A48: 15.15 | B48: 15.16 | C48: =IFERROR(VLOOKUP(B48,compounds!$A:$B,2,FALSE),"-") -> -
A49: 15.17 | B49: {=IF(A49="","",INDEX($B$2:$B48,MATCH(MIN(ABS($B$2:$B48-A49)),ABS($B$2:$B48-A49),0)))} -> 15.16 | C49: =IFERROR(VLOOKUP(B49,compounds!$A:$B,2,FALSE),"-") -> -
A50: 15.18 | B50: {=IF(A50="","",INDEX($B$2:$B49,MATCH(MIN(ABS($B$2:$B49-A50)),ABS($B$2:$B49-A50),0)))} -> 15.16 | C50: =IFERROR(VLOOKUP(B50,compounds!$A:$B,2,FALSE),"-") -> -
A51: 15.14 | B51: {=IF(A51="","",INDEX($B$2:$B50,MATCH(MIN(ABS($B$2:$B50-A51)),ABS($B$2:$B50-A51),0)))} -> 15.16 | C51: =IFERROR(VLOOKUP(B51,compounds!$A:$B,2,FALSE),"-") -> -
A52: 15.7 | B52: 15.71 | C52: =IFERROR(VLOOKUP(B52,compounds!$A:$B,2,FALSE),"-") -> -
A53: 15.72 | B53: {=IF(A53="","",INDEX($B$2:$B52,MATCH(MIN(ABS($B$2:$B52-A53)),ABS($B$2:$B52-A53),0)))} -> 15.71 | C53: =IFERROR(VLOOKUP(B53,compounds!$A:$B,2,FALSE),"-") -> -
A54: 16.22 | B54: 16.21 | C54: =IFERROR(VLOOKUP(B54,compounds!$A:$B,2,FALSE),"-") -> methyl salicylate
A55: 16.54 | B55: 16.55 | C55: =IFERROR(VLOOKUP(B55,compounds!$A:$B,2,FALSE),"-") -> decanal
A56: 17.32 | B56: 17.33 | C56: =IFERROR(VLOOKUP(B56,compounds!$A:$B,2,FALSE),"-") -> -
A57: 17.34 | B57: {=IF(A57="","",INDEX($B$2:$B56,MATCH(MIN(ABS($B$2:$B56-A57)),ABS($B$2:$B56-A57),0)))} -> 17.33 | C57: =IFERROR(VLOOKUP(B57,compounds!$A:$B,2,FALSE),"-") -> -
A58: 18.19 | B58: 18.18 | C58: =IFERROR(VLOOKUP(B58,compounds!$A:$B,2,FALSE),"-") -> m-ethylacetophenone
A59: 18.68 | B59: 18.69 | C59: =IFERROR(VLOOKUP(B59,compounds!$A:$B,2,FALSE),"-") -> -
A60: 18.7 | B60: {=IF(A60="","",INDEX($B$2:$B59,MATCH(MIN(ABS($B$2:$B59-A60)),ABS($B$2:$B59-A60),0)))} -> 18.69 | C60: =IFERROR(VLOOKUP(B60,compounds!$A:$B,2,FALSE),"-") -> -
A61: 19 | B61: 18.99 | C61: =IFERROR(VLOOKUP(B61,compounds!$A:$B,2,FALSE),"-") -> 2-methyl-naphthalene
A62: 19.01 | B62: 18.99 | C62: =IFERROR(VLOOKUP(B62,compounds!$A:$B,2,FALSE),"-") -> 2-methyl-naphthalene
A63: 21.83 | B63: 21.84 | C63: =IFERROR(VLOOKUP(B63,compounds!$A:$B,2,FALSE),"-") -> tetradecane
A64: 22.28 | B64: 22.29 | C64: =IFERROR(VLOOKUP(B64,compounds!$A:$B,2,FALSE),"-") -> tetramethyl-5-decyn diol
A65: 8 | B65: 8.01 | C65: =IFERROR(VLOOKUP(B65,compounds!$A:$B,2,FALSE),"-") -> a-pinene
A66: 8.02 | B66: {=IF(A66="","",INDEX($B$2:$B65,MATCH(MIN(ABS($B$2:$B65-A66)),ABS($B$2:$B65-A66),0)))} -> 8.01 | C66: =IFERROR(VLOOKUP(B66,compounds!$A:$B,2,FALSE),"-") -> a-pinene
A67: 7.09 | B67: 7.1 | C67: =IFERROR(VLOOKUP(B67,compounds!$A:$B,2,FALSE),"-") -> heptanal
A68: 7.11 | B68: {=IF(A68="","",INDEX($B$2:$B67,MATCH(MIN(ABS($B$2:$B67-A68)),ABS($B$2:$B67-A68),0)))} -> 7.1 | C68: =IFERROR(VLOOKUP(B68,compounds!$A:$B,2,FALSE),"-") -> heptanal
A69: 17.44 | B69: 17.43 | C69: =IFERROR(VLOOKUP(B69,compounds!$A:$B,2,FALSE),"-") -> cis-3-hexenyl isovalerate
A70: 17.45 | B70: {=IF(A70="","",INDEX($B$2:$B69,MATCH(MIN(ABS($B$2:$B69-A70)),ABS($B$2:$B69-A70),0)))} -> 17.43 | C70: =IFERROR(VLOOKUP(B70,compounds!$A:$B,2,FALSE),"-") -> cis-3-hexenyl isovalerate
A71: 17.42 | B71: {=IF(A71="","",INDEX($B$2:$B70,MATCH(MIN(ABS($B$2:$B70-A71)),ABS($B$2:$B70-A71),0)))} -> 17.43 | C71: =IFERROR(VLOOKUP(B71,compounds!$A:$B,2,FALSE),"-") -> cis-3-hexenyl isovalerate
B72: {=IF(A72="","",INDEX($B$2:$B71,MATCH(MIN(ABS($B$2:$B71-A72)),ABS($B$2:$B71-A72),0)))} | C72: =IFERROR(VLOOKUP(B72,compounds!$A:$B,2,FALSE),"-") -> -
B73: {=IF(A73="","",INDEX($B$2:$B72,MATCH(MIN(ABS($B$2:$B72-A73)),ABS($B$2:$B72-A73),0)))} | C73: =IFERROR(VLOOKUP(B73,compounds!$A:$B,2,FALSE),"-") -> -
B74: {=IF(A74="","",INDEX($B$2:$B73,MATCH(MIN(ABS($B$2:$B73-A74)),ABS($B$2:$B73-A74),0)))} | C74: =IFERROR(VLOOKUP(B74,compounds!$A:$B,2,FALSE),"-") -> -
B75: {=IF(A75="","",INDEX($B$2:$B74,MATCH(MIN(ABS($B$2:$B74-A75)),ABS($B$2:$B74-A75),0)))} | C75: =IFERROR(VLOOKUP(B75,compounds!$A:$B,2,FALSE),"-") -> -
B76: {=IF(A76="","",INDEX($B$2:$B75,MATCH(MIN(ABS($B$2:$B75-A76)),ABS($B$2:$B75-A76),0)))} | C76: =IFERROR(VLOOKUP(B76,compounds!$A:$B,2,FALSE),"-") -> -
B77: {=IF(A77="","",INDEX($B$2:$B76,MATCH(MIN(ABS($B$2:$B76-A77)),ABS($B$2:$B76-A77),0)))} | C77: =IFERROR(VLOOKUP(B77,compounds!$A:$B,2,FALSE),"-") -> -
B78: {=IF(A78="","",INDEX($B$2:$B77,MATCH(MIN(ABS($B$2:$B77-A78)),ABS($B$2:$B77-A78),0)))} | C78: =IFERROR(VLOOKUP(B78,compounds!$A:$B,2,FALSE),"-") -> -
B79: {=IF(A79="","",INDEX($B$2:$B78,MATCH(MIN(ABS($B$2:$B78-A79)),ABS($B$2:$B78-A79),0)))} | C79: =IFERROR(VLOOKUP(B79,compounds!$A:$B,2,FALSE),"-") -> -
B80: {=IF(A80="","",INDEX($B$2:$B79,MATCH(MIN(ABS($B$2:$B79-A80)),ABS($B$2:$B79-A80),0)))} | C80: =IFERROR(VLOOKUP(B80,compounds!$A:$B,2,FALSE),"-") -> -
B81: {=IF(A81="","",INDEX($B$2:$B80,MATCH(MIN(ABS($B$2:$B80-A81)),ABS($B$2:$B80-A81),0)))} | C81: =IFERROR(VLOOKUP(B81,compounds!$A:$B,2,FALSE),"-") -> -
B82: {=IF(A82="","",INDEX($B$2:$B81,MATCH(MIN(ABS($B$2:$B81-A82)),ABS($B$2:$B81-A82),0)))} | C82: =IFERROR(VLOOKUP(B82,compounds!$A:$B,2,FALSE),"-") -> -
B83: {=IF(A83="","",INDEX($B$2:$B82,MATCH(MIN(ABS($B$2:$B82-A83)),ABS($B$2:$B82-A83),0)))} | C83: =IFERROR(VLOOKUP(B83,compounds!$A:$B,2,FALSE),"-") -> -
... B85: {=IF(A85="","",INDEX($B$2:$B84,MATCH(MIN(ABS($B$2:$B84-A85)),ABS($B$2:$B84-A85),0)))} | C85: =IFERROR(VLOOKUP(B85,compounds!$A:$B,2,FALSE),"-") -> -
C86: =IFERROR(VLOOKUP(B86,compounds!$A:$B,2,FALSE),"-") -> -

Sheet PIVOT
A1: type | B1: (All)
C2: =IFERROR(VLOOKUP(C4,compounds!$A:$B,2,FALSE),"") | D2: =IFERROR(VLOOKUP(D4,compounds!$A:$B,2,FALSE),"") | E2: =IFERROR(VLOOKUP(E4,compounds!$A:$B,2,FALSE),"") | F2: =IFERROR(VLOOKUP(F4,compounds!$A:$B,2,FALSE),"") | G2: =IFERROR(VLOOKUP(G4,compounds!$A:$B,2,FALSE),"") | H2: =IFERROR(VLOOKUP(H4,compounds!$A:$B,2,FALSE),"") | I2: =IFERROR(VLOOKUP(I4,compounds!$A:$B,2,FALSE),"") | J2: =IFERROR(VLOOKUP(J4,compounds!$A:$B,2,FALSE),"") | ... JF2: =IFERROR(VLOOKUP(JF4,compounds!$A:$B,2,FALSE),"")
A3: Sum of area | B3: Column Labels
A4: Row Labels | B4: 4.11 | C4: 4.12 | D4: 4.24 | E4: 4.25 | F4: 4.26 | G4: 4.27 | H4: 4.28 | I4: 4.29 | J4: 4.32 | K4: 4.36 | L4: 4.37 | M4: 4.39 | N4: 4.4 | O4: 4.62 | P4: 4.63 | Q4: 4.64 | R4: 4.75 | S4: 4.78 | T4: 4.79 | U4: 4.8 | V4: 4.86 | W4: 4.87 | X4: 4.88 | Y4: 5.04 | Z4: 5.43 | AA4: 5.55 | AB4: 5.66 | AC4: 5.67 | AD4: 5.71 | AE4: 5.76 | AF4: 5.8 | AG4: 5.83 | AH4: 5.86 | AI4: 5.87 | AJ4: 5.88 | AK4: 5.89 | AL4: 6.05 | AM4: 6.07 | AN4: 6.11 | AO4: 6.12 | AP4: 6.13 | AQ4: 6.45 | AR4: 6.46 | AS4: 6.72 | AT4: 6.73 | AU4: 6.79 | AV4: 6.8 | AW4: 6.97 | AX4: 7.07 | AY4: 7.09 | AZ4: 7.1 | BA4: 7.11 | BB4: 7.47 | BC4: 7.51 | BD4: 7.58 | BE4: 8.01 | BF4: 8.17 | BG4: 8.18 | BH4: 8.19 | BI4: 8.2 | BJ4: 8.21 | BK4: 8.38 | BL4: 8.39 | BM4: 8.47 | BN4: 8.48 | BO4: 8.84 | BP4: 8.88 | BQ4: 8.9 | BR4: 8.91 | BS4: 8.92 | BT4: 8.94 | BU4: 8.95 | BV4: 8.96 | BW4: 8.97 | BX4: 9.3 | BY4: 9.31 | BZ4: 9.54 | CA4: 9.82 | CB4: 9.91 | CC4: 9.92 | CD4: 9.93 | CE4: 10.16 | CF4: 10.31 | CG4: 10.48 | CH4: 10.67 | CI4: 10.68 | CJ4: 10.94 | CK4: 11.07 | CL4: 11.12 | CM4: 11.15 | CN4: 11.31 | CO4: 11.37 | CP4: 11.41 | CQ4: 11.58 | CR4: 11.59 | CS4: 11.75 | CT4: 11.93 | CU4: 12.03 | CV4: 12.04 | CW4: 12.05 | CX4: 12.09 | CY4: 12.29 | CZ4: 12.4 | DA4: 12.41 | DB4: 13.1 | DC4: 13.2 | DD4: 13.25 | DE4: 13.26 | DF4: 13.35 | DG4: 13.36 | DH4: 13.37 | DI4: 13.38 | DJ4: 13.51 | DK4: 13.66 | DL4: 13.89 | DM4: 14.73 | DN4: 14.88 | DO4: 14.94 | DP4: 14.95 | DQ4: 15.16 | DR4: 15.17 | DS4: 15.18 | DT4: 15.26 | DU4: 15.27 | DV4: 15.49 | DW4: 15.7 | DX4: 15.71 | DY4: 16 | DZ4: 16.11 | EA4: 16.13 | EB4: 16.21 | EC4: 16.36 | ED4: 16.55 | EE4: 17.03 | EF4: 17.33 | EG4: 17.43 | EH4: 17.63 | EI4: 17.64 | EJ4: 17.91 | EK4: 17.92 | EL4: 18.18 | EM4: 18.59 | EN4: 18.69 | EO4: 18.7 | EP4: 18.99 | EQ4: 19.1 | ER4: 19.19 | ES4: 19.4 | ET4: 19.45 | EU4: 19.5 | EV4: 19.88 | EW4: 20.13 | EX4: 20.14 | EY4: 20.19 | EZ4: 20.2 | FA4: 20.63 | FB4: 20.9 | FC4: 21.1 | FD4: 21.11 | FE4: 21.33 | FF4: 21.51 | FG4: 21.63 | FH4: 21.64 | FI4: 21.65 | FJ4: 21.84 | FK4: 21.98 | FL4: 22.07 | FM4: 22.17 | FN4: 22.28 | FO4: 22.29 | FP4: 22.42 | FQ4: 22.69 | FR4: 22.7 | FS4: 23.1 | FT4: 23.11 | FU4: 23.19 | FV4: 23.2 | FW4: 23.45 | FX4: 23.54 | FY4: 23.85 | FZ4: 24.15 | GA4: 24.33 | GB4: 24.42 | GC4: 24.6 | GD4: 24.76 | GE4: 24.77 | GF4: 24.98 | GG4: 25.09 | GH4: 26.07 | GI4: 26.31 | GJ4: 26.36 | GK4: 26.37 | GL4: 26.42 | GM4: 26.69 | GN4: 26.99 | GO4: 27.19 | GP4: 27.2 | GQ4: 27.38 | GR4: 27.54 | GS4: 28.21 | GT4: 28.36 | GU4: 28.44 | GV4: 28.79 | GW4: 28.82 | GX4: 28.93 | GY4: 29.26 | GZ4: 29.65 | HA4: 29.66 | HB4: 31.06 | HC4: 31.24 | HD4: 31.25 | HE4: 31.42 | HF4: 31.62 | HG4: 32.01 | HH4: 32.39 | HI4: 32.5 | HJ4: 32.88 | HK4: 33.09 | HL4: 33.1 | HM4: 33.47 | HN4: 33.79 | HO4: 33.8 | HP4: 34.83 | HQ4: 34.95 | HR4: 35.09 | HS4: 35.1 | HT4: 35.13 | HU4: 35.84 | HV4: 36.01 | HW4: 36.07 | HX4: 36.37 | HY4: 37.28 | HZ4: 37.4 | IA4: 37.69 | IB4: 38.5 | IC4: 39.37 | ID4: 39.81 | IE4: 13.39 | IF4: 7.82 | IG4: 9.37 | IH4: 9.98 | II4: 10.41 | IJ4: 10.8 | IK4: 11.33 | IL4: 11.48 | IM4: 11.82 | IN4: 12.33 | IO4: 12.76 | IP4: 13.01 | IQ4: 13.27 | IR4: 13.91 | IS4: 14.29 | IT4: 14.39 | IU4: 14.53 | IV4: 14.64 | IW4: 14.96 | IX4: 15.11 | IY4: 15.46 | IZ4: 16.03 | JA4: 16.22 | JB4: 16.73 | JC4: 16.94 | JD4: 17.19 | JE4: 17.65 | JF4: 17.93 | JG4: 18.43 | JH4: 18.68 | JI4: 19.76 | JJ4: 20.12 | JK4: 20.27 | JL4: 21.23 | JM4: 21.37 | JN4: 22.04 | JO4: 22.32 | JP4: 22.59 | JQ4: 22.72 | JR4: 23.31 | JS4: 23.67 | JT4: 23.8 | JU4: 24.41 | JV4: 24.97 | JW4: 26.25 | JX4: 26.93 | JY4: 32.87 | JZ4: 6.87 | KA4: 8 | KB4: 9.9 | KC4: 11.76 | KD4: 14.32 | KE4: 14.38 | KF4: 14.52 | KG4: 15.14 | KH4: 16.93 | KI4: 17.27 | KJ4: 17.4 | KK4: 18.52 | KL4: 19.02 | KM4: 20.36 | KN4: 7.81 | KO4: 9.05 | KP4: 9.95 | KQ4: 10.38 | KR4: 10.74 | KS4: 11.24 | KT4: 11.44 | KU4: 11.77 | KV4: 12.07 | KW4: 13 | KX4: 13.18 | KY4: 13.29 | KZ4: 13.44 | LA4: 13.78 | LB4: 13.99 | LC4: 14.17 | LD4: 14.63 | LE4: 14.86 | LF4: 15.93 | LG4: 16.1 | LH4: 16.26 | LI4: 16.74 | LJ4: 16.84 | LK4: 17.44 | LL4: 17.59 | LM4: 18.44 | LN4: 19 | LO4: 20.26 | LP4: 22.03 | LQ4: 22.8 | LR4: 22.99 | LS4: 23.32 | LT4: 23.41 | LU4: 23.9 | LV4: 25.41 | LW4: 9.96 | LX4: 10.39 | LY4: 10.78 | LZ4: 11.46 | MA4: 12.08 | MB4: 13.17 | MC4: 13.3 | MD4: 13.45 | ME4: 16.02 | MF4: 16.85 | MG4: 18.42 | MH4: 18.51 | MI4: 19.01 | MJ4: 21.24 | MK4: 22.31 | ML4: 9.06 | MM4: 10.36 | MN4: 10.77 | MO4: 11.28 | MP4: 11.45 | MQ4: 14.18 | MR4: 18.96 | MS4: 5.82 | MT4: 10.72 | MU4: 14.85 | MV4: 17.42 | MW4: 19.59 | MX4: 21.38 | MY4: 21.52 | MZ4: 23.28 | NA4: 23.46 | NB4: 23.52 | NC4: 23.97 | ND4: 24.24 | NE4: 24.34 | NF4: 9.94 | NG4: 10.35 | NH4: 11.27 | NI4: 11.78 | NJ4: 14.28 | NK4: 16.27 | NL4: 16.92 | NM4: 20.62 | NN4: 24.04 | NO4: 24.25 | NP4: 28.51 | NQ4: 10.4 | NR4: 11.47 | NS4: 11.8 | NT4: 13.28 | NU4: 13.9 | NV4: 15.21 | NW4: 18.27 | NX4: 22.73 | NY4: 24.43 | NZ4: 26.24 | OA4: 15.72 | OB4: 23.91 | OC4: 4.52 | OD4: 11.18 | OE4: 12.1 | OF4: 15.12 | OG4: 16.12 | OH4: 18.41 | OI4: 19.11 | OJ4: 21.18 | OK4: 22.66 | OL4: 32 | OM4: 9.55 | ON4: 10.49 | OO4: 15.94 | OP4: 16.48 | OQ4: 10.53 | OR4: 10.79 | OS4: 11.32 | OT4: 15.9 | OU4: 10.33 | OV4: 11.19 | OW4: 12.06 | OX4: 12.32 | OY4: 12.99 | OZ4: 15.06 | PA4: 16.91 | PB4: 18.4 | PC4: 6.88 | PD4: 10.76 | PE4: 11.26 | PF4: 11.79 | PG4: 12.62 | PH4: 14.31 | PI4: 16.04 | PJ4: 18.19 | PK4: 19.12 | PL4: 19.28 | PM4: 8.02 | PN4: 9.32 | PO4: 10.83 | PP4: 11.38 | PQ4: 14.55 | PR4: 15.22 | PS4: 20.06 | PT4: 21.53 | PU4: 23.88 | PV4: 24.62 | PW4: 25.89 | PX4: 26.7 | PY4: 10.34 | PZ4: 12.88 | QA4: 14.54 | QB4: 18.67 | QC4: 18.95 | QD4: 21.29 | QE4: 28.92 | QF4: 12.67 | QG4: 12.75 | QH4: 14.16 | QI4: 14.3 | QJ4: 14.91 | QK4: 15.13 | QL4: 15.47 | QM4: 17.2 | QN4: 18.5 | QO4: 20.28 | QP4: 20.65 | QQ4: 20.8 | QR4: 21.26 | QS4: 23.44 | QT4: 10.5 | QU4: 12.31 | QV4: 8.93 | QW4: 9.97 | QX4: 10.81 | QY4: 11.34 | QZ4: 13.77 | RA4: 14.97 | RB4: 18.28 | RC4: 24.68 | RD4: 10.75 | RE4: 11.22 | RF4: 14.87 | RG4: 18.05 | RH4: 22.3 | RI4: 26.06 | RJ4: 7.83 | RK4: 9.39 | RL4: 10.44 | RM4: 10.84 | RN4: 12.11 | RO4: 13.22 | RP4: 14.76 | RQ4: 20.33 | RR4: 20.76 | RS4: 21.99 | RT4: 23.15 | RU4: (blank) | RV4: 4.38 | RW4: 4.85 | RX4: 5.65 | RY4: 7.5 | RZ4: 12.02 | SA4: 17.32 | SB4: 21.83 | SC4: 10.26 | SD4: 18.65 | SE4: 18.97 | SF4: 20.6 | SG4: 26.41 | SH4: 4.22 | SI4: 4.59 | SJ4: 5.9 | SK4: 6.1 | SL4: 6.44 | SM4: 7.84 | SN4: 8.23 | SO4: 8.46 | SP4: 10.96 | SQ4: 14.51 | SR4: 18.77 | SS4: 20.61 | ST4: 22.82 | SU4: 23.84 | SV4: 24.1 | SW4: 25.12 | SX4: 28.2 | SY4: 7.57 | SZ4: 11.81 | TA4: 14.69 | TB4: 15.44 | TC4: 19.27 | TD4: 19.9 | TE4: 22.52 | TF4: 22.9 | TG4: 24.09 | TH4: 25.32 | TI4: 15.15 | TJ4: 16.54 | TK4: 19.18 | TL4: 31.61 | TM4: 36 | TN4: 5.96 | TO4: 7.02 | TP4: 7.56 | TQ4: 11.6 | TR4: 12.86 | TS4: 13.43 | TT4: 14.35 | TU4: 24.14 | TV4: 25.58 | TW4: 28.43 | TX4: 32.38 | TY4: 4.61 | TZ4: 4.66 | UA4: 4.77 | UB4: 4.91 | UC4: 6.49 | UD4: 7.03 | UE4: 7.91 | UF4: 8.22 | UG4: 10.37 | UH4: 20.15 | UI4: 22.71 | UJ4: 14.56 | UK4: 8.76 | UL4: 11.94 | UM4: 20.89 | UN4: 21.28 | UO4: 22.41 | UP4: 31.23 | UQ4: 11.42 | UR4: 13.21 | US4: 20.64 | UT4: 4.76 | UU4: 23.96 | UV4: 5.74 | UW4: 8.05 | UX4: 10.01 | UY4: 10.55 | UZ4: 11.52 | VA4: 11.83 | VB4: 12.63 | VC4: 13.31 | VD4: 13.73 | VE4: 15.07 | VF4: 16.23 | VG4: 16.75 | VH4: 17.45 | VI4: 20.11 | VJ4: 20.25 | VK4: 20.39 | VL4: Grand Total
A5: 10 | H5: 10547387 | K5: 367269522 | Z5: 134868164 | AE5: 830271702 | AH5: 287257859 | AO5: 67484218 | AS5: 11847345 | AW5: 20207509 | AY5: 63676011 | BC5: 15813038 | BM5: 11813817 | BQ5: 41888710 | CA5: 18504210 | CF5: 168050066 | CG5: 1462325962 | CK5: 11190169 | CM5: 43078746 | CY5: 27456319 | DA5: 23732517 | DC5: 15197547 | DJ5: 587694068 | DK5: 16348691 | DS5: 7955249 | DV5: 33047875 | DW5: 11598706 | DY5: 35310067 | EB5: 19446732 | EC5: 23226888 | ED5: 717673350 | EG5: 58779267 | EI5: 35717089 | EJ5: 106338599 | EL5: 47011345 | EM5: 43863998 | EN5: 25560303 | EP5: 42675422 | EQ5: 9375344 | ER5: 18026131 | ES5: 113846040 | ET5: 47293450 | EU5: 46115552 | FB5: 34750297 | FC5: 25435943 | FJ5: 27361914 | FL5: 72333722 | FO5: 17773794 | FU5: 26544789 | GA5: 123416276 | GC5: 98914904 | GH5: 10108429 | GI5: 8189198 | GM5: 12387219 | GN5: 62914149 | GQ5: 12245955 | GV5: 17017741 | GX5: 56086396 | GY5: 137293088 | HC5: 162757930 | HE5: 9624619 | HF5: 27358358 | HH5: 28897750 | HI5: 12327502 | HJ5: 358440965 | HQ5: 12168932 | HT5: 86614349 | HX5: 22410179 | IE5: 15089006 | VL5: 7157848388
A6: 40 | K6: 36688082 | X6: 59058963 | Z6: 141891050 | AE6: 162625214 | AI6: 48259997 | AO6: 12926929 | AW6: 3864865 | AZ6: 19431278 | BC6: 8849781 | BL6: 5262363 | BM6: 8190931 | BR6: 44290179 | CA6: 19076433 | CB6: 16096507 | CF6: 92973231 | CG6: 13244996 | CK6: 8409562 | CM6: 20947577 | CR6: 9028053 | CS6: 15869294 | CW6: 15552015 | CY6: 35599328 | DA6: 5612009 | DC6: 10703535 | DG6: 29510066 | DJ6: 323413008 | DL6: 33548668 | DN6: 8156739 | DO6: 9843936 | DR6: 7112307 | DU6: 14347639 | DV6: 22771808 | DX6: 13645737 | DY6: 8786483 | EB6: 29612002 | EC6: 32661285 | ED6: 271928414 | EF6: 5217496 | EG6: 126933789 | EH6: 5469406 | EK6: 23750098 | EL6: 65910349 | EM6: 17136547 | EN6: 43235815 | EP6: 36104970 | ER6: 5869447 | ES6: 35128120 | ET6: 22085341 | EU6: 53631199 | EW6: 24257666 | EY6: 26310840 | FB6: 9983725 | FG6: 5808409 | FJ6: 49670217 | FL6: 42873171 | FO6: 18840447 | FQ6: 49086475 | FS6: 66629567 | FU6: 12767382 | FW6: 11267716 | FX6: 12574543 | FZ6: 6659434 | GA6: 47038275 | GB6: 5717847 | GC6: 40412966 | GD6: 15933716 | GF6: 15825379 | GM6: 18422132 | GN6: 30291683 | GO6: 7281088 | GS6: 12507523 | GW6: 31720126 | GX6: 29824386 | GY6: 66182301 | GZ6: 13465287 | HB6: 6880919 | HC6: 86608924 | HE6: 13269146 | HF6: 15023081 | HG6: 10419868 | HH6: 16971216 | HJ6: 218762329 | HK6: 9534774 | HN6: 11522469 | HQ6: 11095818 | HT6: 46741021 | HX6: 11500225 | VL6: 3189944932
A7: 80 | B7: 9818771 | G7: 7956377 | K7: 55993467 | W7: 48026117 | Y7: 3399657 | Z7: 109849242 | AB7: 8778690 | AE7: 478562578 | AO7: 36786514 | AS7: 4808173 | AW7: 9402478 | AZ7: 17965161 | BC7: 9100278 | BL7: 4528410 | BM7: 9906658 | BU7: 57041310 | BX7: 9256995 | CA7: 15111311 | CB7: 23622311 | CF7: 65891362 | CG7: 374503322 | CJ7: 9078524 | CK7: 15486757 | CM7: 10897028 | CP7: 9121726 | CS7: 42048074 | CU7: 6797930 | CY7: 53438147 | DA7: 5065338 | DC7: 5449704 | DD7: 12104863 | DH7: 23669575 | DJ7: 181157281 | DL7: 133573040 | DM7: 9848620 | DU7: 17770851 | DV7: 12591060 | DX7: 10676109 | DY7: 94313144 | DZ7: 11514400 | EB7: 94363128 | EC7: 13493444 | ED7: 212834322 | EF7: 28255035 | EG7: 17325134 | EK7: 8889076 | EL7: 62308567 | EM7: 11472601 | EN7: 31561756 | EP7: 42027180 | ES7: 21298706 | ET7: 36121268 | EU7: 37295923 | EV7: 8800847 | EX7: 4676667 | FB7: 7726851 | FF7: 9347574 | FJ7: 17621484 | FL7: 24322788 | FM7: 10770116 | FO7: 17496303 | FP7: 120779580 | FR7: 8462610 | FT7: 5895354 | FV7: 6063784 | GA7: 11266765 | GC7: 11175653 | GE7: 5843721 | GH7: 36337677 | GJ7: 11415631 | GL7: 14719467 | GN7: 7002144 | GW7: 27641171 | GX7: 8672158 | GY7: 13869024 | HB7: 6767662 | HC7: 40691163 | HF7: 10601843 | HJ7: 71242667 | HL7: 4656841 | HT7: 16628905 | VL7: 3182653943
A8: 140 | H8: 7856625 | K8: 89231194 | W8: 18159247 | Z8: 94616773 | AE8: 246403709 | BC8: 14954492 | BU8: 40578026 | CF8: 22690878 | CG8: 1452076393 | DJ8: 83353925 | DL8: 12726375 | EB8: 17864320 | EC8: 13683037 | ED8: 63520678 | EL8: 20534086 | EP8: 12211328 | EU8: 42224269 | FJ8: 21789049 | FL8: 12240745 | FP8: 48767241 | GA8: 25538840 | GX8: 9126287 | GY8: 9534934 | HJ8: 19141017 | VL8: 2398823468
A9: 147 | J9: 8273246 | U9: 23909272 | Z9: 164360884 | AD9: 383379729 | AG9: 91416189 | AX9: 25987392 | BB9: 17047642 | BP9: 40202120 | CA9: 8926078 | CF9: 93306902 | CG9: 1685361528 | CH9: 27172118 | CK9: 9984551 | CM9: 59114995 | CQ9: 20962515 | CY9: 37722448 | CZ9: 7322953 | DG9: 20867137 | DJ9: 392369311 | DP9: 35859512 | DT9: 22225932 | DV9: 31803527 | DX9: 18925458 | DY9: 12772855 | EB9: 40872479 | EC9: 72170012 | ED9: 349775327 | EG9: 106381080 | EK9: 13549661 | EL9: 89830142 | EM9: 17916816 | EN9: 56629376 | EP9: 26911368 | ES9: 43741792 | ET9: 27308959 | EU9: 42065388 | EW9: 39204389 | EY9: 40661145 | FB9: 14597362 | FI9: 17611639 | FJ9: 57874188 | FL9: 63631882 | FO9: 18632073 | FQ9: 82556398 | FS9: 103049699 | FU9: 21528499 | FX9: 14711496 | GA9: 20245218 | GC9: 26917351 | GM9: 15960908 | GN9: 19797229 | GO9: 15636258 | GX9: 10710680 | GY9: 30715250 | HC9: 74486530 | HF9: 31041440 | HJ9: 92332910 | HT9: 35876183 | HV9: 5164180 | IE9: 13619487 | VL9: 4992989088
A10: 246 | D10: 6623850 | K10: 5244996 | M10: 12053314 | O10: 5820250 | V10: 18951719 | Z10: 128548384 | AE10: 96563381 | AK10: 18563809 | AN10: 8893183 | AS10: 4399008 | AW10: 6560958 | BA10: 8422892 | BC10: 7304198 | BH10: 13995789 | BL10: 4414643 | BM10: 9529684 | BS10: 8167510 | BW10: 16324043 | CA10: 4144493 | CF10: 34228653 | CG10: 116322703 | CK10: 2680550 | DH10: 8663639 | DJ10: 87072827 | DL10: 69477185 | DU10: 6356246 | EC10: 9953581 | ED10: 100851466 | EL10: 17600423 | EM10: 4913410 | EO10: 11009198 | EP10: 12749293 | ER10: 5069709 | ES10: 9583854 | ET10: 14733721 | EU10: 30533038 | FJ10: 17331953 | FL10: 10169281 | FN10: 8845866 | FV10: 6655393 | GA10: 27889274 | GC10: 5959300 | GX10: 7479553 | GY10: 7334901 | HC10: 15897294 | HJ10: 43028697 | HQ10: 5756593 | HS10: 10983151 | HT10: 29175409 | VL10: 1122832265
A11: 394 | H11: 15547488 | K11: 233323115 | X11: 32304449 | Z11: 383723762 | AA11: 11888694 | AC11: 35099465 | AG11: 2715899369 | AM11: 71552274 | AP11: 214445950 | AT11: 8900748 | AW11: 15803724 | AZ11: 18318790 | BC11: 10518633 | BN11: 11299986 | BO11: 10895797 | BT11: 253377494 | BZ11: 37349052 | CA11: 16230368 | CF11: 48610892 | CO11: 48772467 | CT11: 10476636 | CX11: 41154033 | CY11: 13441785 | DG11: 13408352 | DJ11: 156733449 | DL11: 30081740 | DU11: 16398351 | DX11: 8957752 | DY11: 6933869 | ED11: 178498253 | EL11: 38599637 | EM11: 8353854 | EN11: 18646039 | EP11: 23606374 | ES11: 17666046 | ET11: 26538904 | EU11: 36699569 | EW11: 3754007 | FJ11: 7727549 | FL11: 15598554 | FO11: 18751567 | FP11: 26356541 | FQ11: 12094973 | FT11: 7671684 | GA11: 13672803 | GR11: 10102237 | HC11: 16341773 | HJ11: 39780377 | VL11: 5011909225
A12: 420 | C12: 12360662 | I12: 19548352 | L12: 47245727 | X12: 8113929 | Z12: 128603685 | AB12: 9625040 | AE12: 710619618 | AO12: 30521302 | AT12: 10533772 | AW12: 15832186 | BC12: 9450245 | BG12: 11399508 | BM12: 9290197 | BT12: 61969650 | CB12: 35352151 | CF12: 28721812 | CG12: 1090281086 | CK12: 15503562 | CS12: 22487724 | CY12: 34337608 | DI12: 30324323 | DJ12: 124181814 | DL12: 35681120 | DM12: 23753660 | DQ12: 11616769 | DU12: 13972220 | DY12: 97623921 | EC12: 43311045 | ED12: 125354038 | EF12: 27656110 | EG12: 209327921 | EL12: 47432888 | EN12: 24210569 | EP12: 25574808 | ES12: 11700991 | ET12: 21800142 | EU12: 32104763 | EV12: 9511146 | FJ12: 38718760 | FL12: 14238860 | FM12: 9659254 | FO12: 14310800 | FP12: 205540102 | FR12: 8538655 | GA12: 23782023 | GH12: 37147387 | GS12: 49361914 | GU12: 12991975 | HC12: 22902423 | HF12: 10275204 | HJ12: 46259133 | HT12: 14993106 | VL12: 3735655660
A13: 510 | E13: 13239085 | M13: 7944070 | O13: 10630519 | S13: 8286377 | V13: 29355715 | Z13: 49660305 | AE13: 12652666 | AK13: 8935422 | AN13: 5808424 | AQ13: 4908920 | AS13: 9723114 | AU13: 3566369 | AW13: 14347159 | AZ13: 7209611 | BC13: 18706261 | BJ13: 5333147 | BK13: 5456693 | BM13: 11302313 | BS13: 22045693 | CA13: 4740869 | CD13: 13934350 | CE13: 8417538 | CF13: 36393125 | CG13: 36126123 | CM13: 5223940 | CU13: 5959829 | CY13: 3634662 | DB13: 4075861 | DE13: 6415564 | DF13: 115178051 | DJ13: 76352279 | DL13: 122899747 | DQ13: 3793515 | DU13: 6880090 | DV13: 6269007 | DX13: 3897444 | EA13: 3062533 | EB13: 21600047 | EC13: 41251282 | ED13: 66584646 | EG13: 6065481 | EK13: 14911692 | EL13: 27463216 | EM13: 3813707 | EO13: 14544757 | EP13: 15267580 | ER13: 13506396 | ES13: 12448255 | ET13: 18678158 | EU13: 38356036 | EX13: 1148252 | FA13: 2618591 | FB13: 5245367 | FE13: 6975483 | FG13: 6017717 | FJ13: 56236267 | FK13: 5023964 | FL13: 13326347 | FO13: 7359781 | FR13: 2177786 | FY13: 3816696 | FZ13: 5373696 | GA13: 65843410 | GC13: 27129723 | GG13: 3785263 | GH13: 2357337 | GM13: 14372096 | GN13: 24126918 | GS13: 38227645 | GT13: 3121801 | GU13: 10956330 | GV13: 3060819 | GX13: 29144609 | GY13: 43957408 | HA13: 4934341 | HC13: 18797505 | HE13: 4746422 | HH13: 4053315 | HJ13: 66504860 | HT13: 13343065 | IB13: 2216029 | VL13: 1502856486
A14: 565 | F14: 10455788 | N14: 17688031 | P14: 9615613 | R14: 10847114 | W14: 16981972 | Z14: 119764850 | AE14: 65526164 | AJ14: 41752941 | AO14: 13748804 | AQ14: 6394658 | AS14: 6571624 | AW14: 13873367 | AZ14: 15870753 | BC14: 27773970 | BI14: 5848206 | BL14: 6507506 | BM14: 13041828 | BS14: 18639639 | BY14: 13768588 | CA14: 10998619 | CB14: 36211731 | CE14: 7505058 | CF14: 47801683 | CG14: 309843448 | CI14: 7070007 | CK14: 12534124 | CM14: 12655212 | CS14: 11667626 | CU14: 9418610 | CY14: 8772732 | DG14: 5054066 | DJ14: 112268127 | DL14: 32795015 | DP14: 4124535 | DQ14: 6495790 | DU14: 10343487 | DV14: 5647325 | DX14: 5709523 | DZ14: 5009061 | EB14: 5746250 | EC14: 52982046 | ED14: 176617410 | EK14: 4449032 | EL14: 21860900 | EM14: 9537597 | EN14: 12839053 | EP14: 17183347 | ER14: 3756908 | ES14: 14493080 | ET14: 15719195 | EU14: 39431701 | EX14: 7771033 | EZ14: 7338953 | FA14: 4434076 | FJ14: 35492324 | FL14: 13493130 | FO14: 10847954 | FR14: 8591543 | FT14: 7157268 | FV14: 5426314 | GA14: 18311494 | GC14: 3909946 | GM14: 4988922 | GP14: 4557168 | GX14: 4292055 | HC14: 15392788 | HJ14: 49151653 | HQ14: 4219362 | HS14: 9292871 | HT14: 18771848 | IC14: 10134971 | VL14: 1714789387
A15: 627 | H15: 4051725 | L15: 5915474 | N15: 7782337 | P15: 4629335 | W15: 11640022 | Z15: 52444769 | AE15: 133306042 | AJ15: 29751085 | AN15: 10493211 | AR15: 3924349 | AS15: 2483320 | AW15: 4195241 | AZ15: 8881857 | BC15: 11596224 | BD15: 3969625 | BL15: 3564897 | BM15: 8983535 | BW15: 16147375 | CA15: 6350156 | CB15: 11938443 | CF15: 23890100 | CG15: 263396558 | CU15: 5737284 | DH15: 14627946 | DJ15: 80867545 | DY15: 4951166 | EB15: 10516723 | ED15: 82021281 | EG15: 12610451 | EL15: 9338669 | EM15: 3231984 | EO15: 6410036 | EP15: 16564782 | ES15: 8054979 | ET15: 11237195 | EU15: 33819902 | FJ15: 2956459 | FL15: 6979426 | FO15: 9983182 | FV15: 7245077 | GA15: 10762511 | GC15: 5363961 | GN15: 3602119 | GX15: 5665464 | GY15: 6732515 | HC15: 25847738 | HJ15: 55533338 | HT15: 9176098 | VL15: 1079173511
A16: 655 | H16: 17081537 | M16: 6415197 | N16: 24175972 | V16: 16725022 | W16: 15412367 | Z16: 474350249 | AB16: 12897948 | AE16: 755918407 | AI16: 82094255 | AN16: 20579740 | AO16: 27905399 | AS16: 9512110 | AW16: 19404892 | AZ16: 29729604 | BC16: 18773000 | BK16: 4345984 | BM16: 21778912 | BQ16: 43836005 | BS16: 12271473 | CA16: 14470618 | CB16: 13264660 | CE16: 7164662 | CF16: 111315896 | CG16: 294749881 | CM16: 14105715 | CS16: 16095283 | CY16: 35683746 | DJ16: 293605689 | DL16: 244306563 | DU16: 17263795 | DV16: 16876666 | DX16: 11575218 | DY16: 109089227 | EB16: 103063183 | EC16: 71192249 | ED16: 338653628 | EF16: 25306635 | EG16: 131384050 | EK16: 19580795 | EL16: 74643639 | EM16: 17500199 | EN16: 29580674 | EP16: 31346415 | ES16: 34027608 | ET16: 42451706 | EU16: 56808710 | EV16: 8987620 | FF16: 11776259 | FJ16: 30084145 | FL16: 31864509 | FO16: 17832597 | FP16: 14528003 | GA16: 31893045 | GC16: 14601930 | GD16: 12123529 | GF16: 14463102 | GH16: 21197399 | GN16: 9999517 | GW16: 20952682 | GX16: 13634603 | GY16: 10164523 | HC16: 44911309 | HJ16: 73093743 | HT16: 16870682 | JY16: 57772935 | LN16: 7397716 | RZ16: 7441494 | SA16: 16484226 | SB16: 22317605 | SP16: 5540223 | UL16: 5095496 | VL16: 4309344075
A17: 880 | K17: 61160862 | W17: 27440439 | Z17: 186038590 | AB17: 19045049 | AF17: 1393107806 | AO17: 71250921 | AS17: 9255833 | AW17: 12233262 | AZ17: 42221584 | BC17: 10285202 | BM17: 10786564 | BQ17: 52551594 | CA17: 30289466 | CC17: 20361285 | CF17: 143399117 | CG17: 1168484550 | CK17: 16260144 | CM17: 17464688 | CR17: 26751227 | CT17: 17355762 | CY17: 34908005 | DA17: 17607765 | DC17: 19342052 | DJ17: 563884129 | DL17: 70126005 | DR17: 13032630 | DU17: 11838894 | DV17: 39785485 | DW17: 12583194 | DY17: 9370722 | EB17: 36296787 | EC17: 14630672 | ED17: 638489639 | EG17: 111479253 | EK17: 17582800 | EL17: 20695209 | EM17: 38546361 | EN17: 16928746 | EP17: 42021256 | ES17: 60682671 | ET17: 46386476 | EU17: 72909197 | EW17: 5762912 | FB17: 12257814 | FD17: 9778564 | FJ17: 8981799 | FL17: 72772680 | FO17: 37129344 | FQ17: 10833986 | FT17: 14428722 | FX17: 28110374 | GA17: 13164748 | GC17: 22259699 | GN17: 15869745 | GY17: 12384130 | HC17: 61080621 | HE17: 12187762 | HF17: 11435469 | HH17: 13659380 | HJ17: 214907837 | HO17: 18618904 | HQ17: 22308231 | HT17: 85716556 | VL17: 5948521170
A18: 983 | I18: 12635106 | L18: 20758937 | X18: 15959020 | Z18: 36993933 | AE18: 385426814 | AO18: 18382791 | AT18: 7458008 | AW18: 11303031 | BC18: 15812648 | BE18: 9950483 | BF18: 20377750 | BM18: 9986820 | BU18: 47304414 | CA18: 12974611 | CB18: 25084190 | CF18: 21973111 | CG18: 1474642190 | CH18: 16915693 | CK18: 86796834 | CY18: 18679028 | DG18: 20034727 | DJ18: 68882646 | EC18: 25350514 | ED18: 72201513 | EG18: 9343883 | EK18: 11485734 | EL18: 26519303 | EO18: 14347828 | EP18: 18473593 | ES18: 10899954 | EU18: 47364174 | FJ18: 33598487 | FL18: 10722486 | FN18: 11455342 | GA18: 68438550 | GC18: 21478900 | GM18: 12328791 | GN18: 19525808 | GS18: 26110105 | GX18: 30620730 | GY18: 32090471 | HD18: 12311404 | HJ18: 38027793 | HR18: 41392997 | VL18: 2952421145
