Workbook

Sheet RAW
A1: Sample | B1: Header= | C1: Peak | D1: RT | E1: RT_round | F1: First | G1: Max | H1: Last | I1: PK TY | J1: Height | K1: Area | L1: Pct Max | M1: Pct Total
A2: 10A-4B-VCS-Loc-22 | B2: 1= | C2: 1 | D2: 4.168 | E2: =ROUND(D2,2) -> 4.17 | F2: 5 | G2: 26 | H2: 86 | I2: BB 5 | J2: 227762 | K2: 3806407 | L2: 6.53 | M2: 0.769
A3: 10A-4B-VCS-Loc-22 | B3: 2= | C3: 2 | D3: 4.451 | E3: =ROUND(D3,2) -> 4.45 | F3: 98 | G3: 115 | H3: 133 | I3: BV 9 | J3: 25013 | K3: 861335 | L3: 1.48 | M3: 0.174
A4: 10A-4B-VCS-Loc-22 | B4: 3= | C4: 3 | D4: 4.719 | E4: =ROUND(D4,2) -> 4.72 | F4: 194 | G4: 200 | H4: 273 | I4: BV 4 | J4: 154389 | K4: 5185464 | L4: 8.89 | M4: 1.047
A5: 10A-4B-VCS-Loc-22 | B5: 4= | C5: 4 | D5: 5.028 | E5: =ROUND(D5,2) -> 5.03 | F5: 273 | G5: 298 | H5: 342 | I5: PV 8 | J5: 169743 | K5: 6976344 | L5: 11.97 | M5: 1.409
A6: 10A-4B-VCS-Loc-22 | B6: 5= | C6: 5 | D6: 5.197 | E6: =ROUND(D6,2) -> 5.2 | F6: 342 | G6: 351 | H6: 379 | I6: VV 9 | J6: 50081 | K6: 1485790 | L6: 2.55 | M6: 0.3
A7: 10A-4B-VCS-Loc-22 | B7: 6= | C7: 6 | D7: 6.269 | E7: =ROUND(D7,2) -> 6.27 | F7: 665 | G7: 690 | H7: 701 | I7: PV 9 | J7: 37451 | K7: 1584035 | L7: 2.72 | M7: 0.32
A8: 10A-4B-VCS-Loc-22 | B8: 7= | C8: 7 | D8: 6.332 | E8: =ROUND(D8,2) -> 6.33 | F8: 701 | G8: 710 | H8: 732 | I8: VV 9 | J8: 80344 | K8: 3224612 | L8: 5.53 | M8: 0.651
A9: 10A-4B-VCS-Loc-22 | B9: 8= | C9: 8 | D9: 6.423 | E9: =ROUND(D9,2) -> 6.42 | F9: 732 | G9: 739 | H9: 790 | I9: VV 9 | J9: 46052 | K9: 2660289 | L9: 4.56 | M9: 0.537
A10: 10A-4B-VCS-Loc-22 | B10: 9= | C10: 9 | D10: 8.648 | E10: =ROUND(D10,2) -> 8.65 | F10: 1428 | G10: 1442 | H10: 1487 | I10: BB 6 | J10: 41001 | K10: 2130604 | L10: 3.65 | M10: 0.43
A11: 10A-4B-VCS-Loc-22 | B11: 10= | C11: 10 | D11: 8.972 | E11: =ROUND(D11,2) -> 8.97 | F11: 1523 | G11: 1545 | H11: 1606 | I11: VB 6 | J11: 53373 | K11: 3694102 | L11: 6.34 | M11: 0.746
A12: 10A-4B-VCS-Loc-22 | B12: 11= | C12: 11 | D12: 9.381 | E12: =ROUND(D12,2) -> 9.38 | F12: 1652 | G12: 1674 | H12: 1717 | I12: BV 9 | J12: 139477 | K12: 7243660 | L12: 12.43 | M12: 1.463
A13: 10A-4B-VCS-Loc-22 | B13: 12= | C13: 12 | D13: 9.561 | E13: =ROUND(D13,2) -> 9.56 | F13: 1717 | G13: 1731 | H13: 1757 | I13: VV 5 | J13: 84253 | K13: 3833068 | L13: 6.57 | M13: 0.774
... A4977: 9E-25A-VCS-Loc-22 | B4977: 79= | C4977: 79 | D4977: 40.013 | E4977: =ROUND(D4977,2) -> 40.01 | F4977: 11350 | G4977: 11362 | H4977: 11390 | I4977: VV 2 | J4977: 47095 | K4977: 1258212 | L4977: 1.12 | M4977: 0.207

Sheet RAW2
A1: sample_ID | B1: plant.id | C1: rt | D1: rt_round | E1: rt_comb | F1: rt.final | G1: area | H1: control_area | I1: replicate | J1: position | K1: sample | L1: biomass | M1: leaf_count | N1: wet_wt | O1: swa | P1: id | Q1: ngghr | R1: fortbl | S1: Sample | T1: remove | U1: compound | V1: pair
A2: 10A-4B-VCS-Loc-22 | B2: =LEFT(A2,FIND("-",A2)-1) -> 10A | C2: 4.168 | D2: =ROUND(C2,2) -> 4.17 | E2: =VLOOKUP(D2,'Peak Combiner'!$A$5:$D$4980,4,FALSE) -> 4.15 | F2: =IFERROR(VLOOKUP(D2,rt_comb!$A:$B,2,FALSE),D2) -> 4.17 | G2: 3806407 | H2: =SUMIFS($G:$G,$E:$E,18.51,'RAW2'!$A:$A,'RAW2'!A2) -> 42551864 | I2: =VLOOKUP(A2,'volatile collection data'!$G$6:$H$69,2,FALSE) -> A | J2: =VLOOKUP(A2,'volatile collection data'!$G$6:$I$69,3,FALSE) -> 10 | K2: =VLOOKUP(A2,'volatile collection data'!$G$6:$N$69,8,FALSE) -> 4B | L2: =VLOOKUP(A2,'volatile collection data'!$G$6:$J$69,4,FALSE) -> 3.8 | M2: =VLOOKUP($A2,'volatile collection data'!$G$6:$M$69,6,FALSE) -> 8 | N2: =VLOOKUP($A2,'volatile collection data'!$G$6:$M$69,7,FALSE) -> 3.8 | O2: =VLOOKUP(A2,'volatile collection data'!$G$6:$K$69,5,FALSE) -> 0 | P2: =J2&I2 -> 10A | Q2: =IFERROR((30/H2*G2)/L2/6,0) -> 0.11770178 | R2: =K2&"_"&O2&"-"&I2&"&"&L2&"%"&N2&"@"&M2 -> 4B_0-A&3.8%3.8@8 | S2: =A2 -> 10A-4B-VCS-Loc-22 | T2: =IFERROR(IF(VLOOKUP(S2,Bad!$A:$A,1,FALSE)='RAW2'!S2,"yes","no"),"no") -> no | U2: =IFERROR(VLOOKUP(F2,compounds!$A:$B,2,FALSE),"") | V2: =VLOOKUP(B2,'volatile collection data'!$O:$P,2,FALSE) -> 24.apr.22 4
A3: 10A-4B-VCS-Loc-22 | B3: =LEFT(A3,FIND("-",A3)-1) -> 10A | C3: 4.451 | D3: =ROUND(C3,2) -> 4.45 | E3: =VLOOKUP(D3,'Peak Combiner'!$A$5:$D$4980,4,FALSE) -> 4.45 | F3: =IFERROR(VLOOKUP(D3,rt_comb!$A:$B,2,FALSE),D3) -> 4.45 | G3: 861335 | H3: =SUMIFS($G:$G,$E:$E,18.51,'RAW2'!$A:$A,'RAW2'!A3) -> 42551864 | I3: =VLOOKUP(A3,'volatile collection data'!$G$6:$H$69,2,FALSE) -> A | J3: =VLOOKUP(A3,'volatile collection data'!$G$6:$I$69,3,FALSE) -> 10 | K3: =VLOOKUP(A3,'volatile collection data'!$G$6:$N$69,8,FALSE) -> 4B | L3: =VLOOKUP(A3,'volatile collection data'!$G$6:$J$69,4,FALSE) -> 3.8 | M3: =VLOOKUP($A3,'volatile collection data'!$G$6:$M$69,6,FALSE) -> 8 | N3: =VLOOKUP($A3,'volatile collection data'!$G$6:$M$69,7,FALSE) -> 3.8 | O3: =VLOOKUP(A3,'volatile collection data'!$G$6:$K$69,5,FALSE) -> 0 | P3: =J3&I3 -> 10A | Q3: =IFERROR((30/H3*G3)/L3/6,0) -> 0.026634216 | R3: =K3&"_"&O3&"-"&I3&"&"&L3&"%"&N3&"@"&M3 -> 4B_0-A&3.8%3.8@8 | S3: =A3 -> 10A-4B-VCS-Loc-22 | T3: =IFERROR(IF(VLOOKUP(S3,Bad!$A:$A,1,FALSE)='RAW2'!S3,"yes","no"),"no") -> no | U3: =IFERROR(VLOOKUP(F3,compounds!$A:$B,2,FALSE),"") | V3: =VLOOKUP(B3,'volatile collection data'!$O:$P,2,FALSE) -> 24.apr.22 4
A4: 10A-4B-VCS-Loc-22 | B4: =LEFT(A4,FIND("-",A4)-1) -> 10A | C4: 4.719 | D4: =ROUND(C4,2) -> 4.72 | E4: =VLOOKUP(D4,'Peak Combiner'!$A$5:$D$4980,4,FALSE) -> 4.7 | F4: =IFERROR(VLOOKUP(D4,rt_comb!$A:$B,2,FALSE),D4) -> 4.72 | G4: 5185464 | H4: =SUMIFS($G:$G,$E:$E,18.51,'RAW2'!$A:$A,'RAW2'!A4) -> 42551864 | I4: =VLOOKUP(A4,'volatile collection data'!$G$6:$H$69,2,FALSE) -> A | J4: =VLOOKUP(A4,'volatile collection data'!$G$6:$I$69,3,FALSE) -> 10 | K4: =VLOOKUP(A4,'volatile collection data'!$G$6:$N$69,8,FALSE) -> 4B | L4: =VLOOKUP(A4,'volatile collection data'!$G$6:$J$69,4,FALSE) -> 3.8 | M4: =VLOOKUP($A4,'volatile collection data'!$G$6:$M$69,6,FALSE) -> 8 | N4: =VLOOKUP($A4,'volatile collection data'!$G$6:$M$69,7,FALSE) -> 3.8 | O4: =VLOOKUP(A4,'volatile collection data'!$G$6:$K$69,5,FALSE) -> 0 | P4: =J4&I4 -> 10A | Q4: =IFERROR((30/H4*G4)/L4/6,0) -> 0.16034501 | R4: =K4&"_"&O4&"-"&I4&"&"&L4&"%"&N4&"@"&M4 -> 4B_0-A&3.8%3.8@8 | S4: =A4 -> 10A-4B-VCS-Loc-22 | T4: =IFERROR(IF(VLOOKUP(S4,Bad!$A:$A,1,FALSE)='RAW2'!S4,"yes","no"),"no") -> no | U4: =IFERROR(VLOOKUP(F4,compounds!$A:$B,2,FALSE),"") | V4: =VLOOKUP(B4,'volatile collection data'!$O:$P,2,FALSE) -> 24.apr.22 4
A5: 10A-4B-VCS-Loc-22 | B5: =LEFT(A5,FIND("-",A5)-1) -> 10A | C5: 5.028 | D5: =ROUND(C5,2) -> 5.03 | E5: =VLOOKUP(D5,'Peak Combiner'!$A$5:$D$4980,4,FALSE) -> 5.03 | F5: =IFERROR(VLOOKUP(D5,rt_comb!$A:$B,2,FALSE),D5) -> 5.03 | G5: 6976344 | H5: =SUMIFS($G:$G,$E:$E,18.51,'RAW2'!$A:$A,'RAW2'!A5) -> 42551864 | I5: =VLOOKUP(A5,'volatile collection data'!$G$6:$H$69,2,FALSE) -> A | J5: =VLOOKUP(A5,'volatile collection data'!$G$6:$I$69,3,FALSE) -> 10 | K5: =VLOOKUP(A5,'volatile collection data'!$G$6:$N$69,8,FALSE) -> 4B | L5: =VLOOKUP(A5,'volatile collection data'!$G$6:$J$69,4,FALSE) -> 3.8 | M5: =VLOOKUP($A5,'volatile collection data'!$G$6:$M$69,6,FALSE) -> 8 | N5: =VLOOKUP($A5,'volatile collection data'!$G$6:$M$69,7,FALSE) -> 3.8 | O5: =VLOOKUP(A5,'volatile collection data'!$G$6:$K$69,5,FALSE) -> 0 | P5: =J5&I5 -> 10A | Q5: =IFERROR((30/H5*G5)/L5/6,0) -> 0.21572263 | R5: =K5&"_"&O5&"-"&I5&"&"&L5&"%"&N5&"@"&M5 -> 4B_0-A&3.8%3.8@8 | S5: =A5 -> 10A-4B-VCS-Loc-22 | T5: =IFERROR(IF(VLOOKUP(S5,Bad!$A:$A,1,FALSE)='RAW2'!S5,"yes","no"),"no") -> no | U5: =IFERROR(VLOOKUP(F5,compounds!$A:$B,2,FALSE),"") | V5: =VLOOKUP(B5,'volatile collection data'!$O:$P,2,FALSE) -> 24.apr.22 4
A6: 10A-4B-VCS-Loc-22 | B6: =LEFT(A6,FIND("-",A6)-1) -> 10A | C6: 5.197 | D6: =ROUND(C6,2) -> 5.2 | E6: =VLOOKUP(D6,'Peak Combiner'!$A$5:$D$4980,4,FALSE) -> 5.2 | F6: =IFERROR(VLOOKUP(D6,rt_comb!$A:$B,2,FALSE),D6) -> 5.2 | G6: 1485790 | H6: =SUMIFS($G:$G,$E:$E,18.51,'RAW2'!$A:$A,'RAW2'!A6) -> 42551864 | I6: =VLOOKUP(A6,'volatile collection data'!$G$6:$H$69,2,FALSE) -> A | J6: =VLOOKUP(A6,'volatile collection data'!$G$6:$I$69,3,FALSE) -> 10 | K6: =VLOOKUP(A6,'volatile collection data'!$G$6:$N$69,8,FALSE) -> 4B | L6: =VLOOKUP(A6,'volatile collection data'!$G$6:$J$69,4,FALSE) -> 3.8 | M6: =VLOOKUP($A6,'volatile collection data'!$G$6:$M$69,6,FALSE) -> 8 | N6: =VLOOKUP($A6,'volatile collection data'!$G$6:$M$69,7,FALSE) -> 3.8 | O6: =VLOOKUP(A6,'volatile collection data'!$G$6:$K$69,5,FALSE) -> 0 | P6: =J6&I6 -> 10A | Q6: =IFERROR((30/H6*G6)/L6/6,0) -> 0.045943624 | R6: =K6&"_"&O6&"-"&I6&"&"&L6&"%"&N6&"@"&M6 -> 4B_0-A&3.8%3.8@8 | S6: =A6 -> 10A-4B-VCS-Loc-22 | T6: =IFERROR(IF(VLOOKUP(S6,Bad!$A:$A,1,FALSE)='RAW2'!S6,"yes","no"),"no") -> no | U6: =IFERROR(VLOOKUP(F6,compounds!$A:$B,2,FALSE),"") | V6: =VLOOKUP(B6,'volatile collection data'!$O:$P,2,FALSE) -> 24.apr.22 4
A7: 10A-4B-VCS-Loc-22 | B7: =LEFT(A7,FIND("-",A7)-1) -> 10A | C7: 6.269 | D7: =ROUND(C7,2) -> 6.27 | E7: =VLOOKUP(D7,'Peak Combiner'!$A$5:$D$4980,4,FALSE) -> 6.25 | F7: =IFERROR(VLOOKUP(D7,rt_comb!$A:$B,2,FALSE),D7) -> 6.27 | G7: 1584035 | H7: =SUMIFS($G:$G,$E:$E,18.51,'RAW2'!$A:$A,'RAW2'!A7) -> 42551864 | I7: =VLOOKUP(A7,'volatile collection data'!$G$6:$H$69,2,FALSE) -> A | J7: =VLOOKUP(A7,'volatile collection data'!$G$6:$I$69,3,FALSE) -> 10 | K7: =VLOOKUP(A7,'volatile collection data'!$G$6:$N$69,8,FALSE) -> 4B | L7: =VLOOKUP(A7,'volatile collection data'!$G$6:$J$69,4,FALSE) -> 3.8 | M7: =VLOOKUP($A7,'volatile collection data'!$G$6:$M$69,6,FALSE) -> 8 | N7: =VLOOKUP($A7,'volatile collection data'!$G$6:$M$69,7,FALSE) -> 3.8 | O7: =VLOOKUP(A7,'volatile collection data'!$G$6:$K$69,5,FALSE) -> 0 | P7: =J7&I7 -> 10A | Q7: =IFERROR((30/H7*G7)/L7/6,0) -> 0.048981558 | R7: =K7&"_"&O7&"-"&I7&"&"&L7&"%"&N7&"@"&M7 -> 4B_0-A&3.8%3.8@8 | S7: =A7 -> 10A-4B-VCS-Loc-22 | T7: =IFERROR(IF(VLOOKUP(S7,Bad!$A:$A,1,FALSE)='RAW2'!S7,"yes","no"),"no") -> no | U7: =IFERROR(VLOOKUP(F7,compounds!$A:$B,2,FALSE),"") | V7: =VLOOKUP(B7,'volatile collection data'!$O:$P,2,FALSE) -> 24.apr.22 4
A8: 10A-4B-VCS-Loc-22 | B8: =LEFT(A8,FIND("-",A8)-1) -> 10A | C8: 6.332 | D8: =ROUND(C8,2) -> 6.33 | E8: =VLOOKUP(D8,'Peak Combiner'!$A$5:$D$4980,4,FALSE) -> 6.32 | F8: =IFERROR(VLOOKUP(D8,rt_comb!$A:$B,2,FALSE),D8) -> 6.33 | G8: 3224612 | H8: =SUMIFS($G:$G,$E:$E,18.51,'RAW2'!$A:$A,'RAW2'!A8) -> 42551864 | I8: =VLOOKUP(A8,'volatile collection data'!$G$6:$H$69,2,FALSE) -> A | J8: =VLOOKUP(A8,'volatile collection data'!$G$6:$I$69,3,FALSE) -> 10 | K8: =VLOOKUP(A8,'volatile collection data'!$G$6:$N$69,8,FALSE) -> 4B | L8: =VLOOKUP(A8,'volatile collection data'!$G$6:$J$69,4,FALSE) -> 3.8 | M8: =VLOOKUP($A8,'volatile collection data'!$G$6:$M$69,6,FALSE) -> 8 | N8: =VLOOKUP($A8,'volatile collection data'!$G$6:$M$69,7,FALSE) -> 3.8 | O8: =VLOOKUP(A8,'volatile collection data'!$G$6:$K$69,5,FALSE) -> 0 | P8: =J8&I8 -> 10A | Q8: =IFERROR((30/H8*G8)/L8/6,0) -> 0.099711508 | R8: =K8&"_"&O8&"-"&I8&"&"&L8&"%"&N8&"@"&M8 -> 4B_0-A&3.8%3.8@8 | S8: =A8 -> 10A-4B-VCS-Loc-22 | T8: =IFERROR(IF(VLOOKUP(S8,Bad!$A:$A,1,FALSE)='RAW2'!S8,"yes","no"),"no") -> no | U8: =IFERROR(VLOOKUP(F8,compounds!$A:$B,2,FALSE),"") | V8: =VLOOKUP(B8,'volatile collection data'!$O:$P,2,FALSE) -> 24.apr.22 4
A9: 10A-4B-VCS-Loc-22 | B9: =LEFT(A9,FIND("-",A9)-1) -> 10A | C9: 6.423 | D9: =ROUND(C9,2) -> 6.42 | E9: =VLOOKUP(D9,'Peak Combiner'!$A$5:$D$4980,4,FALSE) -> 6.42 | F9: =IFERROR(VLOOKUP(D9,rt_comb!$A:$B,2,FALSE),D9) -> 6.42 | G9: 2660289 | H9: =SUMIFS($G:$G,$E:$E,18.51,'RAW2'!$A:$A,'RAW2'!A9) -> 42551864 | I9: =VLOOKUP(A9,'volatile collection data'!$G$6:$H$69,2,FALSE) -> A | J9: =VLOOKUP(A9,'volatile collection data'!$G$6:$I$69,3,FALSE) -> 10 | K9: =VLOOKUP(A9,'volatile collection data'!$G$6:$N$69,8,FALSE) -> 4B | L9: =VLOOKUP(A9,'volatile collection data'!$G$6:$J$69,4,FALSE) -> 3.8 | M9: =VLOOKUP($A9,'volatile collection data'!$G$6:$M$69,6,FALSE) -> 8 | N9: =VLOOKUP($A9,'volatile collection data'!$G$6:$M$69,7,FALSE) -> 3.8 | O9: =VLOOKUP(A9,'volatile collection data'!$G$6:$K$69,5,FALSE) -> 0 | P9: =J9&I9 -> 10A | Q9: =IFERROR((30/H9*G9)/L9/6,0) -> 0.082261502 | R9: =K9&"_"&O9&"-"&I9&"&"&L9&"%"&N9&"@"&M9 -> 4B_0-A&3.8%3.8@8 | S9: =A9 -> 10A-4B-VCS-Loc-22 | T9: =IFERROR(IF(VLOOKUP(S9,Bad!$A:$A,1,FALSE)='RAW2'!S9,"yes","no"),"no") -> no | U9: =IFERROR(VLOOKUP(F9,compounds!$A:$B,2,FALSE),"") | V9: =VLOOKUP(B9,'volatile collection data'!$O:$P,2,FALSE) -> 24.apr.22 4
A10: 10A-4B-VCS-Loc-22 | B10: =LEFT(A10,FIND("-",A10)-1) -> 10A | C10: 8.648 | D10: =ROUND(C10,2) -> 8.65 | E10: =VLOOKUP(D10,'Peak Combiner'!$A$5:$D$4980,4,FALSE) -> 8.64 | F10: =IFERROR(VLOOKUP(D10,rt_comb!$A:$B,2,FALSE),D10) -> 8.65 | G10: 2130604 | H10: =SUMIFS($G:$G,$E:$E,18.51,'RAW2'!$A:$A,'RAW2'!A10) -> 42551864 | I10: =VLOOKUP(A10,'volatile collection data'!$G$6:$H$69,2,FALSE) -> A | J10: =VLOOKUP(A10,'volatile collection data'!$G$6:$I$69,3,FALSE) -> 10 | K10: =VLOOKUP(A10,'volatile collection data'!$G$6:$N$69,8,FALSE) -> 4B | L10: =VLOOKUP(A10,'volatile collection data'!$G$6:$J$69,4,FALSE) -> 3.8 | M10: =VLOOKUP($A10,'volatile collection data'!$G$6:$M$69,6,FALSE) -> 8 | N10: =VLOOKUP($A10,'volatile collection data'!$G$6:$M$69,7,FALSE) -> 3.8 | O10: =VLOOKUP(A10,'volatile collection data'!$G$6:$K$69,5,FALSE) -> 0 | P10: =J10&I10 -> 10A | Q10: =IFERROR((30/H10*G10)/L10/6,0) -> 0.065882574 | R10: =K10&"_"&O10&"-"&I10&"&"&L10&"%"&N10&"@"&M10 -> 4B_0-A&3.8%3.8@8 | S10: =A10 -> 10A-4B-VCS-Loc-22 | T10: =IFERROR(IF(VLOOKUP(S10,Bad!$A:$A,1,FALSE)='RAW2'!S10,"yes","no"),"no") -> no | U10: =IFERROR(VLOOKUP(F10,compounds!$A:$B,2,FALSE),"") | V10: =VLOOKUP(B10,'volatile collection data'!$O:$P,2,FALSE) -> 24.apr.22 4
A11: 10A-4B-VCS-Loc-22 | B11: =LEFT(A11,FIND("-",A11)-1) -> 10A | C11: 8.972 | D11: =ROUND(C11,2) -> 8.97 | E11: =VLOOKUP(D11,'Peak Combiner'!$A$5:$D$4980,4,FALSE) -> 8.96 | F11: =IFERROR(VLOOKUP(D11,rt_comb!$A:$B,2,FALSE),D11) -> 8.97 | G11: 3694102 | H11: =SUMIFS($G:$G,$E:$E,18.51,'RAW2'!$A:$A,'RAW2'!A11) -> 42551864 | I11: =VLOOKUP(A11,'volatile collection data'!$G$6:$H$69,2,FALSE) -> A | J11: =VLOOKUP(A11,'volatile collection data'!$G$6:$I$69,3,FALSE) -> 10 | K11: =VLOOKUP(A11,'volatile collection data'!$G$6:$N$69,8,FALSE) -> 4B | L11: =VLOOKUP(A11,'volatile collection data'!$G$6:$J$69,4,FALSE) -> 3.8 | M11: =VLOOKUP($A11,'volatile collection data'!$G$6:$M$69,6,FALSE) -> 8 | N11: =VLOOKUP($A11,'volatile collection data'!$G$6:$M$69,7,FALSE) -> 3.8 | O11: =VLOOKUP(A11,'volatile collection data'!$G$6:$K$69,5,FALSE) -> 0 | P11: =J11&I11 -> 10A | Q11: =IFERROR((30/H11*G11)/L11/6,0) -> 0.11422909 | R11: =K11&"_"&O11&"-"&I11&"&"&L11&"%"&N11&"@"&M11 -> 4B_0-A&3.8%3.8@8 | S11: =A11 -> 10A-4B-VCS-Loc-22 | T11: =IFERROR(IF(VLOOKUP(S11,Bad!$A:$A,1,FALSE)='RAW2'!S11,"yes","no"),"no") -> no | U11: =IFERROR(VLOOKUP(F11,compounds!$A:$B,2,FALSE),"") -> bpinene | V11: =VLOOKUP(B11,'volatile collection data'!$O:$P,2,FALSE) -> 24.apr.22 4
A12: 10A-4B-VCS-Loc-22 | B12: =LEFT(A12,FIND("-",A12)-1) -> 10A | C12: 9.381 | D12: =ROUND(C12,2) -> 9.38 | E12: =VLOOKUP(D12,'Peak Combiner'!$A$5:$D$4980,4,FALSE) -> 9.38 | F12: =IFERROR(VLOOKUP(D12,rt_comb!$A:$B,2,FALSE),D12) -> 9.38 | G12: 7243660 | H12: =SUMIFS($G:$G,$E:$E,18.51,'RAW2'!$A:$A,'RAW2'!A12) -> 42551864 | I12: =VLOOKUP(A12,'volatile collection data'!$G$6:$H$69,2,FALSE) -> A | J12: =VLOOKUP(A12,'volatile collection data'!$G$6:$I$69,3,FALSE) -> 10 | K12: =VLOOKUP(A12,'volatile collection data'!$G$6:$N$69,8,FALSE) -> 4B | L12: =VLOOKUP(A12,'volatile collection data'!$G$6:$J$69,4,FALSE) -> 3.8 | M12: =VLOOKUP($A12,'volatile collection data'!$G$6:$M$69,6,FALSE) -> 8 | N12: =VLOOKUP($A12,'volatile collection data'!$G$6:$M$69,7,FALSE) -> 3.8 | O12: =VLOOKUP(A12,'volatile collection data'!$G$6:$K$69,5,FALSE) -> 0 | P12: =J12&I12 -> 10A | Q12: =IFERROR((30/H12*G12)/L12/6,0) -> 0.22398858 | R12: =K12&"_"&O12&"-"&I12&"&"&L12&"%"&N12&"@"&M12 -> 4B_0-A&3.8%3.8@8 | S12: =A12 -> 10A-4B-VCS-Loc-22 | T12: =IFERROR(IF(VLOOKUP(S12,Bad!$A:$A,1,FALSE)='RAW2'!S12,"yes","no"),"no") -> no | U12: =IFERROR(VLOOKUP(F12,compounds!$A:$B,2,FALSE),"") -> octanal | V12: =VLOOKUP(B12,'volatile collection data'!$O:$P,2,FALSE) -> 24.apr.22 4
A13: 10A-4B-VCS-Loc-22 | B13: =LEFT(A13,FIND("-",A13)-1) -> 10A | C13: 9.561 | D13: =ROUND(C13,2) -> 9.56 | E13: =VLOOKUP(D13,'Peak Combiner'!$A$5:$D$4980,4,FALSE) -> 9.53 | F13: =IFERROR(VLOOKUP(D13,rt_comb!$A:$B,2,FALSE),D13) -> 9.54 | G13: 3833068 | H13: =SUMIFS($G:$G,$E:$E,18.51,'RAW2'!$A:$A,'RAW2'!A13) -> 42551864 | I13: =VLOOKUP(A13,'volatile collection data'!$G$6:$H$69,2,FALSE) -> A | J13: =VLOOKUP(A13,'volatile collection data'!$G$6:$I$69,3,FALSE) -> 10 | K13: =VLOOKUP(A13,'volatile collection data'!$G$6:$N$69,8,FALSE) -> 4B | L13: =VLOOKUP(A13,'volatile collection data'!$G$6:$J$69,4,FALSE) -> 3.8 | M13: =VLOOKUP($A13,'volatile collection data'!$G$6:$M$69,6,FALSE) -> 8 | N13: =VLOOKUP($A13,'volatile collection data'!$G$6:$M$69,7,FALSE) -> 3.8 | O13: =VLOOKUP(A13,'volatile collection data'!$G$6:$K$69,5,FALSE) -> 0 | P13: =J13&I13 -> 10A | Q13: =IFERROR((30/H13*G13)/L13/6,0) -> 0.11852619 | R13: =K13&"_"&O13&"-"&I13&"&"&L13&"%"&N13&"@"&M13 -> 4B_0-A&3.8%3.8@8 | S13: =A13 -> 10A-4B-VCS-Loc-22 | T13: =IFERROR(IF(VLOOKUP(S13,Bad!$A:$A,1,FALSE)='RAW2'!S13,"yes","no"),"no") -> no | U13: =IFERROR(VLOOKUP(F13,compounds!$A:$B,2,FALSE),"") -> z3hex | V13: =VLOOKUP(B13,'volatile collection data'!$O:$P,2,FALSE) -> 24.apr.22 4
... A4972: 9E-25A-VCS-Loc-22 | B4972: =LEFT(A4972,FIND("-",A4972)-1) -> 9E | C4972: 40.013 | D4972: =ROUND(C4972,2) -> 40.01 | E4972: =VLOOKUP(D4972,'Peak Combiner'!$A$5:$D$4980,4,FALSE) -> 40.01 | F4972: =IFERROR(VLOOKUP(D4972,rt_comb!$A:$B,2,FALSE),D4972) -> 40.01 | G4972: 1258212 | H4972: =SUMIFS($G:$G,$E:$E,18.51,'RAW2'!$A:$A,'RAW2'!A4972) -> 24765214 | I4972: =VLOOKUP(A4972,'volatile collection data'!$G$6:$H$69,2,FALSE) -> E | J4972: =VLOOKUP(A4972,'volatile collection data'!$G$6:$I$69,3,FALSE) -> 9 | K4972: =VLOOKUP(A4972,'volatile collection data'!$G$6:$N$69,8,FALSE) -> 25A | L4972: =VLOOKUP(A4972,'volatile collection data'!$G$6:$J$69,4,FALSE) -> 6.18 | M4972: =VLOOKUP($A4972,'volatile collection data'!$G$6:$M$69,6,FALSE) -> 11 | N4972: =VLOOKUP($A4972,'volatile collection data'!$G$6:$M$69,7,FALSE) -> 6.18 | O4972: =VLOOKUP(A4972,'volatile collection data'!$G$6:$K$69,5,FALSE) -> 1 | P4972: =J4972&I4972 -> 9E | Q4972: =IFERROR((30/H4972*G4972)/L4972/6,0) -> 0.041104869 | R4972: =K4972&"_"&O4972&"-"&I4972&"&"&L4972&"%"&N4972&"@"&M4972 -> 25A_1-E&6.18%6.18@11 | S4972: =A4972 -> 9E-25A-VCS-Loc-22 | T4972: =IFERROR(IF(VLOOKUP(S4972,Bad!$A:$A,1,FALSE)='RAW2'!S4972,"yes","no"),"no") -> no | U4972: =IFERROR(VLOOKUP(F4972,compounds!$A:$B,2,FALSE),"") | V4972: =VLOOKUP(B4972,'volatile collection data'!$O:$P,2,FALSE) -> 02.may.22 25

Sheet PIVOT
B1: =IFERROR(VLOOKUP(B3,compounds!$A:$B,2,FALSE),"") | C1: =IFERROR(VLOOKUP(C3,compounds!$A:$B,2,FALSE),"") | D1: =IFERROR(VLOOKUP(D3,compounds!$A:$B,2,FALSE),"") | E1: =IFERROR(VLOOKUP(E3,compounds!$A:$B,2,FALSE),"") | F1: =IFERROR(VLOOKUP(F3,compounds!$A:$B,2,FALSE),"") | G1: =IFERROR(VLOOKUP(G3,compounds!$A:$B,2,FALSE),"") | H1: =IFERROR(VLOOKUP(H3,compounds!$A:$B,2,FALSE),"") | I1: =IFERROR(VLOOKUP(I3,compounds!$A:$B,2,FALSE),"") | ... ATS1: =IFERROR(VLOOKUP(ATS3,compounds!$A:$B,2,FALSE),"")
A2: Sum of ngghr | B2: rt.final
A3: sample | B3: 4.15 | C3: 4.16 | D3: 4.17 | E3: 4.18 | F3: 4.19 | G3: 4.33 | H3: 4.43 | I3: 4.44 | J3: 4.45 | K3: 4.47 | L3: 4.6 | M3: 4.64 | N3: 4.65 | O3: 4.7 | P3: 4.71 | Q3: 4.72 | R3: 4.73 | S3: 4.74 | T3: 4.75 | U3: 4.81 | V3: 4.82 | W3: 4.98 | X3: 4.99 | Y3: 5 | Z3: 5.01 | AA3: 5.02 | AB3: 5.03 | AC3: 5.04 | AD3: 5.1 | AE3: 5.11 | AF3: 5.12 | AG3: 5.2 | AH3: 5.21 | AI3: 5.3 | AJ3: 5.31 | AK3: 5.32 | AL3: 5.34 | AM3: 5.35 | AN3: 5.36 | AO3: 5.37 | AP3: 5.46 | AQ3: 5.56 | AR3: 5.57 | AS3: 5.58 | AT3: 5.61 | AU3: 5.74 | AV3: 5.75 | AW3: 5.76 | AX3: 5.84 | AY3: 5.85 | AZ3: 5.88 | BA3: 5.89 | BB3: 5.9 | BC3: 5.94 | BD3: 5.95 | BE3: 5.96 | BF3: 5.97 | BG3: 5.98 | BH3: 5.99 | BI3: 6.02 | BJ3: 6.04 | BK3: 6.06 | BL3: 6.12 | BM3: 6.13 | BN3: 6.14 | BO3: 6.24 | BP3: 6.25 | BQ3: 6.26 | BR3: 6.27 | BS3: 6.28 | BT3: 6.29 | BU3: 6.32 | BV3: 6.33 | BW3: 6.34 | BX3: 6.35 | BY3: 6.41 | BZ3: 6.42 | CA3: 6.43 | CB3: 6.52 | CC3: 6.64 | CD3: 6.68 | CE3: 6.69 | CF3: 6.7 | CG3: 6.71 | CH3: 6.92 | CI3: 6.93 | CJ3: 7.09 | CK3: 7.1 | CL3: 7.25 | CM3: 7.26 | CN3: 7.35 | CO3: 7.36 | CP3: 7.41 | CQ3: 7.42 | CR3: 7.47 | CS3: 7.48 | CT3: 7.5 | CU3: 7.54 | CV3: 7.55 | CW3: 7.6 | CX3: 7.72 | CY3: 7.73 | CZ3: 7.82 | DA3: 7.83 | DB3: 7.85 | DC3: 7.91 | DD3: 7.92 | DE3: 8.01 | DF3: 8.02 | DG3: 8.03 | DH3: 8.04 | DI3: 8.05 | DJ3: 8.07 | DK3: 8.08 | DL3: 8.17 | DM3: 8.21 | DN3: 8.22 | DO3: 8.25 | DP3: 8.27 | DQ3: 8.28 | DR3: 8.35 | DS3: 8.36 | DT3: 8.37 | DU3: 8.4 | DV3: 8.41 | DW3: 8.44 | DX3: 8.45 | DY3: 8.46 | DZ3: 8.47 | EA3: 8.48 | EB3: 8.49 | EC3: 8.54 | ED3: 8.55 | EE3: 8.56 | EF3: 8.62 | EG3: 8.63 | EH3: 8.64 | EI3: 8.65 | EJ3: 8.67 | EK3: 8.69 | EL3: 8.7 | EM3: 8.71 | EN3: 8.81 | EO3: 8.82 | EP3: 8.83 | EQ3: 8.84 | ER3: 8.87 | ES3: 8.88 | ET3: 8.89 | EU3: 8.91 | EV3: 8.97 | EW3: 9.01 | EX3: 9.02 | EY3: 9.03 | EZ3: 9.06 | FA3: 9.07 | FB3: 9.08 | FC3: 9.09 | FD3: 9.11 | FE3: 9.18 | FF3: 9.23 | FG3: 9.24 | FH3: 9.38 | FI3: 9.46 | FJ3: 9.47 | FK3: 9.48 | FL3: 9.49 | FM3: 9.54 | FN3: 9.65 | FO3: 9.66 | FP3: 9.67 | FQ3: 9.68 | FR3: 9.72 | FS3: 9.75 | FT3: 9.77 | FU3: 9.78 | FV3: 9.81 | FW3: 9.84 | FX3: 9.88 | FY3: 9.9 | FZ3: 9.91 | GA3: 9.99 | GB3: 10 | GC3: 10.09 | GD3: 10.1 | GE3: 10.16 | GF3: 10.17 | GG3: 10.18 | GH3: 10.19 | GI3: 10.2 | GJ3: 10.21 | GK3: 10.31 | GL3: 10.32 | GM3: 10.33 | GN3: 10.34 | GO3: 10.36 | GP3: 10.37 | GQ3: 10.4 | GR3: 10.43 | GS3: 10.46 | GT3: 10.47 | GU3: 10.48 | GV3: 10.49 | GW3: 10.53 | GX3: 10.54 | GY3: 10.57 | GZ3: 10.59 | HA3: 10.61 | HB3: 10.62 | HC3: 10.72 | HD3: 10.73 | HE3: 10.74 | HF3: 10.79 | HG3: 10.84 | HH3: 10.86 | HI3: 10.97 | HJ3: 10.99 | HK3: 11.03 | HL3: 11.04 | HM3: 11.06 | HN3: 11.07 | HO3: 11.08 | HP3: 11.13 | HQ3: 11.14 | HR3: 11.24 | HS3: 11.25 | HT3: 11.26 | HU3: 11.37 | HV3: 11.38 | HW3: 11.43 | HX3: 11.44 | HY3: 11.49 | HZ3: 11.54 | IA3: 11.55 | IB3: 11.56 | IC3: 11.57 | ID3: 11.58 | IE3: 11.59 | IF3: 11.6 | IG3: 11.63 | IH3: 11.64 | II3: 11.68 | IJ3: 11.69 | IK3: 11.76 | IL3: 11.77 | IM3: 11.79 | IN3: 11.8 | IO3: 11.81 | IP3: 11.87 | IQ3: 11.91 | IR3: 11.92 | IS3: 11.93 | IT3: 11.94 | IU3: 11.95 | IV3: 12 | IW3: 12.02 | IX3: 12.03 | IY3: 12.04 | IZ3: 12.05 | JA3: 12.09 | JB3: 12.12 | JC3: 12.13 | JD3: 12.14 | JE3: 12.18 | JF3: 12.2 | JG3: 12.21 | JH3: 12.22 | JI3: 12.27 | JJ3: 12.28 | JK3: 12.3 | JL3: 12.31 | JM3: 12.39 | JN3: 12.45 | JO3: 12.46 | JP3: 12.47 | JQ3: 12.54 | JR3: 12.63 | JS3: 12.68 | JT3: 12.73 | JU3: 12.79 | JV3: 12.8 | JW3: 12.83 | JX3: 12.84 | JY3: 12.85 | JZ3: 12.91 | KA3: 12.92 | KB3: 12.93 | KC3: 13 | KD3: 13.01 | KE3: 13.06 | KF3: 13.07 | KG3: 13.08 | KH3: 13.11 | KI3: 13.12 | KJ3: 13.14 | KK3: 13.3 | KL3: 13.35 | KM3: 13.36 | KN3: 13.38 | KO3: 13.39 | KP3: 13.52 | KQ3: 13.53 | KR3: 13.54 | KS3: 13.55 | KT3: 13.63 | KU3: 13.64 | KV3: 13.65 | KW3: 13.66 | KX3: 13.7 | KY3: 13.75 | KZ3: 13.76 | LA3: 13.78 | LB3: 13.79 | LC3: 13.82 | LD3: 13.83 | LE3: 13.9 | LF3: 13.98 | LG3: 13.99 | LH3: 14.06 | LI3: 14.08 | LJ3: 14.12 | LK3: 14.25 | LL3: 14.29 | LM3: 14.34 | LN3: 14.43 | LO3: 14.44 | LP3: 14.5 | LQ3: 14.51 | LR3: 14.58 | LS3: 14.59 | LT3: 14.6 | LU3: 14.61 | LV3: 14.62 | LW3: 14.66 | LX3: 14.67 | LY3: 14.68 | LZ3: 14.69 | MA3: 14.7 | MB3: 14.71 | MC3: 14.72 | MD3: 14.73 | ME3: 14.74 | MF3: 14.75 | MG3: 14.82 | MH3: 14.83 | MI3: 14.84 | MJ3: 14.88 | MK3: 15.02 | ML3: 15.03 | MM3: 15.04 | MN3: 15.05 | MO3: 15.08 | MP3: 15.14 | MQ3: 15.15 | MR3: 15.16 | MS3: 15.17 | MT3: 15.18 | MU3: 15.19 | MV3: 15.2 | MW3: 15.21 | MX3: 15.22 | MY3: 15.23 | MZ3: 15.24 | NA3: 15.25 | NB3: 15.26 | NC3: 15.32 | ND3: 15.33 | NE3: 15.36 | NF3: 15.37 | NG3: 15.4 | NH3: 15.41 | NI3: 15.51 | NJ3: 15.56 | NK3: 15.65 | NL3: 15.67 | NM3: 15.77 | NN3: 15.78 | NO3: 15.79 | NP3: 15.8 | NQ3: 15.87 | NR3: 15.88 | NS3: 15.89 | NT3: 15.9 | NU3: 15.92 | NV3: 15.94 | NW3: 15.95 | NX3: 15.96 | NY3: 16 | NZ3: 16.01 | OA3: 16.02 | OB3: 16.03 | OC3: 16.04 | OD3: 16.05 | OE3: 16.07 | OF3: 16.09 | OG3: 16.14 | OH3: 16.15 | OI3: 16.16 | OJ3: 16.17 | OK3: 16.18 | OL3: 16.21 | OM3: 16.23 | ON3: 16.25 | OO3: 16.26 | OP3: 16.33 | OQ3: 16.34 | OR3: 16.35 | OS3: 16.37 | OT3: 16.43 | OU3: 16.44 | OV3: 16.45 | OW3: 16.46 | OX3: 16.47 | OY3: 16.53 | OZ3: 16.54 | PA3: 16.6 | PB3: 16.61 | PC3: 16.63 | PD3: 16.64 | PE3: 16.65 | PF3: 16.72 | PG3: 16.73 | PH3: 16.77 | PI3: 16.78 | PJ3: 16.79 | PK3: 16.8 | PL3: 16.85 | PM3: 16.86 | PN3: 16.89 | PO3: 16.9 | PP3: 16.91 | PQ3: 17.02 | PR3: 17.03 | PS3: 17.04 | PT3: 17.07 | PU3: 17.16 | PV3: 17.17 | PW3: 17.18 | PX3: 17.19 | PY3: 17.2 | PZ3: 17.21 | QA3: 17.22 | QB3: 17.23 | QC3: 17.24 | QD3: 17.25 | QE3: 17.29 | QF3: 17.3 | QG3: 17.43 | QH3: 17.44 | QI3: 17.45 | QJ3: 17.46 | QK3: 17.49 | QL3: 17.57 | QM3: 17.58 | QN3: 17.59 | QO3: 17.69 | QP3: 17.74 | QQ3: 17.75 | QR3: 17.79 | QS3: 17.82 | QT3: 17.83 | QU3: 17.84 | QV3: 17.87 | QW3: 17.88 | QX3: 17.89 | QY3: 17.9 | QZ3: 17.92 | RA3: 17.93 | RB3: 17.98 | RC3: 17.99 | RD3: 18.01 | RE3: 18.02 | RF3: 18.03 | RG3: 18.04 | RH3: 18.06 | RI3: 18.07 | RJ3: 18.08 | RK3: 18.09 | RL3: 18.1 | RM3: 18.14 | RN3: 18.15 | RO3: 18.21 | RP3: 18.22 | RQ3: 18.29 | RR3: 18.3 | RS3: 18.39 | RT3: 18.4 | RU3: 18.41 | RV3: 18.42 | RW3: 18.43 | RX3: 18.44 | RY3: 18.52 | RZ3: 18.6 | SA3: 18.61 | SB3: 18.66 | SC3: 18.76 | SD3: 18.77 | SE3: 18.78 | SF3: 18.89 | SG3: 18.9 | SH3: 18.96 | SI3: 18.97 | SJ3: 19.01 | SK3: 19.02 | SL3: 19.03 | SM3: 19.09 | SN3: 19.1 | SO3: 19.11 | SP3: 19.12 | SQ3: 19.16 | SR3: 19.17 | SS3: 19.19 | ST3: 19.22 | SU3: 19.23 | SV3: 19.29 | SW3: 19.3 | SX3: 19.31 | SY3: 19.43 | SZ3: 19.44 | TA3: 19.54 | TB3: 19.55 | TC3: 19.56 | TD3: 19.59 | TE3: 19.7 | TF3: 19.71 | TG3: 19.75 | TH3: 19.76 | TI3: 19.77 | TJ3: 19.78 | TK3: 19.82 | TL3: 19.91 | TM3: 19.92 | TN3: 19.93 | TO3: 19.98 | TP3: 20.05 | TQ3: 20.11 | TR3: 20.12 | TS3: 20.13 | TT3: 20.14 | TU3: 20.21 | TV3: 20.22 | TW3: 20.27 | TX3: 20.31 | TY3: 20.32 | TZ3: 20.33 | UA3: 20.45 | UB3: 20.47 | UC3: 20.5 | UD3: 20.51 | UE3: 20.55 | UF3: 20.57 | UG3: 20.58 | UH3: 20.63 | UI3: 20.64 | UJ3: 20.69 | UK3: 20.71 | UL3: 20.72 | UM3: 20.73 | UN3: 20.85 | UO3: 20.95 | UP3: 20.96 | UQ3: 20.98 | UR3: 21.06 | US3: 21.07 | UT3: 21.08 | UU3: 21.09 | UV3: 21.11 | UW3: 21.22 | UX3: 21.23 | UY3: 21.27 | UZ3: 21.28 | VA3: 21.29 | VB3: 21.32 | VC3: 21.33 | VD3: 21.41 | VE3: 21.42 | VF3: 21.44 | VG3: 21.45 | VH3: 21.5 | VI3: 21.51 | VJ3: 21.52 | VK3: 21.56 | VL3: 21.57 | VM3: 21.58 | VN3: 21.6 | VO3: 21.61 | VP3: 21.62 | VQ3: 21.66 | VR3: 21.7 | VS3: 21.71 | VT3: 21.74 | VU3: 21.75 | VV3: 21.76 | VW3: 21.77 | VX3: 21.78 | VY3: 21.79 | VZ3: 21.84 | WA3: 21.85 | WB3: 21.86 | WC3: 21.89 | WD3: 21.9 | WE3: 21.93 | WF3: 21.95 | WG3: 22.06 | WH3: 22.07 | WI3: 22.1 | WJ3: 22.12 | WK3: 22.18 | WL3: 22.23 | WM3: 22.25 | WN3: 22.26 | WO3: 22.27 | WP3: 22.29 | WQ3: 22.32 | WR3: 22.36 | WS3: 22.37 | WT3: 22.39 | WU3: 22.4 | WV3: 22.41 | WW3: 22.49 | WX3: 22.5 | WY3: 22.52 | WZ3: 22.53 | XA3: 22.63 | XB3: 22.64 | XC3: 22.7 | XD3: 22.71 | XE3: 22.72 | XF3: 22.74 | XG3: 22.75 | XH3: 22.76 | XI3: 22.77 | XJ3: 22.8 | XK3: 22.81 | XL3: 22.82 | XM3: 22.83 | XN3: 22.84 | XO3: 22.86 | XP3: 22.87 | XQ3: 22.88 | XR3: 22.89 | XS3: 22.93 | XT3: 22.97 | XU3: 22.98 | XV3: 22.99 | XW3: 23 | XX3: 23.01 | XY3: 23.02 | XZ3: 23.03 | YA3: 23.04 | YB3: 23.05 | YC3: 23.06 | YD3: 23.13 | YE3: 23.14 | YF3: 23.15 | YG3: 23.16 | YH3: 23.21 | YI3: 23.22 | YJ3: 23.23 | YK3: 23.24 | YL3: 23.25 | YM3: 23.26 | YN3: 23.27 | YO3: 23.32 | YP3: 23.33 | YQ3: 23.34 | YR3: 23.38 | YS3: 23.45 | YT3: 23.46 | YU3: 23.47 | YV3: 23.48 | YW3: 23.54 | YX3: 23.55 | YY3: 23.56 | YZ3: 23.57 | ZA3: 23.58 | ZB3: 23.59 | ZC3: 23.61 | ZD3: 23.62 | ZE3: 23.63 | ZF3: 23.64 | ZG3: 23.66 | ZH3: 23.67 | ZI3: 23.68 | ZJ3: 23.69 | ZK3: 23.7 | ZL3: 23.75 | ZM3: 23.76 | ZN3: 23.78 | ZO3: 23.79 | ZP3: 23.86 | ZQ3: 23.89 | ZR3: 23.9 | ZS3: 23.97 | ZT3: 23.98 | ZU3: 23.99 | ZV3: 24 | ZW3: 24.03 | ZX3: 24.04 | ZY3: 24.05 | ZZ3: 24.06 | AAA3: 24.09 | AAB3: 24.1 | AAC3: 24.16 | AAD3: 24.23 | AAE3: 24.24 | AAF3: 24.25 | AAG3: 24.33 | AAH3: 24.34 | AAI3: 24.41 | AAJ3: 24.44 | AAK3: 24.45 | AAL3: 24.46 | AAM3: 24.54 | AAN3: 24.55 | AAO3: 24.62 | AAP3: 24.69 | AAQ3: 24.7 | AAR3: 24.71 | AAS3: 24.81 | AAT3: 24.82 | AAU3: 24.83 | AAV3: 24.85 | AAW3: 24.86 | AAX3: 24.91 | AAY3: 24.93 | AAZ3: 24.94 | ABA3: 24.95 | ABB3: 24.98 | ABC3: 24.99 | ABD3: 25.02 | ABE3: 25.03 | ABF3: 25.07 | ABG3: 25.09 | ABH3: 25.11 | ABI3: 25.12 | ABJ3: 25.13 | ABK3: 25.15 | ABL3: 25.16 | ABM3: 25.17 | ABN3: 25.21 | ABO3: 25.22 | ABP3: 25.23 | ABQ3: 25.28 | ABR3: 25.29 | ABS3: 25.3 | ABT3: 25.36 | ABU3: 25.45 | ABV3: 25.46 | ABW3: 25.49 | ABX3: 25.5 | ABY3: 25.51 | ABZ3: 25.52 | ACA3: 25.55 | ACB3: 25.62 | ACC3: 25.63 | ACD3: 25.64 | ACE3: 25.67 | ACF3: 25.68 | ACG3: 25.69 | ACH3: 25.7 | ACI3: 25.75 | ACJ3: 25.76 | ACK3: 25.77 | ACL3: 25.79 | ACM3: 25.8 | ACN3: 25.82 | ACO3: 25.83 | ACP3: 25.88 | ACQ3: 25.89 | ACR3: 25.9 | ACS3: 25.96 | ACT3: 25.97 | ACU3: 26.04 | ACV3: 26.09 | ACW3: 26.1 | ACX3: 26.13 | ACY3: 26.18 | ACZ3: 26.2 | ADA3: 26.21 | ADB3: 26.32 | ADC3: 26.36 | ADD3: 26.37 | ADE3: 26.4 | ADF3: 26.41 | ADG3: 26.46 | ADH3: 26.47 | ADI3: 26.48 | ADJ3: 26.49 | ADK3: 26.51 | ADL3: 26.52 | ADM3: 26.6 | ADN3: 26.61 | ADO3: 26.62 | ADP3: 26.63 | ADQ3: 26.64 | ADR3: 26.65 | ADS3: 26.66 | ADT3: 26.67 | ADU3: 26.68 | ADV3: 26.75 | ADW3: 26.76 | ADX3: 26.77 | ADY3: 26.78 | ADZ3: 26.85 | AEA3: 26.9 | AEB3: 26.91 | AEC3: 26.92 | AED3: 26.93 | AEE3: 26.94 | AEF3: 26.98 | AEG3: 26.99 | AEH3: 27.07 | AEI3: 27.11 | AEJ3: 27.16 | AEK3: 27.17 | AEL3: 27.19 | AEM3: 27.29 | AEN3: 27.3 | AEO3: 27.31 | AEP3: 27.32 | AEQ3: 27.33 | AER3: 27.36 | AES3: 27.37 | AET3: 27.38 | AEU3: 27.4 | AEV3: 27.41 | AEW3: 27.45 | AEX3: 27.46 | AEY3: 27.47 | AEZ3: 27.61 | AFA3: 27.62 | AFB3: 27.69 | AFC3: 27.7 | AFD3: 27.72 | AFE3: 27.73 | AFF3: 27.75 | AFG3: 27.76 | AFH3: 27.9 | AFI3: 27.91 | AFJ3: 27.92 | AFK3: 27.93 | AFL3: 28 | AFM3: 28.01 | AFN3: 28.02 | AFO3: 28.03 | AFP3: 28.04 | AFQ3: 28.13 | AFR3: 28.14 | AFS3: 28.15 | AFT3: 28.26 | AFU3: 28.28 | AFV3: 28.29 | AFW3: 28.4 | AFX3: 28.41 | AFY3: 28.45 | AFZ3: 28.46 | AGA3: 28.47 | AGB3: 28.51 | AGC3: 28.53 | AGD3: 28.55 | AGE3: 28.56 | AGF3: 28.69 | AGG3: 28.7 | AGH3: 28.71 | AGI3: 28.84 | AGJ3: 28.85 | AGK3: 28.92 | AGL3: 28.93 | AGM3: 28.94 | AGN3: 29 | AGO3: 29.01 | AGP3: 29.03 | AGQ3: 29.04 | AGR3: 29.13 | AGS3: 29.14 | AGT3: 29.15 | AGU3: 29.18 | AGV3: 29.19 | AGW3: 29.25 | AGX3: 29.26 | AGY3: 29.27 | AGZ3: 29.32 | AHA3: 29.41 | AHB3: 29.44 | AHC3: 29.45 | AHD3: 29.48 | AHE3: 29.53 | AHF3: 29.54 | AHG3: 29.6 | AHH3: 29.62 | AHI3: 29.74 | AHJ3: 29.75 | AHK3: 29.76 | AHL3: 29.89 | AHM3: 29.9 | AHN3: 29.92 | AHO3: 29.94 | AHP3: 29.95 | AHQ3: 30.02 | AHR3: 30.03 | AHS3: 30.04 | AHT3: 30.08 | AHU3: 30.09 | AHV3: 30.16 | AHW3: 30.17 | AHX3: 30.2 | AHY3: 30.26 | AHZ3: 30.3 | AIA3: 30.37 | AIB3: 30.38 | AIC3: 30.4 | AID3: 30.46 | AIE3: 30.47 | AIF3: 30.48 | AIG3: 30.59 | AIH3: 30.6 | AII3: 30.61 | AIJ3: 30.67 | AIK3: 30.73 | AIL3: 30.74 | AIM3: 30.75 | AIN3: 30.76 | AIO3: 30.9 | AIP3: 30.91 | AIQ3: 30.94 | AIR3: 30.95 | AIS3: 30.96 | AIT3: 30.97 | AIU3: 30.98 | AIV3: 30.99 | AIW3: 31.07 | AIX3: 31.08 | AIY3: 31.14 | AIZ3: 31.15 | AJA3: 31.24 | AJB3: 31.25 | AJC3: 31.26 | AJD3: 31.29 | AJE3: 31.3 | AJF3: 31.4 | AJG3: 31.41 | AJH3: 31.42 | AJI3: 31.43 | AJJ3: 31.65 | AJK3: 31.66 | AJL3: 31.67 | AJM3: 31.73 | AJN3: 31.74 | AJO3: 31.75 | AJP3: 31.76 | AJQ3: 31.77 | AJR3: 31.78 | AJS3: 31.81 | AJT3: 31.89 | AJU3: 32 | AJV3: 32.04 | AJW3: 32.05 | AJX3: 32.23 | AJY3: 32.24 | AJZ3: 32.27 | AKA3: 32.28 | AKB3: 32.38 | AKC3: 32.39 | AKD3: 32.57 | AKE3: 32.58 | AKF3: 32.59 | AKG3: 32.7 | AKH3: 32.71 | AKI3: 32.79 | AKJ3: 32.96 | AKK3: 33.01 | AKL3: 33.11 | AKM3: 33.12 | AKN3: 33.14 | AKO3: 33.23 | AKP3: 33.24 | AKQ3: 33.25 | AKR3: 33.31 | AKS3: 33.32 | AKT3: 33.39 | AKU3: 33.76 | AKV3: 33.79 | AKW3: 33.85 | AKX3: 33.97 | AKY3: 33.98 | AKZ3: 33.99 | ALA3: 34.06 | ALB3: 34.07 | ALC3: 34.19 | ALD3: 34.21 | ALE3: 34.22 | ALF3: 34.4 | ALG3: 34.41 | ALH3: 34.42 | ALI3: 34.43 | ALJ3: 34.58 | ALK3: 34.86 | ALL3: 34.87 | ALM3: 34.93 | ALN3: 34.94 | ALO3: 34.95 | ALP3: 34.97 | ALQ3: 34.98 | ALR3: 35 | ALS3: 35.02 | ALT3: 35.13 | ALU3: 35.16 | ALV3: 35.17 | ALW3: 35.18 | ALX3: 35.19 | ALY3: 35.22 | ALZ3: 35.23 | AMA3: 35.24 | AMB3: 35.28 | AMC3: 35.29 | AMD3: 35.3 | AME3: 35.31 | AMF3: 35.4 | AMG3: 35.42 | AMH3: 35.43 | AMI3: 35.44 | AMJ3: 35.48 | AMK3: 35.63 | AML3: 35.64 | AMM3: 35.66 | AMN3: 35.67 | AMO3: 35.79 | AMP3: 35.8 | AMQ3: 35.83 | AMR3: 35.84 | AMS3: 35.85 | AMT3: 35.89 | AMU3: 35.9 | AMV3: 35.91 | AMW3: 35.96 | AMX3: 35.99 | AMY3: 36 | AMZ3: 36.03 | ANA3: 36.11 | ANB3: 36.12 | ANC3: 36.16 | AND3: 36.17 | ANE3: 36.2 | ANF3: 36.27 | ANG3: 36.28 | ANH3: 36.29 | ANI3: 36.34 | ANJ3: 36.35 | ANK3: 36.41 | ANL3: 36.54 | ANM3: 36.55 | ANN3: 36.58 | ANO3: 36.59 | ANP3: 36.6 | ANQ3: 36.62 | ANR3: 36.63 | ANS3: 36.64 | ANT3: 36.65 | ANU3: 36.66 | ANV3: 36.67 | ANW3: 36.68 | ANX3: 36.72 | ANY3: 36.73 | ANZ3: 36.74 | AOA3: 36.75 | AOB3: 36.76 | AOC3: 36.77 | AOD3: 36.78 | AOE3: 36.79 | AOF3: 36.8 | AOG3: 36.84 | AOH3: 36.87 | AOI3: 36.89 | AOJ3: 36.96 | AOK3: 36.97 | AOL3: 37 | AOM3: 37.01 | AON3: 37.02 | AOO3: 37.03 | AOP3: 37.04 | AOQ3: 37.06 | AOR3: 37.08 | AOS3: 37.09 | AOT3: 37.1 | AOU3: 37.11 | AOV3: 37.12 | AOW3: 37.13 | AOX3: 37.14 | AOY3: 37.19 | AOZ3: 37.2 | APA3: 37.21 | APB3: 37.23 | APC3: 37.24 | APD3: 37.25 | APE3: 37.29 | APF3: 37.3 | APG3: 37.31 | APH3: 37.32 | API3: 37.34 | APJ3: 37.37 | APK3: 37.38 | APL3: 37.47 | APM3: 37.53 | APN3: 37.54 | APO3: 37.58 | APP3: 37.59 | APQ3: 37.6 | APR3: 37.63 | APS3: 37.64 | APT3: 37.65 | APU3: 37.66 | APV3: 37.67 | APW3: 37.68 | APX3: 37.69 | APY3: 37.7 | APZ3: 37.71 | AQA3: 37.72 | AQB3: 37.75 | AQC3: 37.76 | AQD3: 37.77 | AQE3: 37.78 | AQF3: 37.79 | AQG3: 37.8 | AQH3: 37.81 | AQI3: 37.85 | AQJ3: 37.9 | AQK3: 37.93 | AQL3: 37.98 | AQM3: 37.99 | AQN3: 38 | AQO3: 38.02 | AQP3: 38.04 | AQQ3: 38.05 | AQR3: 38.06 | AQS3: 38.12 | AQT3: 38.14 | AQU3: 38.16 | AQV3: 38.17 | AQW3: 38.19 | AQX3: 38.2 | AQY3: 38.21 | AQZ3: 38.3 | ARA3: 38.31 | ARB3: 38.32 | ARC3: 38.33 | ARD3: 38.35 | ARE3: 38.4 | ARF3: 38.41 | ARG3: 38.42 | ARH3: 38.43 | ARI3: 38.44 | ARJ3: 38.45 | ARK3: 38.46 | ARL3: 38.47 | ARM3: 38.48 | ARN3: 38.62 | ARO3: 38.66 | ARP3: 38.68 | ARQ3: 38.71 | ARR3: 38.72 | ARS3: 38.73 | ART3: 38.74 | ARU3: 38.82 | ARV3: 38.83 | ARW3: 38.92 | ARX3: 38.94 | ARY3: 39.05 | ARZ3: 39.1 | ASA3: 39.12 | ASB3: 39.22 | ASC3: 39.27 | ASD3: 39.32 | ASE3: 39.4 | ASF3: 39.41 | ASG3: 39.44 | ASH3: 39.45 | ASI3: 39.53 | ASJ3: 39.54 | ASK3: 39.55 | ASL3: 39.56 | ASM3: 39.58 | ASN3: 39.59 | ASO3: 39.63 | ASP3: 39.67 | ASQ3: 39.68 | ASR3: 39.69 | ASS3: 39.75 | AST3: 39.76 | ASU3: 39.77 | ASV3: 39.87 | ASW3: 39.94 | ASX3: 39.95 | ASY3: 39.96 | ASZ3: 40 | ATA3: 40.01 | ATB3: 40.02 | ATC3: 40.1 | ATD3: 40.13 | ATE3: 40.17 | ATF3: (blank) | ATG3: Grand Total
A4: 10A | D4: 0.044673319 | K4: 0.034472095 | S4: 0.037300515 | BT4: 0.027950923 | BW4: 0.034762254 | EV4: 0.089262503 | FH4: 0.4402091 | FM4: 0.054580989 | GI4: 0.099278516 | JM4: 0.17253849 | JQ4: 0.487323 | KB4: 0.073268187 | LK4: 0.05135383 | NH4: 0.078199393 | NJ4: 0.24274279 | NP4: 0.061592945 | OW4: 0.076562844 | RP4: 0.085449832 | RY4: 1.1210762 | TP4: 0.055630022 | VC4: 0.40601647 | YQ4: 0.061541813 | ABR4: 0.19054402 | ACC4: 0.093093577 | ACG4: 0.048782668 | AIU4: 0.040490428 | AJQ4: 0.13437435 | ALL4: 0.03391096 | ALO4: 0.055834485 | AND4: 0.061848982 | ANR4: 0.36649569 | APF4: 0.074167319 | APX4: -0.0061279665 | AQM4: 0.44230258 | ARI4: 0.27567025 | ATG4: 5.6471734
A5: 10B | D5: 0.23714075 | G5: 0.014045284 | I5: 0.018462553 | T5: 0.012415264 | AK5: 0.022630128 | AQ5: 0.019289478 | AY5: 0.34357141 | BA5: 0.4569742 | BL5: 0.082297964 | BO5: 0.11867464 | CE5: 0.022255205 | CJ5: 0.071944439 | CM5: 0.0082858682 | CN5: 0.017837808 | CP5: 0.011519044 | CU5: 0.015433096 | CZ5: 0.037566702 | DC5: 0.050374969 | DF5: 0.071843377 | DM5: 0.03462825 | DP5: 0.036882196 | DS5: 0.057713825 | DY5: 0.064481469 | EC5: 0.045128643 | EK5: 0.11162179 | ET5: 1.5104295 | FF5: 0.36618888 | FH5: 0.97247377 | FM5: 0.42155653 | FO5: 0.19930998 | FV5: 0.35704725 | GA5: 0.70187294 | GC5: 0.53857355 | GE5: 0.39887165 | GL5: 0.28080468 | GU5: 0.19111184 | GW5: 0.21133641 | HA5: 0.25155478 | HD5: 0.71548107 | HN5: 0.34254081 | HP5: 0.36818657 | HR5: 0.28741893 | HU5: 0.38203555 | HW5: 0.40768282 | IE5: 0.8698069 | II5: 0.36226441 | IN5: 0.82959863 | IQ5: 1.4586346 | IW5: 1.1256288 | JB5: 0.61501177 | JL5: 0.99217274 | JM5: 0.97743775 | JN5: 0.43077298 | JQ5: 2.9493184 | JT5: 0.4209444 | JX5: 0.8988743 | JZ5: 0.46075787 | KC5: 0.49858904 | KH5: 0.99303164 | KK5: 0.43342691 | KL5: 0.39560877 | KQ5: 0.66920356 | KV5: 0.26389483 | LC5: 0.25314517 | LE5: 0.26402588 | LF5: 0.18689496 | LI5: 0.16261439 | LK5: 0.98725388 | LQ5: 0.081634786 | LT5: 0.2608152 | MD5: 0.37171553 | MH5: 0.23509261 | MJ5: 0.249132 | MM5: 0.33184991 | MU5: 0.84743644 | NE5: 0.56513594 | NJ5: 1.4130897 | NM5: 0.30100182 | NS5: 0.1710478 | NV5: 0.1175083 | OH5: 0.17998077 | OM5: 0.10410124 | OT5: 0.31753289 | OZ5: 0.14059148 | PF5: 0.31889844 | PO5: 0.28151015 | PS5: 0.16447152 | PW5: 0.34171544 | QF5: 0.12840692 | QH5: 0.50834035 | QN5: 0.15281541 | QO5: 0.51208008 | QT5: 0.25633049 | QZ5: 0.27728561 | RG5: 0.43556664 | RM5: 0.3873559 | RO5: 0.41581446 | RQ5: 0.19078277 | RS5: 0.62451299 | RY5: 0.96525097 | RZ5: 0.54724188 | SC5: 3.096794 | SF5: 4.7956027 | SH5: 0.9228503 | SO5: 5.3465702 | SU5: 0.30111028 | SW5: 0.41220253 | SZ5: 0.41946567 | TB5: 0.79477005 | TI5: 0.8252784 | TO5: 0.57592848 | TP5: 1.2630617 | TS5: 0.42727431 | TX5: 1.3275817 | UC5: 0.51762757 | UF5: 0.17376773 | UH5: 0.42817948 | UL5: 0.44060198 | UN5: 1.3834034 | UP5: 1.9985879 | US5: 1.0169272 | UW5: 0.50726472 | VC5: 0.43920292 | VD5: 0.97409668 | VJ5: 0.21571598 | VN5: 0.81400751 | VV5: 0.72883242 | WA5: 0.3057199 | WC5: 0.4056103 | WH5: 1.074567 | WK5: 0.46969615 | WN5: 0.3424353 | WQ5: 0.24469359 | WT5: 0.4851824 | WW5: 0.68205748 | XA5: 0.8441202 | XF5: 0.57778167 | XQ5: 0.62361604 | XU5: 0.2467679 | XX5: 0.3567787 | YF5: 0.51302096 | YM5: 0.31745875 | YP5: 0.51870109 | YU5: 0.47884228 | YZ5: 0.19735921 | ZG5: 0.54634438 | ZO5: 0.210356 | ZQ5: 0.39008534 | ZY5: 0.64853858 | AAC5: 0.19841631 | AAE5: 0.5777881 | AAG5: 0.17643081 | AAK5: 0.65413098 | AAM5: 0.25322295 | AAO5: 0.20715997 | AAQ5: 0.23565433 | AAS5: 0.43865592 | AAX5: 0.11967545 | ABC5: 0.25197839 | ABF5: 0.16247701 | ABL5: 0.31380784 | ABV5: 0.67646397 | ACA5: 0.46436668 | ACB5: 0.29245158 | ACE5: 0.45770988 | ACN5: 0.60763205 | ACS5: 0.22188856 | ACX5: 0.40181525 | ACY5: 0.40382348 | ADE5: 0.42616362 | ADH5: 0.33115002 | ADT5: 0.77641949 | ADW5: 0.43423886 | AED5: 0.63631256 | AEF5: 0.34151302 | AEH5: 0.45442142 | AEK5: 0.55848979 | AEP5: 0.39133836 | AEU5: 0.38334052 | AEW5: 0.40886064 | AEZ5: 0.56782784 | AFB5: 0.45137445 | AFF5: 0.28061352 | AFI5: 0.75899597 | AFM5: 0.69383367 | AFS5: 0.43098655 | AFT5: 0.37822028 | AFW5: 0.28498351 | AFZ5: 0.16362005 | AGD5: 0.41136333 | AGG5: 0.52336744 | AGJ5: 0.17621108 | AGM5: 0.33751445 | AGN5: 0.34371334 | AGS5: 0.26309298 | AGX5: 0.15541103 | AGZ5: 0.26399125 | AHC5: 0.24129442 | AHE5: 0.18896406 | AHG5: 0.28805296 | AHJ5: 0.19189726 | AHM5: 0.1705559 | AHO5: 0.13174728 | AHQ5: 0.22446115 | AHW5: 0.18439324 | AIE5: 0.16082857 | AIH5: 0.12923762 | AIK5: 0.12285733 | AIO5: 0.31748241 | AIY5: 0.058815473 | AJB5: 0.046161136 | AJD5: 0.039844081 | AJG5: 0.20550174 | AJO5: 0.19815404 | AJT5: 0.034294373 | AKC5: 0.048577586 | AKL5: 0.041834632 | AKS5: 0.025323603 | ALK5: 0.010140413 | ALN5: 0.038450153 | AMM5: 0.011153429 | AND5: 0.010648023 | ANP5: 0.02087591 | ANU5: 0.012526424 | ANZ5: 0.022853621 | AOO5: 0.0084747705 | APC5: 0.01726613 | APF5: 0.018623941 | APK5: 0.016187392 | APW5: 0.027741988 | AQC5: 0.01038354 | AQN5: 0.21309504 | ARL5: 0.063494146 | ARU5: 0.025761522 | ASS5: 0.027901709 | ATG5: 103.55767
A6: 11A | E6: 0.051829155 | R6: 0.069055287 | AB6: 0.039385612 | BW6: 0.070325443 | EI6: 0.086428104 | EV6: 0.18592609 | FH6: 0.20207639 | FM6: 0.13431292 | GI6: 0.1145437 | JM6: 0.44189831 | JQ6: 0.60612368 | KA6: 0.11144487 | LK6: 0.099183902 | NJ6: 0.329376 | NN6: 0.079881356 | RJ6: 0.06444795 | RY6: 1.3477089 | SB6: 0.076156835 | TC6: 0.25867999 | TG6: 0.084720495 | TP6: 0.05814959 | UT6: 0.10589929 | WG6: 0.084433149 | WR6: 0.064725025 | YQ6: 0.067786077 | ABL6: 0.13334215 | ACF6: 0.09509642 | AIR6: 0.22612026 | AJG6: 0.081212192 | AJK6: 0.57864422 | AJM6: 0.7192934 | ALN6: 0.093079861 | AMN6: 0.065710904 | AND6: 0.066525307 | ANL6: -0.008141082 | ANO6: 0.067837017 | ANU6: 0.063831466 | APF6: 0.062604814 | APK6: 0.073079551 | APZ6: 0.20068139 | AQM6: 0.52706216 | AQQ6: 0.25095316 | ARK6: 0.15089807 | ARU6: 0.12090008 | AST6: 0.12528058 | ATG6: 8.52851
A7: 11B | D7: 0.023619864 | FH7: 0.46921841 | JQ7: 1.1930375 | KB7: 0.12477426 | NJ7: 0.555614 | OW7: 0.17656843 | RY7: 2.1097046 | VC7: 0.27418028 | AJO7: 1.0977921 | AJW7: 0.10654551 | ALD7: 2.4338869 | ALN7: 0.19762354 | AND7: 0.12837619 | ANL7: 0.030304808 | ANQ7: 0.22477756 | AOW7: 0.3739906 | AOY7: 0.071306107 | APF7: 0.53277917 | APP7: 0.27234527 | APV7: 1.250146 | AQM7: 1.6102295 | ARK7: 1.0280108 | ASK7: 0.24601468 | ATG7: 14.530846
A8: 12A | E8: 0.15163653 | Y8: 0.65642139 | AD8: 0.13877311 | AK8: 0.097426437 | AR8: 0.092760705 | BD8: 0.033938393 | BQ8: 0.094428358 | BV8: 0.16269078 | BY8: 0.12810148 | CJ8: 0.11646232 | DA8: 0.062609057 | DD8: 0.07611441 | DF8: 0.21773292 | DQ8: 0.082573878 | DT8: 0.10249694 | EL8: 0.29539477 | EN8: 0.11605124 | EU8: 0.11642334 | EV8: 0.23662129 | FE8: 0.14434702 | FF8: 0.3139274 | FH8: 1.0867208 | FL8: 0.55302814 | FP8: 0.21592074 | FV8: 0.97086569 | GB8: 1.2156891 | GC8: 0.58488545 | GF8: 0.41751676 | GL8: 0.74497751 | GV8: 0.20049939 | GX8: 0.20812605 | HA8: 0.249216 | HD8: 0.2621033 | HF8: 0.62566531 | HN8: 0.24720412 | HP8: 0.3253035 | HR8: 0.25836562 | HU8: 0.3118817 | HX8: 0.30016173 | IF8: 0.70409495 | II8: 0.27978807 | IK8: 0.68835254 | IR8: 1.0248333 | IW8: 1.3179149 | JL8: 0.94232243 | JM8: 1.4638515 | JQ8: 2.4305653 | JX8: 0.47501444 | JZ8: 1.5347532 | KH8: 0.6107846 | KK8: 0.27909858 | KL8: 0.26603272 | KQ8: 0.43564125 | LE8: 0.11993078 | LF8: 0.088610401 | LK8: 0.2809239 | LS8: 0.12915793 | MC8: 0.3950602 | MH8: 0.17815025 | MJ8: 0.18564061 | MO8: 0.17952104 | MU8: 1.073267 | NE8: 0.48272828 | NJ8: 0.86411958 | NM8: 0.12616167 | NV8: 0.068816089 | OB8: 0.12359079 | OU8: 0.94252325 | PF8: 0.14885137 | PI8: 0.10553867 | PX8: 0.15857477 | QG8: 0.35382337 | QN8: 0.063115516 | QO8: 0.22375873 | QT8: 0.13262574 | RN8: 0.31606765 | RO8: 0.24793962 | RS8: 0.25874465 | RY8: 1.3927577 | SC8: 1.6714902 | SF8: 2.6813102 | SH8: 0.43312357 | SO8: 3.0579238 | SZ8: 0.13185807 | TH8: 0.24806315 | TO8: 0.21670697 | TP8: 0.58621843 | TS8: 0.12934387 | TY8: 0.45185586 | UD8: 0.18235982 | UI8: 0.12768588 | UL8: 0.18867944 | UN8: 0.49281899 | UO8: 0.85856984 | US8: 0.63692073 | VD8: 0.35947561 | VN8: 0.36965324 | VT8: 0.26621108 | VZ8: 0.10155803 | WC8: 0.19906546 | WH8: 0.33232193 | WS8: 0.2309706 | WW8: 0.21119786 | XA8: 0.24254179 | XE8: 0.51964813 | XQ8: 0.18099889 | YE8: 0.16332371 | YP8: 0.18408624 | YT8: 0.11101468 | ZH8: 0.28141625 | ZQ8: 0.16870561 | ZY8: 0.16633988 | AAE8: 0.085788359 | AAK8: 0.097826686 | AAS8: 0.050059593 | AAY8: 0.081646601 | ABO8: 0.13427499 | ABU8: 0.097618171 | ACB8: 0.30930648 | ADT8: 0.10898282 | AEP8: 0.091796813 | AEZ8: 0.032618677 | AFI8: 0.11643286 | AFO8: 0.089276117 | AFQ8: 0.099390372 | AHB8: 0.58069981 | AHR8: 0.050143262 | AIR8: 0.09290612 | AJG8: 0.061345404 | AJN8: 0.37765145 | ALD8: 2.7219114 | ALJ8: 0.034641149 | ALN8: 0.072642195 | ANC8: 0.04393364 | ANO8: 0.095370559 | ANZ8: 0.053173432 | AOO8: 0.10280486 | APD8: 0.054262402 | APF8: 0.085627401 | AQA8: 0.13402541 | AQM8: 0.68143414 | ARJ8: 0.11769821 | ATG8: 56.246857
A9: 13A | D9: -0.04409312 | I9: 0.067420506 | P9: 0.23698589 | V9: 0.062167889 | AA9: 0.13797406 | BR9: 0.019193249 | CK9: 0.053576966 | EV9: 0.1472829 | FH9: 0.16335543 | FM9: 0.11941539 | GD9: 0.5407764 | GH9: 0.20156038 | GR9: 0.17215031 | HZ9: 0.065111035 | JM9: 0.039762916 | JQ9: 0.34218702 | JS9: 0.030455085 | JY9: 0.029250644 | KA9: 0.11888611 | LK9: 0.033973225 | MZ9: 0.088895973 | NJ9: 0.34583182 | NN9: 0.068515579 | OD9: 0.087383588 | OV9: 0.062407332 | RU9: 0.042126485 | RY9: 1.0548523 | SD9: 0.044664131 | TC9: 0.13837792 | TP9: 0.025503592 | UT9: 0.04919793 | VB9: 1.5048436 | WK9: 0.078111985 | YP9: 0.035334448 | YX9: 0.11693405 | ABR9: 0.24279705 | ABU9: 0.067656211 | ACF9: 0.09376767 | ADQ9: 0.065189385 | AFJ9: 0.029989268 | AGB9: 0.22114655 | AGP9: 0.10666187 | AHR9: 0.05886794 | AHY9: 0.090528475 | AIG9: 0.090180019 | AIS9: 0.10741768 | AJB9: 0.049012067 | AJO9: 0.16892382 | AKC9: 0.035795273 | AKE9: 0.80782385 | AKZ9: 0.010508808 | ALI9: 0.022883176 | ALN9: 0.071248828 | AME9: 0.025080987 | AMH9: 0.057508408 | AMN9: 0.033782397 | AND9: 0.055565835 | ANL9: 0.010175793 | ANO9: 0.047667022 | ANZ9: 0.047756802 | AOJ9: 0.0053723791 | APD9: 0.020580143 | APF9: 0.039354852 | APW9: 0.1168617 | AQF9: 0.051488278 | AQM9: 0.46333503 | AQZ9: 0.015106416 | ASJ9: 0.064771746 | ATG9: 9.6751788
A10: 13B | E10: 0.015665661 | I10: 0.0099830118 | P10: 0.22151426 | Y10: 0.27607173 | AL10: 0.30546871 | BR10: 0.02805619 | EH10: 0.060946146 | EV10: 0.16880939 | FH10: 0.12889191 | FR10: 0.10182295 | GA10: 0.06122007 | GI10: 0.0696941 | HN10: 0.05436321 | HX10: 1.3195848 | JM10: 0.040881605 | JQ10: 0.27206378 | JV10: 0.66216777 | JZ10: 0.082343906 | LK10: 0.088534982 | LM10: 0.24982323 | MM10: 0.048725186 | MW10: 0.053877325 | NJ10: 0.18819931 | NN10: 0.064084228 | OL10: 0.057897189 | OR10: 0.021870115 | OV10: 0.1079179 | PB10: 0.026093054 | RY10: 1.0638298 | SD10: 0.063556104 | TP10: 0.019892459 | UI10: 0.041208405 | UZ10: 0.20827891 | XJ10: 0.094512142 | YP10: 0.04586481 | ABU10: 0.069113405 | ACF10: 0.090183781 | ADQ10: 0.051018853 | AFJ10: 0.021728647 | AGP10: 0.042346088 | AIS10: 0.041186955 | AJC10: 0.032388587 | AJO10: 0.051866543 | ALB10: 0.023045468 | ALN10: 0.055111951 | AND10: 0.047970378 | ANL10: 0.02191799 | ANO10: 0.06525095 | AOB10: 0.026532841 | APF10: 0.059639911 | APV10: 0.074925668 | AQE10: 0.045243195 | ARJ10: 0.051489406 | ASL10: 0.026299049 | ATG10: 7.220974
A11: 14A | D11: -0.013596517 | J11: 0.013498357 | Q11: 0.1070454 | AA11: 0.11741829 | BS11: 0.017101591 | CI11: 0.033653761 | CK11: 0.24614785 | DS11: 0.017222297 | DV11: 0.028071151 | EV11: 0.41497368 | FH11: 0.081716645 | FM11: 0.18953228 | FP11: 0.034512602 | GC11: 2.4517901 | HF11: 0.098317702 | JM11: 0.3641762 | JQ11: 0.24898709 | JY11: 0.048111558 | JZ11: 0.56648469 | KO11: 0.024058227 | LK11: 0.042682805 | MO11: 0.040024786 | NJ11: 0.10402381 | NP11: 0.031125448 | RY11: 0.70224719 | SD11: 0.025512607 | UU11: 0.040603953 | VC11: 0.90803577 | WK11: 0.01677543 | WR11: 0.058224676 | XP11: 0.082654951 | YL11: 0.021654045 | YQ11: 0.061201212 | ZH11: 0.23762873 | ZR11: 0.26884511 | ABQ11: 0.15741248 | ABU11: 0.024762396 | ACG11: 0.040381177 | ADN11: 0.061356735 | AGQ11: 0.023047153 | AIN11: 0.018000841 | AIT11: 0.093900469 | ALN11: 0.03812979 | AMN11: 0.023179143 | AND11: 0.029463504 | ANL11: 0.0023053249 | ANO11: 0.028064203 | ANU11: 0.019303298 | ANZ11: 0.036922086 | AOZ11: 0.010998667 | APD11: 0.01626251 | APF11: 0.02866909 | APK11: 0.023174382 | APW11: 0.037617682 | APZ11: 0.029732417 | AQD11: 0.039095906 | AQM11: 0.34855941 | AQZ11: 0.013010983 | ARU11: 0.015095371 | ASJ11: 0.060369988 | AST11: 0.04065729 | ATG11: 8.9899358
A12: 14B | E12: -0.017853876 | K12: 0.0096380753 | O12: 0.40361921 | JQ12: 0.11862631 | KA12: 0.23776353 | NJ12: 0.055159751 | RY12: 0.81699346 | VA12: 0.24111772 | ADR12: 0.075440832 | AJQ12: 0.048917193 | ALO12: 0.03848204 | AND12: 0.020727384 | ANL12: -0.00020517638 | ANP12: 0.049732845 | APD12: 0.027319356 | APF12: 0.044567624 | APO12: 0.0090949301 | APX12: 0.045572001 | AQA12: 0.042970123 | AQF12: 0.029796724 | AQM12: 0.1808733 | ATG12: 2.4783533
A13: 15A | E13: -0.039341966 | J13: 0.028075052 | R13: 0.10629319 | Y13: 0.61079294 | EV13: 0.11686607 | FH13: 0.090467889 | FM13: 0.13848129 | FQ13: 0.053381279 | JM13: 0.15477568 | JQ13: 0.34193646 | JY13: 0.044995349 | KA13: 0.17009112 | MO13: 0.053480606 | NA13: 0.11678276 | NJ13: 0.14213831 | NO13: 0.058611548 | OV13: 0.46337064 | RY13: 1.1876485 | VB13: 0.65591589 | YQ13: 0.034405138 | ZH13: 0.054747338 | ZR13: 0.054280834 | ABR13: 0.069624479 | ADQ13: 0.15469072 | AGQ13: 0.10676467 | AIS13: 0.10427474 | AJO13: 0.16873167 | ALN13: 0.07431072 | AMN13: 0.032419492 | AND13: 0.044030101 | ANL13: 0.025172623 | ANO13: 0.061645007 | ANU13: 0.037108306 | ANY13: 0.056419742 | APD13: 0.090031158 | APF13: 0.082106621 | APK13: 0.090626691 | APW13: 0.45851838 | AQM13: 0.94810127 | AQZ13: 0.076762228 | ARL13: 0.20878512 | ARV13: 0.085227362 | AST13: 0.052531549 | ATG13: 7.6660785
A14: 15B | F14: -0.014542189 | P14: 0.42228739 | AB14: 0.060135641 | AN14: 0.074612579 | EV14: 0.096311652 | FH14: 0.13332768 | GI14: 0.080796621 | JQ14: 0.26434266 | LK14: 0.067972964 | NJ14: 0.17837144 | NN14: 0.084050247 | RY14: 1.3157895 | SD14: 0.073986643 | TP14: 0.074995242 | UZ14: 0.43248983 | ABU14: 0.056535406 | ACG14: 0.084068866 | ADP14: 0.10680942 | AGP14: 0.14597978 | AJL14: 0.34307909 | AJN14: 0.33275169 | AKB14: 0.047545483 | ALH14: 0.06453133 | ALN14: 0.10751597 | AMD14: 0.045286916 | AMN14: 0.13849051 | AMV14: 0.05458968 | AND14: 0.052299333 | ANL14: 0.014375338 | ANO14: 0.068072661 | ANU14: 0.040751162 | APC14: 0.05104818 | APF14: 0.059527816 | APK14: 0.033558182 | APW14: 0.25847138 | AQM14: 1.5169244 | AQZ14: 0.037232681 | ARU14: 0.067943259 | AST14: 0.051271015 | ATG14: 7.1235875
A15: 16A | E15: 0.027291151 | J15: 0.010922311 | P15: 0.40198015 | AW15: 0.21579989 | AY15: 0.40164365 | BH15: 0.15671094 | BM15: 0.07036748 | BQ15: 0.12506834 | DJ15: 0.040230375 | EA15: 0.060883577 | EH15: 0.10338067 | EM15: 0.17210713 | ET15: 0.51413781 | FH15: 0.22171293 | FM15: 0.038662538 | GB15: 0.028900608 | GJ15: 0.070373694 | GT15: 0.041108479 | HF15: 0.089381975 | HN15: 0.073590497 | IF15: 0.15479098 | IZ15: 0.044260479 | JG15: 0.042733294 | JM15: 0.069483192 | JQ15: 0.32941061 | KA15: 0.62418416 | LI15: 0.030581315 | LK15: 0.039333045 | LV15: 0.058106794 | MC15: 0.037153876 | MR15: 0.031352499 | MX15: 0.090325966 | NG15: 0.07709239 | NJ15: 0.20873874 | NN15: 0.14390115 | OV15: 0.024401234 | QJ15: 0.080029964 | QP15: 0.04685326 | RK15: 0.050569785 | RO15: 0.055640893 | RX15: 0.084547187 | RY15: 1.2106538 | SE15: 0.082046789 | SG15: 0.037456405 | SP15: 0.050405067 | TJ15: 0.047277745 | TP15: 0.039560894 | TR15: 0.063686915 | TY15: 0.18170211 | UI15: 0.054581893 | UM15: 0.038007946 | UN15: 0.094855763 | UT15: 0.084032635 | UZ15: 0.34557734 | VY15: 0.038805039 | XF15: 0.02627972 | XO15: 0.047211594 | YP15: 0.10653803 | ZU15: 0.044909385 | ABR15: 0.017695991 | ABU15: 0.032872182 | ACF15: 0.11658728 | ADQ15: 0.049035946 | AFI15: 0.043420126 | AGP15: 0.073525401 | AHT15: 0.048927531 | AIR15: 0.032682785 | AJP15: 0.088661731 | ALN15: 0.06648486 | AMN15: 0.04540093 | AMV15: 0.040729482 | ANB15: 0.018138355 | AND15: 0.055738844 | ANL15: 0.016734473 | ANO15: 0.09142682 | ANY15: 0.079792178 | AOQ15: 0.067888947 | AOX15: 0.035931652 | APC15: 0.077487976 | APF15: 0.074675435 | APJ15: 0.060847469 | APW15: 0.22250821 | AQG15: 0.16656461 | AQM15: 0.46767311 | AQW15: 0.016344895 | ARC15: 0.082504511 | ARH15: 0.26790917 | ASK15: 0.14288582 | ASS15: 0.048055817 | ATG15: 10.430467
A16: 16B | D16: -0.011001858 | Q16: 0.068540762 | Z16: 0.13913842 | EH16: 0.12925412 | EV16: 0.18719765 | FH16: 0.095650983 | FM16: 0.25005713 | FP16: 0.051317258 | GD16: 0.051237827 | GI16: 0.073461552 | HF16: 0.39463777 | JM16: 0.080601202 | JQ16: 0.2796236 | JX16: 0.038597097 | KA16: 0.34691798 | LK16: 0.036948176 | MO16: 0.057634233 | MX16: 0.20632506 | NJ16: 0.22104339 | NO16: 0.053103956 | OR16: 0.03921168 | OV16: 0.1075184 | RP16: 0.072893644 | RV16: 0.057515484 | RY16: 0.95419847 | SD16: 0.052919147 | TP16: 0.034761686 | TU16: 0.032147316 | UT16: 0.10438865 | VB16: 0.5211139 | WR16: 0.064526693 | XH16: 0.033132369 | XP16: 0.091672223 | YQ16: 0.089508632 | ZH16: 0.26953396 | ZR16: 0.31516818 | AAT16: 0.032394643 | AAZ16: 0.16443559 | ABR16: 0.059506402 | ABU16: 0.032395549 | ACG16: 0.070601337 | ADP16: 0.12085716 | AEP16: 0.056369564 | AGP16: 0.051214132 | AIN16: 0.030682023 | AIS16: 0.059550442 | AJO16: 0.15390471 | AKV16: 0.027530222 | ALN16: 0.063033752 | AMD16: 0.024831698 | AMI16: 0.022111346 | AMN16: 0.056301005 | AMV16: 0.059930822 | AMX16: 0.009777468 | ANB16: 0.013314565 | AND16: 0.030778368 | ANO16: 0.02870563 | ANU16: 0.042735214 | APD16: 0.06612147 | APE16: 0.039569794 | APK16: 0.043052637 | APS16: 0.016919425 | AQM16: 0.16048777 | AQQ16: 0.11167959 | ARU16: 0.045569208 | ASS16: 0.042624757 | ATG16: 7.327483
A17: 17A | D17: 0.0035084642 | Q17: 0.10134227 | Z17: 0.16410331 | EV17: 0.08053297 | FH17: 0.04488853 | HF17: 0.12855924 | JM17: 0.070110207 | JQ17: 0.19642127 | JZ17: 2.3078895 | LK17: 0.034483997 | NJ17: 0.055253294 | OW17: 0.023626839 | RY17: 0.72254335 | VB17: 0.63288368 | ABR17: 0.07581242 | ADS17: 0.036669077 | AIU17: 0.037905382 | AJR17: 0.011698786 | ALN17: 0.03710954 | AND17: 0.024432558 | ANT17: 0.26692474 | APF17: 0.054513375 | APK17: 0.030009762 | APX17: 0.041807316 | AQB17: 0.021064891 | AQM17: 0.17995607 | AQQ17: 0.095429811 | ARI17: 0.17095906 | ARU17: 0.045826719 | ASS17: 0.059208787 | ATG17: 5.7554752
A18: 17B | E18: 0.060453242 | G18: 0.015944796 | I18: 0.013791989 | P18: 0.065331384 | Y18: 0.10424041 | AE18: 0.047547893 | AG18: 0.025699889 | AJ18: 0.078438808 | AR18: 0.02391797 | AW18: 0.16646363 | AX18: 0.29627703 | BE18: 0.093623084 | BJ18: 0.051242373 | BM18: 0.048261085 | BP18: 0.072344624 | CF18: 0.018692578 | CJ18: 0.082386806 | CL18: 0.014703096 | CN18: 0.017526332 | CQ18: 0.018113585 | CX18: 0.044094228 | DA18: 0.023813606 | DC18: 0.055562785 | DE18: 0.098865537 | DN18: 0.033338154 | DQ18: 0.038107445 | DT18: 0.050638584 | DZ18: 0.051363833 | ED18: 0.039491533 | EL18: 0.12224549 | EN18: 0.34163917 | ES18: 0.34469677 | EV18: 0.2088464 | FB18: 0.17174422 | FE18: 0.075271982 | FF18: 0.21174833 | FH18: 0.4501536 | FM18: 0.11712342 | FO18: 0.11230235 | FV18: 0.087344664 | FX18: 0.069385196 | GA18: 0.45400223 | GC18: 0.28403303 | GF18: 0.18603395 | GK18: 0.11327799 | GU18: 0.082420575 | GW18: 0.072972705 | HB18: 0.10948504 | HF18: 0.51827507 | HO18: 0.1718617 | HP18: 0.24481453 | HS18: 0.16941777 | HW18: 0.42553717 | IH18: 1.0905145 | IM18: 0.59107184 | IQ18: 0.63933631 | IW18: 0.78760617 | JC18: 0.43934518 | JL18: 0.54546138 | JM18: 0.53282815 | JO18: 0.27542934 | JQ18: 1.5809446 | JT18: 0.30907923 | JX18: 0.43197017 | JZ18: 0.54630795 | KC18: 0.28752998 | KH18: 0.56266808 | KK18: 0.21671595 | KL18: 0.21489959 | KQ18: 0.37555146 | KT18: 0.11165684 | LC18: 0.14331142 | LE18: 0.12395991 | LF18: 0.11392214 | LK18: 0.49230673 | LO18: 0.069229975 | LQ18: 0.05625706 | LS18: 0.16989968 | MC18: 0.23931518 | MH18: 0.16562163 | MJ18: 0.17621257 | MO18: 0.14227647 | MQ18: 0.1401515 | MV18: 0.23471064 | NE18: 0.35546993 | NJ18: 0.78913302 | NM18: 0.2022342 | NX18: 0.18342452 | OA18: 0.1782063 | OG18: 0.12491389 | OS18: 0.086653962 | OT18: 0.099109476 | OZ18: 0.1178804 | PF18: 0.1935159 | PO18: 0.7607423 | PQ18: 0.13462335 | PW18: 0.33606565 | QF18: 0.096312726 | QI18: 0.45009356 | QM18: 0.1059838 | QO18: 0.41189198 | QU18: 0.19338657 | RA18: 0.19838865 | RD18: 0.33894811 | RN18: 0.33463953 | RO18: 0.30288609 | RR18: 0.17655423 | RS18: 0.44624092 | RY18: 0.78740157 | RZ18: 0.46374424 | SC18: 3.4057276 | SG18: 4.9612825 | SH18: 1.0011646 | SO18: 5.9612916 | SU18: 0.34266283 | SZ18: 0.40200901 | TD18: 0.57537169 | TI18: 0.79210014 | TO18: 0.59620008 | TP18: 1.1830242 | TS18: 0.40437199 | TX18: 1.2795852 | UA18: 0.16223274 | UD18: 0.35065232 | UF18: 0.16113689 | UI18: 0.43454802 | UL18: 0.47831143 | UN18: 1.432347 | UP18: 1.8863355 | US18: 0.93334762 | UY18: 0.79162555 | VF18: 1.610416 | VJ18: 0.23340905 | VN18: 0.78474903 | VU18: 0.76844762 | WC18: 0.76116241 | WH18: 1.1439899 | WK18: 0.40771719 | WN18: 0.44485455 | WQ18: 0.17793907 | WT18: 0.49249995 | WW18: 0.87263204 | XA18: 0.89408786 | XF18: 0.6309719 | XL18: 0.18059097 | XQ18: 0.45031559 | XU18: 0.29381571 | XX18: 0.32310739 | YF18: 0.55787981 | YM18: 0.32322658 | YO18: 0.43214251 | YU18: 0.58285957 | YZ18: 0.22861584 | ZF18: 0.29785466 | ZJ18: 0.20910746 | ZN18: 0.24397906 | ZP18: 0.32142797 | ZZ18: 0.73253508 | AAC18: 0.19972056 | AAE18: 0.67649838 | AAH18: 0.1834617 | AAJ18: 0.82923129 | AAN18: 0.23036074 | AAO18: 0.23576597 | AAQ18: 0.22802742 | AAS18: 0.45279942 | AAX18: 0.14653142 | ABB18: 0.2750914 | ABF18: 0.18262974 | ABK18: 0.37134387 | ABU18: 0.80706098 | ABZ18: 0.14742612 | ACB18: 0.39685209 | ACE18: 0.37973198 | ACN18: 0.55271379 | ACT18: 0.24900414 | ACX18: 0.52468211 | ACY18: 0.55355071 | ADF18: 0.48080132 | ADG18: 0.33730539 | ADT18: 0.913525 | ADV18: 0.54456563 | AEC18: 0.87088156 | AEF18: 0.35321221 | AEH18: 0.57898632 | AEL18: 0.69359264 | AEP18: 0.45307047 | AEU18: 0.42646249 | AEW18: 0.51147272 | AEZ18: 0.69601878 | AFB18: 0.51007225 | AFF18: 0.32632954 | AFI18: 0.88098961 | AFL18: 0.83908999 | AFS18: 0.52352492 | AFT18: 0.47061788 | AFW18: 0.37027044 | AGA18: 0.21807304 | AGD18: 0.49093496 | AGG18: 0.66493563 | AGL18: 0.72864915 | AGO18: 0.55399703 | AGR18: 0.32263627 | AGU18: 0.2211466 | AGW18: 0.22408492 | AGZ18: 0.40324556 | AHC18: 0.34214191 | AHF18: 0.23946024 | AHG18: 0.42229914 | AHJ18: 0.34234592 | AHL18: 0.31091115 | AHO18: 0.18419422 | AHQ18: 0.31961484 | AHV18: 0.27854969 | AHZ18: 0.29985264 | AIE18: 0.21012567 | AIG18: 0.22024584 | AIJ18: 0.042711918 | AIK18: 0.20181235 | AIO18: 0.54987628 | AIX18: 0.14548605 | AIY18: 0.1346448 | AJE18: 0.22537489 | AJF18: 0.4644639 | AJJ18: 0.26069601 | AJM18: 0.22408626 | AJX18: 0.045638732 | AJZ18: 0.04861794 | AKC18: 0.15007826 | AKF18: 0.052207598 | AKI18: 0.057274075 | AKL18: 0.015960028 | AKS18: 0.025235045 | AKX18: 0.013875598 | ALB18: 0.00924073 | ALC18: 0.012497206 | ALG18: 0.0245826 | ALK18: 0.0083850204 | ALN18: 0.029186072 | ALS18: 0.0075566941 | ALU18: 0.012697243 | ALY18: 0.0082739164 | AMD18: 0.015810477 | AMF18: 0.016157536 | AMN18: 0.033403691 | AMP18: 0.0063133115 | AMS18: 0.017048327 | AMU18: 0.025443436 | ANA18: 0.012698943 | AND18: 0.027325084 | ANH18: 0.034895716 | ANL18: 0.0066304766 | ANO18: 0.024439789 | ANU18: 0.01289968 | ANY18: 0.025408536 | AOQ18: 0.012288193 | AOZ18: 0.0040223116 | APC18: 0.0080893012 | APE18: 0.011931157 | APK18: 0.0098472712 | APQ18: 0.0086261283 | APR18: 0.009983204 | APV18: 0.012190699 | APZ18: 0.017498689 | AQM18: 0.16706476 | AQZ18: 0.0045503274 | ARK18: 0.020744542 | ASK18: 0.03795855 | ASS18: 0.01129139 | ATG18: 97.270848
A19: 18A | E19: 0.013934528 | P19: 0.19336701 | X19: 0.82268598 | AN19: 0.019833338 | BR19: 0.026715966 | CI19: 0.02640473 | CK19: 0.18251992 | DI19: 0.074291071 | DS19: 0.043259852 | DV19: 0.050136281 | EV19: 0.40620603 | FH19: 0.13881953 | FM19: 3.8630581 | GC19: 1.5590241 | GQ19: 0.047712688 | HO19: 0.043616467 | JM19: 0.1861 | JQ19: 0.32002207 | JZ19: 0.88538226 | LK19: 0.035856111 | MO19: 0.09732387 | NA19: 0.082247639 | NJ19: 0.187759 | NN19: 0.037502348 | OV19: 0.10451136 | RV19: 0.017119424 | RY19: 0.80515298 | TP19: 0.034522489 | UU19: 0.079642004 | UZ19: 0.34133708 | WS19: 0.043981163 | YL19: 0.0388278 | YQ19: 0.033924963 | ABL19: 0.10285649 | ABP19: 0.04707333 | ABR19: 0.066732139 | ABU19: 0.15743608 | ACF19: 0.085416613 | ADP19: 0.11639654 | AFJ19: 0.0231812 | AGQ19: 0.4908122 | AHS19: 0.046057975 | AIS19: 0.1176751 | AIX19: 0.050812148 | AJB19: 0.046282089 | AJN19: 0.25217865 | AJW19: 0.040599705 | AKA19: 0.10373133 | AKY19: 0.02806437 | ALB19: 0.025194543 | ALD19: 0.036122931 | ALH19: 0.043211385 | ALJ19: 0.18756829 | ALK19: 0.033018653 | ALN19: 0.13186162 | ALZ19: 0.062612987 | AMD19: 0.064630031 | AMF19: 0.087638607 | AMN19: 0.090238438 | AMS19: 0.028414546 | AMV19: 0.060638607 | ANA19: 0.037429943 | AND19: 0.047363541 | ANL19: 0.057073859 | ANO19: 0.12063836 | ANZ19: 0.19693075 | AOJ19: 0.051882103 | AOS19: 0.14287635 | APD19: 0.10807998 | APF19: 0.18811912 | APN19: 0.06253791 | APO19: 0.045964063 | APW19: 0.12014401 | AQA19: 0.12189463 | AQF19: 0.13694206 | AQM19: 0.80355328 | AQZ19: 0.08717402 | ARS19: 0.047453139 | ATG19: 15.845312
A20: 18B | F20: 0.0108737 | P20: 0.3810243 | Y20: 0.61439084 | EV20: 0.17576567 | FH20: 0.2038363 | FM20: 0.16867862 | FQ20: 0.068592822 | HF20: 0.19474392 | JM20: 0.28465552 | JQ20: 0.46977461 | KA20: 0.68365763 | NJ20: 0.3459314 | NP20: 0.08178713 | OW20: 0.083238744 | RY20: 1.1574074 | SD20: 0.061811599 | SP20: 0.056874475 | UZ20: 0.26707367 | YQ20: 0.052710533 | ABU20: 0.097694957 | ACG20: 0.062976585 | ADQ20: 0.15313557 | AGP20: 0.18259392 | AIT20: 0.054213225 | AJP20: 0.079396717 | ALN20: 0.079632736 | AND20: 0.061901622 | ANL20: 0.027979075 | ANO20: 0.078456257 | ANZ20: 0.059266421 | APF20: 0.12475009 | APZ20: 0.197407 | AQG20: 0.092638526 | AQM20: 0.45817396 | ATG20: 7.1730455
A21: 19A | E21: 0.047462144 | R21: 0.036143119 | X21: 0.70358218 | AT21: 0.023974237 | BN21: 0.022511943 | BQ21: 0.049433434 | BV21: 0.13758186 | EI21: 0.049516145 | EV21: 0.15028215 | FH21: 0.53446787 | FM21: 2.6479219 | FV21: 0.7108913 | GI21: 0.10514491 | GT21: 0.098068898 | IB21: 0.051005158 | JK21: 0.030742609 | JM21: 0.33379421 | JQ21: 0.71031779 | JZ21: 3.4410211 | LK21: 0.30002456 | MA21: 0.033510835 | ML21: 0.08864648 | MU21: 1.0048198 | NG21: 0.17421557 | NJ21: 0.32607843 | NM21: 0.068356955 | OB21: 0.14938477 | OU21: 0.91704456 | PD21: 0.062847763 | PI21: 0.10035203 | RK21: 0.053393257 | RO21: 0.084571702 | RU21: 0.045504769 | RY21: 0.96339114 | SN21: 0.044078487 | TP21: 0.040621283 | UI21: 0.028450645 | UN21: 0.041107381 | US21: 0.2077801 | VB21: 0.74089116 | VY21: 0.032863962 | XD21: 0.32744712 | XT21: 0.04158625 | YP21: 0.075878688 | ZB21: 0.0244038 | ABO21: 0.17058306 | ABR21: 0.27768736 | ACC21: 0.11718727 | ACF21: 0.067170598 | ADP21: 0.15976598 | AEJ21: 0.081213989 | AES21: 0.049287656 | AFI21: 0.028201169 | AHS21: 0.03991315 | AIR21: 0.34276972 | AJC21: 0.0592604 | AJH21: 0.038631484 | AJO21: 0.058445909 | ALN21: 0.053336464 | AME21: 0.0086801839 | AMN21: 0.03361882 | ANB21: 0.012933395 | AND21: 0.027738485 | ANL21: 0.01331995 | ANO21: 0.046919383 | ANU21: 0.020396373 | ANZ21: 0.071346003 | APD21: 0.092556118 | APF21: 0.047093041 | APK21: 0.031154489 | APS21: 0.02486971 | APZ21: 0.011354004 | AQM21: 0.53430544 | AQY21: 0.030122196 | ARK21: 0.083195269 | ARU21: 0.041605637 | ASS21: 0.039407149 | ATG21: 18.575184
A22: 19B | F22: 0.0095078355 | S22: 0.056885079 | AY22: 1.6548103 | BM22: 0.072317554 | BP22: 0.11869741 | CF22: 0.040752223 | DY22: 0.078465262 | EH22: 0.11463719 | EP22: 0.47487619 | ES22: 0.38141274 | EY22: 0.1493032 | FF22: 0.045049031 | FH22: 0.33303658 | FM22: 0.11046514 | FV22: 0.133538 | GI22: 0.089166237 | GT22: 0.055743873 | HF22: 0.05565071 | IE22: 0.21594309 | IM22: 0.25725926 | IY22: 0.072481987 | JF22: 0.11174526 | JM22: 0.13860308 | JQ22: 0.55869646 | KF22: 0.073554649 | KJ22: 0.043090913 | LD22: 0.039647135 | LU22: 0.087910856 | MB22: 0.45289817 | MO22: 0.071098888 | MW22: 0.21015128 | NG22: 0.10227399 | NJ22: 0.31547508 | NK22: 0.05459625 | NM22: 0.15504592 | NQ22: 0.11250544 | QC22: 0.063782829 | QH22: 0.4677253 | QP22: 0.13607667 | QY22: 0.081289471 | RB22: 0.049010499 | RG22: 0.11213352 | RO22: 0.12425795 | RU22: 0.1322201 | RY22: 1.1990408 | SE22: 0.093884562 | SG22: 0.042391526 | SL22: 0.02604645 | SO22: 0.051865828 | TJ22: 0.04561908 | TP22: 0.040619791 | TR22: 0.13800032 | TY22: 0.26234044 | UI22: 0.068834932 | UL22: 0.085223935 | UN22: 0.10823197 | US22: 0.19614453 | UZ22: 0.38212883 | VY22: 0.060506976 | XC22: 0.29182919 | XN22: 0.15558899 | XZ22: 0.074337316 | YE22: 0.070839049 | YL22: 0.036086371 | YP22: 0.17191385 | ZB22: 0.072514556 | ZI22: 0.053071206 | AAQ22: 0.05806033 | ABR22: 0.073313692 | ABY22: 0.024458995 | ACC22: 0.076927639 | ACF22: 0.14425544 | ADP22: 0.080528752 | AEK22: 0.041575978 | AFI22: 0.090134577 | AHR22: 0.010750268 | AIS22: 0.047919012 | AJC22: 0.033950219 | AJP22: 0.040619819 | ALB22: 0.028982817 | ALD22: 0.56442921 | ALN22: 0.059903308 | AND22: 0.053402116 | ANL22: 0.01667522 | ANO22: 0.07875057 | ANZ22: 0.021579786 | AOZ22: 0.021101337 | APC22: 0.016167185 | APF22: 0.034225419 | APS22: 0.015743453 | AQM22: 0.32377836 | AQX22: 0.030274202 | AQZ22: 0.018444287 | ARD22: 0.036148044 | ARI22: 0.13335727 | ASN22: 0.082842511 | ATG22: 14.199149
A23: 1A | B23: 0.3411084 | H23: 0.037707265 | O23: 0.16979496 | X23: 0.56744326 | AM23: 0.12595537 | AZ23: 0.044994618 | BQ23: 0.044779749 | BV23: 0.062505013 | EJ23: 0.030186413 | EP23: 0.05928225 | EV23: 0.14966871 | FH23: 0.36430214 | FM23: 0.28029419 | FO23: 0.092454979 | FV23: 0.081635804 | GD23: 0.034655127 | GH23: 0.11366785 | IB23: 0.075762271 | IT23: 0.064384605 | JM23: 0.069001002 | JQ23: 1.3806855 | JZ23: 3.0394903 | LK23: 0.18086861 | MO23: 0.11957889 | MW23: 0.34059173 | NG23: 0.077944595 | NJ23: 0.21829265 | NN23: 0.066999041 | OB23: 0.25086728 | OU23: 0.47683272 | PL23: 0.17936349 | PS23: 0.017280932 | PY23: 0.058021868 | QS23: 0.25515931 | QW23: 0.19959296 | RK23: 0.070621263 | RO23: 0.065541057 | RU23: 0.052897663 | RY23: 1.3774105 | TP23: 0.026780887 | UN23: 0.037324473 | UU23: 0.080253708 | VB23: 0.16486132 | XG23: 0.041064045 | YP23: 0.11207028 | YT23: 0.030757506 | AAW23: 0.035948105 | ABO23: 0.12313832 | ABQ23: 0.059973257 | ACC23: 0.04700209 | ACF23: 0.11829565 | ACV23: 0.076685414 | ADQ23: 0.051011879 | AER23: 0.025810526 | AFI23: 0.03353059 | AGX23: 0.080106788 | AHS23: -0.013653581 | AIB23: 0.044894153 | AIN23: 0.027800704 | AIR23: 0.2512744 | AJB23: 0.059257972 | AJF23: 0.087083117 | AJN23: 0.091968203 | AKG23: 0.056807942 | AKQ23: 0.18469184 | AKY23: 0.038697131 | ALA23: 0.031125486 | ALN23: 0.092216624 | ALV23: 0.027271401 | ALZ23: 0.0099887779 | AMC23: 0.02167654 | AMH23: 0.029163868 | AML23: 0.32111726 | AMP23: 0.030714133 | AMR23: 0.06619292 | AMU23: 0.080497928 | AMY23: 0.026429601 | AMZ23: 0.027203124 | ANA23: 0.043924556 | ANC23: 0.071635269 | ANL23: 0.035795048 | ANN23: 0.099887942 | ANV23: 0.047498659 | ANY23: 0.098725216 | AOJ23: 0.042964778 | AOL23: 0.017058697 | AOT23: 0.076599107 | AOY23: 0.039903938 | APC23: 0.058595334 | APE23: 0.079815759 | APK23: 0.12772452 | APL23: 0.033770473 | APN23: 0.041748396 | APP23: 0.058472065 | APR23: 0.1115517 | APZ23: 0.049475907 | AQM23: 0.4423633 | AQQ23: 0.19111135 | ARB23: 0.39584059 | ARE23: 1.9690348 | ARO23: 0.3930665 | ARR23: 0.29334662 | ARU23: 0.15285205 | ASJ23: 0.028829303 | ASP23: 0.035424449 | ASS23: 0.057506477 | ASW23: 0.1567239 | ASZ23: 0.75121859 | ATG23: 19.977124
A24: 1B | D24: 0.47473443 | Q24: 0.11391318 | AB24: 0.02451729 | AO24: 0.11125479 | BR24: 0.035657239 | BU24: 0.23128919 | DY24: 0.18187189 | EF24: 0.87053774 | EV24: 0.089100907 | FH24: 0.47194763 | FM24: 0.16792123 | FV24: 0.29529767 | GB24: 0.064592095 | GH24: 0.1513394 | IC24: 0.0476175 | IU24: 0.15793394 | JM24: 0.17563702 | JQ24: 0.30200683 | KA24: 0.43821038 | KE24: 0.069482349 | LK24: 0.12861818 | MD24: 0.040223384 | NH24: 0.060998718 | NJ24: 0.14187889 | NN24: 0.059274789 | OA24: 0.27189715 | PJ24: 0.063195871 | QB24: 0.085161025 | QS24: 0.2379499 | QV24: 0.1022983 | RL24: 0.044372145 | RO24: 0.048252918 | RU24: 0.038069109 | RY24: 1.1574074 | SN24: 0.02319052 | TP24: 0.065880774 | TR24: 0.014552963 | UN24: 0.037864154 | UU24: 0.13977511 | VB24: 0.14207198 | XG24: 0.086315978 | YP24: 0.059638155 | YT24: 0.023786096 | ZV24: 0.02448018 | ABQ24: 0.066956323 | ACC24: 0.066698914 | ACG24: 0.075707615 | ACV24: 0.058054561 | ADQ24: 0.044982901 | AER24: 0.019721574 | AFJ24: 0.041431842 | AGY24: 0.057717071 | AHU24: 0.02728162 | AIT24: 0.039306409 | AJC24: 0.042813797 | AJH24: 0.080533295 | AJO24: 0.086672362 | AKH24: 0.043495736 | ALB24: 0.028194532 | ALO24: 0.057128431 | AMN24: 0.010185163 | ANB24: 0.025665914 | AND24: 0.068590923 | ANL24: 0.060495834 | ANO24: 0.070087617 | ANU24: 0.053177105 | AOE24: 0.14781092 | AOJ24: 0.059668398 | AOX24: 0.17498329 | APD24: 0.14017955 | APF24: 0.11665257 | APK24: 0.13713476 | APP24: 0.12767921 | APS24: 0.13662352 | AQA24: 0.11162658 | AQM24: 1.2394214 | AQW24: 0.13991458 | AQZ24: 0.15454828 | ARP24: 0.16851398 | ARS24: 0.15283345 | ARU24: 0.18215669 | ASS24: 0.051806453 | ASY24: 0.043083536 | ATA24: 0.17187575 | ATD24: 0.0119363 | ATG24: 12.165365
A25: 20A | E25: 0.12937851 | R25: 0.040759324 | Y25: 0.76004539 | AO25: 0.03834509 | BM25: 0.037626214 | BR25: 0.027476868 | DG25: 0.3231227 | DR25: 0.041084983 | EI25: 0.043998284 | EV25: 0.12020235 | FF25: 0.029671063 | FH25: 0.50166235 | FM25: 0.2620515 | FV25: 0.20823108 | GD25: 0.055419058 | GI25: 0.080590476 | GT25: 0.34315594 | IB25: 0.066862538 | JH25: 0.44071773 | JM25: 1.253096 | JQ25: 0.57437508 | JZ25: 5.5285543 | LK25: 0.026732618 | MO25: 0.090505546 | MU25: 0.8005356 | NG25: 0.27894896 | NJ25: 0.29576414 | NN25: 0.072796144 | OB25: 0.11269321 | OV25: 0.21240131 | QA25: 0.049764612 | RK25: 0.037845265 | RO25: 0.13997103 | RY25: 1.0548523 | TP25: 0.039198618 | UI25: 0.034190514 | UN25: 0.071305666 | UT25: 0.33979574 | VC25: 6.9965073 | VK25: 0.057056647 | WK25: 0.27699952 | WR25: 0.19267385 | XH25: 0.10366857 | XP25: 0.15372378 | XV25: 0.040863065 | YB25: 0.039923162 | YK25: 0.07374913 | YP25: 0.2208756 | ZH25: 0.2572175 | ZR25: 0.303216 | AAT25: 0.067313952 | AAY25: 0.30285854 | ABK25: 0.3483273 | ABQ25: 2.914711 | ACC25: 0.13091024 | ACF25: 0.099759775 | ACQ25: 0.15227054 | ADK25: 0.095032181 | ADP25: 0.25329888 | AEF25: 0.07951325 | AEN25: 0.21156146 | AFI25: 0.043043353 | AFV25: 0.045729761 | AGH25: 0.039954502 | AHH25: 0.066553916 | AIS25: 0.22364393 | ALN25: 0.062159199 | AMN25: 0.031829766 | ANB25: 0.012841784 | AND25: 0.034377994 | ANL25: -0.00097032042 | ANO25: 0.074914312 | ANZ25: 0.080003453 | AOJ25: 0.015532212 | AOO25: 0.02936376 | AOS25: 0.031275269 | APC25: 0.033723051 | APE25: 0.03255309 | APW25: 0.12216134 | AQE25: 0.10737015 | AQM25: 0.76707942 | AQZ25: 0.046342159 | ARJ25: 0.098222929 | ASQ25: 0.12717156 | ATG25: 30.060636
A26: 20B | E26: 0.012908716 | S26: 0.04752084 | AA26: 0.18707263 | FH26: 0.60277253 | GI26: 0.23154271 | JM26: 0.12945295 | JQ26: 0.76082214 | KA26: 0.1474139 | LK26: 0.077752547 | MY26: 0.23346259 | NG26: 0.10922309 | NJ26: 0.5533981 | NN26: 0.093891801 | OV26: 0.22093621 | RO26: 0.078150657 | RU26: 0.073107106 | RY26: 1.9305019 | TP26: 0.064761969 | UZ26: 0.3847955 | YP26: 0.11456853 | ACF26: 0.18624632 | ADP26: 0.19764118 | AIS26: 0.068736684 | ALD26: 1.5815885 | ALN26: 0.12022077 | AND26: 0.089956133 | ANO26: 0.046017905 | APC26: 0.056347641 | APF26: 0.065994146 | APK26: 0.038048433 | APZ26: 0.1505203 | AQD26: 0.10108924 | AQM26: 0.47516613 | AQQ26: 0.3045904 | ARU26: 0.0400208 | ASJ26: 0.092292315 | ASS26: 0.062100091 | ATG26: 9.7306334
A27: 21A | E27: 0.038311915 | S27: 0.047730603 | Z27: 0.61185226 | AM27: 0.19014021 | BR27: 0.0571663 | BW27: 0.086416268 | DI27: 0.041095474 | EA27: 0.085564183 | EG27: 0.51250443 | EV27: 0.14232251 | FH27: 0.44243438 | FM27: 0.20791404 | FV27: 0.31164197 | GI27: 0.079518328 | IA27: 0.098666485 | JM27: 0.53175086 | JQ27: 0.77394554 | JZ27: 2.3632677 | LY27: 0.11560596 | MZ27: 0.14890388 | NG27: 0.14261404 | NJ27: 0.38058043 | NN27: 0.096022132 | OC27: 0.085349986 | OV27: 0.14784379 | RO27: 0.10152954 | RU27: 0.054987978 | RY27: 1.4705882 | TP27: 0.097776081 | UN27: 0.050426626 | UT27: 0.13864915 | VB27: 0.84552345 | XG27: 0.042232646 | YP27: 0.1095057 | ZU27: 0.052874996 | ABR27: 0.31439714 | ACC27: 0.09785465 | ACF27: 0.094501963 | ADQ27: 0.12981492 | AFJ27: 0.038024255 | AIS27: 0.1473657 | AJP27: 0.037318453 | ALN27: 0.07538336 | AMN27: 0.027383553 | ANB27: 0.052513953 | AND27: 0.052274062 | ANL27: 0.0041101988 | ANO27: 0.053580235 | ANU27: 0.034294882 | APD27: 0.049607071 | APF27: 0.053048421 | APK27: 0.059533286 | APW27: 0.092744234 | AQA27: 0.15119881 | AQM27: 0.40208504 | AQQ27: 0.33443361 | ARH27: 0.16958504 | ARS27: 0.051916999 | ARV27: 0.089081369 | ASJ27: 0.1777255 | ASS27: 0.091900755 | ATG27: 13.584935
A28: 21B | D28: 0.0021515673 | S28: 0.044334 | AA28: 0.19705502 | BX28: 0.056955762 | EH28: 0.29717951 | EV28: 0.19299511 | FH28: 0.4038389 | FM28: 0.63565445 | FV28: 0.55083694 | GI28: 0.1301668 | JI28: 0.095693589 | JM28: 0.18649475 | JQ28: 0.68848284 | JZ28: 1.7430251 | MM28: 0.19662532 | NA28: 0.12992916 | NG28: 0.069854083 | NJ28: 0.3102313 | NN28: 0.1040265 | OQ28: 0.034154882 | OV28: 0.36911391 | RP28: 0.057280818 | RV28: 0.050573463 | RY28: 1.7064846 | SQ28: 0.074197883 | SW28: 0.11766818 | TC28: 0.5166739 | TP28: 0.099350273 | TU28: 0.062617421 | UI28: 0.096598555 | UT28: 0.14805248 | VB28: 0.89257668 | WR28: 0.21171473 | XH28: 0.096323461 | XP28: 0.46066483 | YQ28: 0.31654229 | YX28: 0.060202392 | ZH28: 0.7387039 | ZR28: 1.0499497 | ABI28: 0.058529709 | ABP28: 0.088028556 | ABQ28: 0.10082507 | ACC28: 0.079391101 | ACF28: 0.086643836 | ADN28: 0.21783077 | AIT28: 0.078313577 | ALN28: 0.10026518 | AMN28: 0.0029484559 | AND28: 0.07238557 | ANL28: 0.016197525 | ANO28: 0.11966615 | AOZ28: 0.095866193 | APD28: 0.043018202 | APF28: 0.086571662 | APJ28: 0.034097638 | APW28: 0.16698007 | AQE28: 0.14896075 | AQM28: 0.63393917 | ARK28: 0.17303754 | ARS28: 0.037898715 | ASJ28: 0.075441462 | ATG28: 15.711812
A29: 22A | E29: -0.038953914 | S29: 0.068107058 | FI29: 0.41680889 | FM29: 0.23285343 | GB29: 0.091065682 | IG29: 0.064930189 | JQ29: 0.51407653 | KA29: 0.91459301 | NA29: 0.10491111 | NJ29: 0.31367261 | NO29: 0.086169175 | OW29: 0.056842885 | RY29: 1.5384615 | SD29: 0.16571619 | SG29: 0.26646083 | SP29: 0.27075913 | TP29: 0.06832837 | UP29: 0.06618225 | VA29: 0.63600587 | YQ29: 0.056352253 | ACG29: 0.075456989 | ADR29: 0.082691227 | ALE29: 3.6360848 | ALJ29: 0.10766608 | ALO29: 0.075148524 | AND29: 0.066144688 | ANL29: 0.0065647092 | ANS29: 0.10448959 | APD29: 0.061258679 | APF29: 0.042294221 | APW29: 0.18555471 | AQG29: 0.088863272 | AQM29: 0.47877244 | ARJ29: 0.11309068 | ATG29: 11.017424
A30: 22B | E30: 0.02129498 | AC30: 0.058574848 | FH30: 0.26211299 | FM30: 1.3405828 | FV30: 0.27770563 | HF30: 0.17935041 | JM30: 0.27917153 | JQ30: 0.48229586 | KB30: 0.17390491 | ML30: 0.3568093 | NH30: 0.050879072 | NJ30: 0.22239687 | NN30: 0.070369942 | OQ30: 0.12423755 | OU30: 0.935939 | RP30: 0.058851257 | RY30: 1.2690355 | TC30: 0.11631598 | UU30: 0.060344974 | VB30: 0.54259075 | WS30: 0.048820243 | XP30: 0.11977119 | YQ30: 0.083996187 | ZH30: 0.3171857 | ZR30: 0.30223341 | ACC30: 0.051613044 | ACG30: 0.052472292 | ADQ30: 0.16335302 | ALO30: 0.063927625 | AMN30: 0.024246021 | AND30: 0.040946785 | ANO30: 0.042271684 | ANU30: 0.031913775 | APC30: 0.036816831 | APF30: 0.033264897 | APK30: 0.049517739 | APW30: 0.060724275 | AQM30: 0.27757549 | AQR30: 0.15516305 | ARU30: 0.026477549 | ASJ30: 0.097113974 | ASS30: 0.040138595 | ATG30: 9.0023076
A31: 23A | E31: 0 | S31: 0 | AA31: 0 | AR31: 0 | AW31: 0 | BB31: 0 | BR31: 0 | BV31: 0 | CK31: 0 | DD31: 0 | DQ31: 0 | EL31: 0 | EN31: 0 | EU31: 0 | FB31: 0 | FF31: 0 | FH31: 0 | FM31: 0 | FP31: 0 | FV31: 0 | GB31: 0 | GD31: 0 | GG31: 0 | GW31: 0 | HB31: 0 | HD31: 0 | HP31: 0 | HS31: 0 | HU31: 0 | HX31: 0 | IH31: 0 | IK31: 0 | IR31: 0 | JD31: 0 | JL31: 0 | JM31: 0 | JO31: 0 | JQ31: 0 | JY31: 0 | JZ31: 0 | KH31: 0 | KK31: 0 | KM31: 0 | KR31: 0 | LK31: 0 | MH31: 0 | MM31: 0 | MP31: 0 | NE31: 0 | NJ31: 0 | OS31: 0 | OV31: 0 | PF31: 0 | PO31: 0 | PZ31: 0 | QO31: 0 | RN31: 0 | RP31: 0 | RT31: 0 | SC31: 0 | SF31: 0 | SO31: 0 | TI31: 0 | TO31: 0 | TP31: 0 | TS31: 0 | TZ31: 0 | UD31: 0 | UN31: 0 | UP31: 0 | UT31: 0 | UZ31: 0 | VB31: 0 | VF31: 0 | VN31: 0 | VU31: 0 | WH31: 0 | WX31: 0 | XB31: 0 | XG31: 0 | XU31: 0 | YP31: 0 | ZV31: 0 | ZY31: 0 | AAF31: 0 | ABQ31: 0 | ABV31: 0 | ADR31: 0 | ALE31: 0 | ALJ31: 0 | APW31: 0 | AQE31: 0 | AQN31: 0 | ARI31: 0 | ATG31: 0
A32: 23B | E32: 0.0034164771 | S32: 0.063775361 | BR32: 0.041318069 | BW32: 0.047935928 | CK32: 0.12990683 | EI32: 0.12872705 | EV32: 0.29738465 | FH32: 0.31075562 | FM32: 0.10487489 | FV32: 0.11866784 | GB32: 0.082546528 | GC32: 1.3676099 | IG32: 0.105523 | JM32: 0.39432545 | JQ32: 0.69144542 | JY32: 0.056397733 | KA32: 0.12375319 | LK32: 0.061511037 | NB32: 0.068581704 | NJ32: 0.45968636 | NN32: 0.090964863 | RK32: 0.080416433 | RP32: 0.062591806 | RU32: 0.080381255 | RY32: 1.6339869 | SD32: 0.11319023 | SG32: 0.14645797 | SO32: 0.16213854 | TP32: 0.062232959 | UN32: 0.042947207 | UT32: 0.19670432 | UZ32: 0.2774741 | VB32: 0.43257469 | WR32: 0.057183937 | XH32: 0.066242096 | XP32: 0.060501077 | YP32: 0.13305707 | ZH32: 0.32714946 | ZQ32: 0.27839814 | ZU32: 0.083158358 | AAY32: 0.14031479 | ABR32: 0.17850249 | ACB32: 0.047604953 | ACF32: 0.12157581 | ADO32: 0.27801655 | AFI32: 0.038335804 | AIS32: 0.094333354 | AJB32: 0.044158839 | AJO32: 0.12557292 | ALN32: 0.10927247 | AMN32: 0.029319022 | ANB32: 0.024371472 | AND32: 0.065558473 | ANL32: 0.028429006 | ANO32: 0.11750391 | ANZ32: 0.028820486 | AOU32: 0.022356559 | APD32: 0.042507124 | APF32: 0.049623027 | APW32: 0.11310354 | APZ32: 0.16863297 | AQM32: 0.90604612 | AQZ32: 0.025936246 | ASH32: 0.049601312 | ASJ32: 0.10141691 | ATG32: 11.996809
A33: 24A | D33: 0.005721578 | AA33: 0.1272962 | AM33: 0.1304443 | BR33: 0.024893018 | CD33: 0.056794801 | EV33: 0.091306123 | FH33: 0.18889081 | FM33: 0.090784737 | GI33: 0.03862619 | GU33: 0.0028921841 | HI33: 0.21967885 | JK33: 0.056267435 | JM33: 0.15404123 | JQ33: 0.4030488 | JZ33: 4.3535124 | NG33: 0.049411186 | NJ33: 0.17966775 | NN33: 0.057265715 | OB33: 0.10110099 | RY33: 0.95238095 | TP33: 0.019831517 | UU33: 0.062032509 | VB33: 0.53425021 | YP33: 0.048800278 | ZI33: 0.039024348 | ABQ33: 0.12210774 | ACC33: 0.034814591 | ACF33: 0.044608487 | ADQ33: 0.12192225 | AIS33: 0.093701276 | AJP33: 0.034991282 | ALE33: 7.6223794 | ALJ33: 0.075080611 | ALK33: 0.015523908 | ALN33: 0.04358667 | AND33: 0.069237924 | ANH33: 0.12866685 | ANT33: 0.30691772 | APF33: 0.10483038 | APW33: 0.11042392 | AQM33: 0.54452363 | ARJ33: 0.23449081 | ASJ33: 0.10329499 | ATG33: 17.799067
A34: 24B | E34: 0.050082073 | G34: 0.023721283 | I34: 0.026493715 | S34: 0.022182497 | Z34: 0.085754355 | AE34: 0.060757583 | AJ34: 0.1086386 | AQ34: 0.044631859 | AW34: 0.40221574 | AY34: 0.29902225 | BC34: 0.17434729 | BJ34: 0.080569992 | BL34: 0.098769039 | BQ34: 0.10975924 | CG34: 0.03803284 | CJ34: 0.11311002 | CM34: 0.015861132 | CN34: 0.01948632 | CQ34: 0.028208827 | CT34: 0.017414362 | CY34: 0.039943126 | DA34: 0.053866188 | DD34: 0.085479394 | DE34: 0.17920836 | DM34: 0.059174663 | DQ34: 0.066154117 | DT34: 0.071322322 | DZ34: 0.060965855 | EE34: 0.073124215 | EL34: 0.19410674 | EN34: 0.55344864 | ET34: 0.61745981 | EV34: 0.37501583 | FC34: 0.33773381 | FE34: 0.16237246 | FF34: 0.46702083 | FH34: 0.94429326 | FM34: 0.85071937 | FO34: 0.31141866 | FV34: 0.38994526 | FY34: 0.12999427 | GB34: 1.375238 | GC34: 1.2573002 | GM34: 0.3145074 | GW34: 0.43476007 | HB34: 0.28581179 | HE34: 1.0181844 | HO34: 0.33830751 | HP34: 0.58444362 | HS34: 0.4408611 | HV34: 0.39432952 | HW34: 0.64021384 | IH34: 2.43514 | IM34: 1.3119988 | IR34: 1.7399796 | IW34: 1.7818462 | JC34: 0.91677934 | JL34: 1.3378539 | JM34: 1.277989 | JO34: 0.69393297 | JQ34: 3.2601683 | JT34: 0.63681283 | JX34: 1.7493745 | KD34: 0.68953102 | KH34: 1.1393572 | KK34: 0.45436075 | KM34: 0.40660697 | KR34: 0.77974826 | KV34: 0.22577394 | LC34: 0.20207906 | LE34: 0.24047754 | LG34: 0.20666177 | LK34: 0.7102986 | LO34: 0.084073428 | LQ34: 0.076294392 | LS34: 0.23672724 | MB34: 0.28200694 | MH34: 0.27493565 | MJ34: 0.24547145 | MO34: 0.19856128 | MQ34: 0.26057143 | MV34: 0.31380078 | NE34: 0.61383032 | NJ34: 1.6853862 | NM34: 0.20411772 | NW34: 0.13945268 | OB34: 0.092414294 | OH34: 0.064117847 | OS34: 0.080138412 | OU34: 0.21065411 | OZ34: 0.051706242 | PF34: 0.1704914 | PP34: 1.1534969 | PR34: 0.053542494 | PW34: 0.36926186 | QF34: 0.056099153 | QH34: 0.43667753 | QN34: 0.11945545 | QO34: 0.32754477 | QQ34: 0.10909991 | QU34: 0.18065005 | RA34: 0.20528347 | RD34: 0.19901087 | RG34: 0.13032362 | RN34: 0.36244317 | RP34: 0.3807828 | RQ34: 0.14572332 | RS34: 0.57054504 | RY34: 1.0893246 | RZ34: 0.49651951 | SC34: 5.1651771 | SG34: 8.8833849 | SI34: 1.312887 | SP34: 8.6439483 | SU34: 0.55368989 | SZ34: 0.3357643 | TD34: 0.46492825 | TI34: 0.71999039 | TO34: 0.58329629 | TP34: 1.5828195 | TT34: 0.32984773 | TY34: 1.3218821 | UA34: 0.12693219 | UD34: 0.34031004 | UF34: 0.11868573 | UI34: 0.43045081 | UL34: 0.45705147 | UN34: 1.7736115 | UP34: 2.4967276 | US34: 1.0817399 | UY34: 0.77513748 | VG34: 1.8522001 | VJ34: 0.19073238 | VN34: 0.76723846 | VV34: 0.79852622 | WC34: 0.76363476 | WH34: 1.079517 | WK34: 0.46084746 | WN34: 0.31340275 | WQ34: 0.18026593 | WT34: 0.47442329 | WW34: 0.86881362 | XA34: 0.99304146 | XG34: 0.62475942 | XL34: 0.15391383 | XR34: 0.37481795 | XU34: 0.24379898 | XY34: 0.26280768 | YG34: 0.37601236 | YN34: 0.20991606 | YP34: 0.35511196 | YV34: 0.39255777 | YZ34: 0.10108373 | ZF34: 0.18643672 | ZK34: 0.086483505 | ZO34: 0.085913142 | ZP34: 0.11148606 | ZZ34: 0.42508399 | AAC34: 0.089400123 | AAE34: 0.58303638 | AAH34: 0.095827119 | AAK34: 0.69665747 | AAM34: 0.14887745 | AAO34: 0.096201066 | AAQ34: 0.084015026 | AAT34: 0.22121773 | AAX34: 0.014410683 | ABC34: 0.098048544 | ABF34: 0.076922371 | ABJ34: 0.065096586 | ABM34: 0.05982525 | ABV34: 0.57377782 | ACB34: 0.4246487 | ACF34: 0.3120714 | ACN34: 0.4153659 | ACT34: 0.13410481 | ACU34: 0.092437252 | ACX34: 0.31441174 | ACY34: 0.35910368 | ADF34: 0.3806771 | ADG34: 0.29275157 | ADU34: 0.93663737 | ADW34: 0.57861649 | AEC34: 0.9912635 | AEF34: 0.41510586 | AEH34: 0.61906607 | AEL34: 0.79200056 | AEP34: 0.54155548 | AEV34: 0.55453904 | AEW34: 0.60579788 | AEZ34: 0.83512014 | AFB34: 0.69151226 | AFG34: 0.3450976 | AFJ34: 1.1403593 | AFL34: 1.1195871 | AFS34: 0.64521701 | AFT34: 0.5261565 | AFX34: 0.43318577 | AGA34: 0.23256678 | AGD34: 0.62578785 | AGG34: 0.82481592 | AGL34: 0.88569793 | AGO34: 0.64655393 | AGR34: 0.42063717 | AGV34: 0.25728963 | AGX34: 0.32193162 | AGZ34: 0.45147478 | AHC34: 0.42942325 | AHF34: 0.30410845 | AHG34: 0.57353952 | AHK34: 0.36257358 | AHL34: 0.35767806 | AHP34: 0.29252101 | AHR34: 0.37598968 | AHV34: 0.34776356 | AHZ34: 0.2779344 | AIC34: 0.11538784 | AID34: 0.21571525 | AII34: 0.23195552 | AIJ34: 0.061778219 | AIK34: 0.23152452 | AIO34: 0.66551706 | AIY34: 0.13183484 | AJA34: 0.10037205 | AJE34: 0.13409808 | AJG34: 0.56848517 | AJL34: 0.087681777 | AJO34: 0.075476712 | AJS34: 0.081669453 | AJY34: 0.059243014 | AKC34: 0.14725335 | AKF34: 0.040822513 | AKI34: 0.0275663 | AKL34: 0.016546533 | AKR34: 0.045974947 | ALA34: 0.01644377 | ALE34: 0.039004638 | ALG34: 0.027215137 | ALK34: 0.020265549 | ALN34: 0.069948058 | AMA34: 0.010778081 | AMN34: 0.033656296 | ANB34: 0.01609091 | AND34: 0.037482865 | ANG34: 0.079897059 | ANL34: 0.0076900514 | ANO34: 0.026726851 | ANU34: 0.018179532 | ANZ34: 0.01015993 | AON34: 0.007277758 | APC34: 0.0090694391 | APF34: 0.016720008 | APK34: 0.019603438 | APO34: 0.013975116 | APW34: 0.043736421 | AQA34: 0.068660452 | AQM34: 0.067478162 | AQR34: 0.054011178 | ARU34: 0.034043182 | ASK34: 0.12945306 | ASS34: 0.029884281 | ATG34: 128.35852
A35: 25A | D35: 0.030019434 | W35: 1.3396033 | AL35: 0.16747752 | BQ35: 0.027249047 | DF35: 0.20868072 | DL35: 0.049840599 | DX35: 0.047766689 | EF35: 0.23747365 | EV35: 0.14455476 | FH35: 0.13901716 | GD35: 0.03970352 | GI35: 0.049976079 | GP35: 0.092197583 | GU35: 0.05140108 | HZ35: 0.033141799 | JM35: 0.34614458 | JQ35: 0.43441774 | JZ35: 3.3782968 | ML35: 0.064162514 | MO35: 0.053923147 | MT35: 1.2459271 | NJ35: 0.21338437 | NM35: 0.058154863 | OU35: 0.79511857 | RT35: 0.030735838 | RY35: 0.80906149 | SR35: 0.066699805 | SW35: 0.049467647 | TB35: 0.4699784 | UT35: 0.11405228 | UZ35: 0.34683005 | VX35: 0.041205719 | WR35: 0.050199831 | XO35: 0.037654798 | YK35: 0.090271436 | YP35: 0.071239397 | YW35: 0.16272678 | ZH35: 0.045915844 | ZR35: 0.049144384 | ABK35: 0.24290198 | ABQ35: 0.037615954 | ACF35: 0.056778344 | ADO35: 0.17228493 | AFH35: 0.039869121 | AFU35: 0.038581886 | AGC35: 0.05393677 | AHB35: 0.0051166612 | AHQ35: 0.042927389 | AIQ35: 0.13312111 | AJB35: 0.046381806 | AJN35: 0.12528545 | AKX35: 0.025924929 | ALD35: 3.6786455 | ALG35: 0.13521066 | ALJ35: 0.06599539 | ALM35: 0.077154037 | ALV35: 0.066490755 | ALZ35: 0.028881432 | AMC35: 0.043618802 | AMN35: 0.039391888 | ANA35: 0.040362656 | ANC35: 0.029980623 | ANL35: 0.029916101 | ANN35: 0.081376671 | ANV35: 0.024633937 | ANY35: 0.15757582 | AOJ35: 0.041140968 | AOU35: 0.10107392 | APC35: 0.13336122 | APE35: 0.11259239 | APM35: 0.091765826 | APR35: 0.13588574 | APZ35: 0.36640508 | AQM35: 1.3389891 | AQZ35: 0.039966867 | ARH35: 0.14370526 | ARR35: 0.03078886 | ASI35: 0.043151533 | ATA35: 0.041104869 | ATG35: 19.822709
A36: 25B | E36: 0.081103176 | AL36: 0.19001871 | EI36: 0.080560746 | FH36: 0.45208077 | FM36: 0.14664264 | FT36: 0.060116807 | FV36: 0.12930446 | JM36: 0.17812602 | JQ36: 0.50264677 | LK36: 0.069551122 | NJ36: 0.32765317 | NM36: 0.085258312 | OA36: 0.093499913 | QS36: 0.23813213 | QW36: 0.1410182 | RY36: 1.2886598 | TP36: 0.05274535 | US36: 0.069600332 | UZ36: 0.56678929 | ABQ36: 0.051440629 | ACC36: -0.028635011 | ACV36: 0.073431051 | ADP36: 0.18776317 | AGX36: 0.10229232 | AIR36: 0.088952748 | AJF36: 0.076833064 | AJN36: 0.12549037 | ALD36: 2.8202328 | ALG36: 0.082457108 | ALN36: 0.10264735 | AMN36: 0.063929123 | ANA36: 0.05849176 | ANC36: 0.07050115 | ANL36: 0.036966654 | ANO36: 0.076736359 | ANY36: 0.056475605 | AOY36: 0.038075988 | APC36: 0.053176036 | APE36: 0.08592126 | APV36: 0.25576432 | APZ36: 0.27308567 | AQM36: 1.2725723 | ARB36: 0.25393385 | ARE36: 0.86221341 | ARN36: 0.14336668 | ARO36: 0.35015403 | ARQ36: 0.41699485 | ASE36: 0.12891243 | ASJ36: 0.1239328 | ASW36: 0.59727614 | ASZ36: 2.6897569 | ATG36: 16.344651
A37: 26A | Y37: 0.7956108 | BQ37: 0.071884588 | DO37: 0.063234922 | DS37: 0.04914937 | EH37: 0.28258472 | EV37: 0.26046482 | FH37: 0.34408954 | FM37: 0.87366145 | FQ37: 0.093759069 | FV37: 0.17664152 | GD37: 0.11089571 | GI37: 0.10431516 | GT37: 0.40107445 | HF37: 0.20996538 | JM37: 2.1127066 | JQ37: 0.97246359 | JZ37: 5.2125467 | KS37: 1.4187839 | KZ37: 0.10997675 | LZ37: 0.19954395 | ML37: 0.26950965 | MO37: 0.27139535 | MW37: 0.32243932 | NJ37: 0.40869078 | NM37: 0.098549962 | OQ37: 0.16958793 | OV37: 0.31330154 | QI37: 0.067310558 | RT37: 0.051731315 | RY37: 1.2787724 | SK37: 0.038704398 | SN37: 0.057844848 | SX37: 0.085013464 | TC37: 0.55252085 | TP37: 0.11358622 | TV37: 0.29373776 | UU37: 2.6730771 | VB37: 0.89324345 | VJ37: 0.1576824 | VS37: 0.064641943 | WE37: 0.18475779 | WJ37: 0.10827499 | WK37: 0.18383175 | WS37: 0.57728011 | WZ37: 0.2632867 | XI37: 0.49310549 | XP37: 0.12717061 | XW37: 0.37552322 | YC37: 0.12452219 | YI37: 0.24894449 | YQ37: 0.35829953 | YX37: 0.50606683 | ZI37: 0.39238265 | ZM37: 0.3490941 | ZR37: 0.83108815 | ZX37: 0.19586432 | AAR37: 0.064465726 | AAU37: 1.6439404 | ABA37: 5.8382124 | ABE37: 0.098741574 | ABJ37: 0.35421297 | ABO37: 0.15331053 | ABS37: 0.14038541 | ABY37: 0.20021878 | ACD37: 0.075820976 | ACF37: 0.077187618 | ACK37: 0.25348182 | ADA37: 0.28608658 | ADD37: 0.2322079 | ADQ37: 0.50802147 | AEP37: 0.78528095 | AFI37: 0.061531666 | AGX37: 0.062584016 | AHR37: 0.034505282 | AIR37: 0.4153922 | AJB37: 0.066323251 | AJG37: 0.078056719 | AJN37: 0.27032148 | AKD37: 0.093266002 | AKP37: 0.52854119 | AKX37: 0.055306585 | ALG37: 0.2294833 | ALK37: 0.019056657 | ALN37: 0.10044222 | ALV37: 0.087465536 | AMA37: 0.064303252 | AMC37: 0.12401932 | AMF37: 0.094536172 | AML37: 0.88929806 | AMO37: 0.20455852 | AMS37: 0.19826334 | AMU37: 0.24338358 | AMZ37: 0.38027858 | ANA37: 0.40221049 | AND37: 0.29010149 | ANF37: 0.804046 | ANK37: 1.9855859 | ANL37: 0.53750595 | ANN37: 0.49812241 | ANV37: 0.68297705 | ANY37: 1.0855319 | AOH37: 0.83855746 | AOJ37: 1.2819834 | AOX37: 3.0334702 | APA37: 6.6449925 | APO37: 22.572634 | APX37: 9.4414791 | AQE37: 17.847907 | AQM37: 8.8217357 | AQQ37: 7.1640344 | AQU37: 14.507245 | ART37: 718.40997 | ARW37: 572.18395 | ARY37: 472.32047 | ASA37: 136.24704 | ASV37: 0.56234735 | ASX37: 0.34777843 | ASZ37: 0.97515596 | ATE37: 0.050795627 | ATG37: 2041.9143
A38: 26B | E38: 0.019902415 | Z38: 0.21630169 | EV38: 0.28073119 | FH38: 0.49131658 | FL38: 0.13006189 | FM38: 0.23403572 | FV38: 0.41415052 | GC38: 0.1055421 | GH38: 0.13294437 | JM38: 0.40246059 | JQ38: 0.41190881 | JZ38: 2.4909232 | LK38: 0.08014873 | ML38: 0.061924917 | MO38: 0.10128902 | MV38: 0.3774915 | NJ38: 0.23044274 | NM38: 0.088083229 | OU38: 0.12515981 | PH38: 0.076735233 | RP38: 0.12275067 | RT38: 0.054212985 | RY38: 1.2722646 | SJ38: 0.056694633 | SM38: 0.068934807 | SQ38: 0.058858272 | SW38: 0.054969178 | TB38: 0.7615023 | TP38: 0.10063018 | TU38: 0.13616837 | UN38: 0.058764797 | UT38: 1.6546011 | VB38: 2.9418197 | VJ38: 0.087307634 | VR38: 0.072358149 | WE38: 0.14538689 | WI38: 0.062294471 | WK38: 0.28675919 | WR38: 0.30102806 | WY38: 0.17864851 | XH38: 0.32223449 | XO38: 0.068359771 | XS38: 0.068272204 | XV38: 0.25962004 | YA38: 0.060183883 | YH38: 0.13609261 | YQ38: 0.36018749 | YW38: 0.12787781 | ZH38: 0.19515851 | ZL38: 0.31760397 | ZQ38: 0.45879969 | ZW38: 0.14030238 | AAP38: 0.074978619 | AAT38: 0.63573815 | AAY38: 2.6544273 | ABI38: 0.3440134 | ABN38: 0.4937827 | ABQ38: 0.33492356 | ABW38: 0.10500211 | ACB38: 0.15843011 | ACE38: 0.10407605 | ACI38: 0.087562922 | ACP38: 0.061995399 | ACZ38: 0.15870816 | ADC38: 0.069806772 | ADP38: 0.36795126 | AEO38: 0.28158219 | AFH38: 0.073058049 | AHR38: 0.075962939 | AIQ38: 0.16970311 | AJB38: 0.065574417 | AJO38: 0.16465375 | AKB38: 0.074397039 | AKX38: 0.038540376 | ALG38: 0.22368733 | ALM38: 0.11379849 | AMC38: 0.043230199 | AMN38: 0.042529025 | AMP38: 0.048646274 | AMU38: 0.033098008 | AMY38: 0.029938699 | AMZ38: 0.027758845 | ANA38: 0.077502488 | ANC38: 0.06977822 | ANJ38: 0.022806146 | ANL38: 0.068632897 | ANN38: 0.14466806 | ANV38: 0.021213605 | AOI38: 0.81087708 | AOY38: 18.904032 | APE38: 1.9990776 | APH38: 9.8474283 | APR38: 0.50281648 | AQB38: 2.8515631 | AQJ38: 7.5489213 | AQM38: 3.7798722 | AQP38: 8.3742319 | AQT38: 5.4588637 | ARB38: 3.5833094 | ARE38: 11.060034 | ARR38: 0.35567767 | ASI38: 0.20828426 | ATB38: 0.088102746 | ATG38: 100.39745
A39: 27A | E39: 0.027898135 | X39: 1.8231018 | AM39: 0.050397747 | AX39: 0.5577985 | BF39: 0.052214176 | BP39: 0.054835329 | CF39: 0.034567484 | DG39: 0.079520444 | DS39: 0.048088612 | DX39: 0.066438918 | EH39: 0.040652144 | EN39: 0.24681056 | ER39: 0.24150155 | EV39: 0.30610729 | FF39: 0.037781231 | FH39: 0.28758779 | FM39: 0.98013306 | FV39: 0.064024537 | GA39: 0.054872621 | GC39: 0.10418254 | GH39: 0.081117202 | GT39: 0.24414195 | HF39: 0.070054793 | HM39: 0.068422772 | ID39: 0.18117814 | IM39: 0.1515858 | IW39: 0.071469172 | JE39: 0.099342835 | JJ39: 0.074173023 | JM39: 0.22620849 | JQ39: 0.45641241 | JZ39: 4.1369308 | KE39: 0.17787157 | KY39: 0.031208962 | LD39: 0.029619538 | LL39: 0.055892153 | LT39: 0.10703645 | MB39: 0.29075473 | MK39: 0.14236323 | MO39: 0.16275754 | MT39: 1.1245804 | NC39: 0.055837359 | NG39: 0.12586524 | NJ39: 0.29290112 | NM39: 0.15590152 | NQ39: 0.073859887 | OB39: 0.044243626 | OP39: 0.053555946 | OU39: 0.4353252 | PV39: 0.023694372 | QH39: 0.23745086 | QL39: 0.0806007 | QP39: 0.090368564 | QX39: 0.042922478 | RF39: 0.18059001 | RO39: 0.081927595 | RS39: 0.061463042 | RW39: 0.044233067 | RY39: 0.73313783 | SE39: 0.047477423 | SK39: 0.043256445 | SN39: 0.046129438 | TC39: 0.06037462 | TI39: 0.058865633 | TM39: 0.056620238 | TQ39: 0.1459338 | TU39: 0.16152712 | TX39: 0.24857516 | UH39: 0.18737928 | UK39: 0.11425223 | UN39: 0.13504924 | UT39: 0.49047892 | VB39: 1.7385107 | VI39: 0.041614151 | VL39: 0.10925631 | VX39: 0.10162456 | WF39: 0.074646121 | WK39: 0.17785519 | WR39: 0.41054199 | WZ39: 0.047900538 | XC39: 0.099352379 | XH39: 0.16180255 | XP39: 1.6190677 | XV39: 0.093595003 | XZ39: 0.06318663 | YD39: 0.09679104 | YJ39: 0.15466148 | YQ39: 0.38193655 | YZ39: 0.08860589 | ZH39: 1.0817797 | ZL39: 0.046511749 | ZQ39: 1.1157648 | ZW39: 0.016507195 | AAQ39: 0.084564689 | AAT39: 0.17220816 | AAY39: 0.44762286 | ABD39: 0.13228698 | ABH39: 0.2775206 | ABN39: 0.23275803 | ABQ39: 0.32516662 | ABX39: 0.16842857 | ACE39: 0.26849271 | ACJ39: 0.070993968 | ACP39: 0.05482295 | ACS39: 0.052911028 | ADB39: 0.046262796 | ADL39: 0.059189691 | ADM39: 0.19283301 | AEA39: 0.056076872 | AEJ39: 0.040455332 | AEO39: 0.094655728 | AET39: 0.025650608 | AFA39: 0.084666658 | AFH39: 0.092493006 | AGG39: 0.042763972 | AGP39: 0.054717288 | AHA39: 0.071181001 | AHD39: 0.065184709 | AHR39: 0.071328714 | AIA39: 0.043273973 | AIQ39: 0.16671682 | AJB39: 0.039395594 | AJF39: 0.03049583 | AJN39: 0.14408075 | AKB39: 0.044274208 | AKD39: 0.091213754 | AKX39: 0.03538131 | ALA39: 0.022729192 | ALG39: 0.086287341 | ALN39: 0.06361661 | ALW39: 0.017301387 | AMD39: 0.015118276 | AMN39: 0.042800121 | ANA39: 0.029295376 | ANC39: 0.034959938 | ANL39: 0.015204511 | ANO39: 0.057351782 | ANU39: 0.023522213 | ANY39: 0.051090984 | AOZ39: 0.017160253 | APC39: 0.031446447 | APE39: 0.037859925 | APJ39: 0.023579296 | APR39: 0.031419973 | APV39: 0.016694411 | APZ39: 0.027382413 | AQM39: 0.47871997 | ARA39: 0.65548845 | ARE39: 2.3916892 | ARR39: 0.065314322 | ASF39: 0.055307906 | ASI39: 0.13379173 | ASS39: 0.036294998 | ASX39: 0.02536691 | ATA39: 0.074621494 | ATG39: 33.914431
A40: 27B | D40: 0.047413698 | Y40: 0.50535976 | BT40: 0.031940337 | FH40: 0.50296653 | FM40: 0.60918745 | FV40: 0.40469319 | GJ40: 0.074604698 | JM40: 0.50101956 | JQ40: 0.44901168 | KA40: 2.0285795 | LK40: 0.035734149 | ML40: 0.13325696 | MU40: 0.85372227 | NG40: 0.18725036 | NJ40: 0.23604612 | NN40: 0.059348887 | OQ40: 0.073972047 | OV40: 0.19400875 | PI40: 0.03349852 | PM40: 0.050340724 | RO40: 0.075867946 | RR40: 0.039555165 | RU40: 0.042299558 | RY40: 0.89445438 | TP40: 0.042909229 | UN40: 0.042050814 | US40: 0.16451787 | VC40: 0.60878727 | WL40: 0.064669028 | XD40: 0.2065123 | XV40: 0.064521502 | YF40: 0.044929208 | YP40: 0.1035638 | ZB40: 0.060794458 | ABK40: 0.062137843 | ABQ40: 0.15900463 | ACC40: 0.098111862 | ACF40: 0.057597956 | ADP40: 0.078026073 | AEJ40: 0.085583355 | AFI40: 0.043790739 | AHR40: 0.071299344 | AIQ40: 0.41523322 | AJB40: 0.038459787 | AJN40: 0.14629097 | AJU40: 0.097310179 | AKB40: 0.10201123 | AKJ40: 0.31413896 | AKM40: 0.96245783 | AKO40: 0.19878746 | AKT40: 0.098783923 | AKU40: 0.075515117 | AKW40: 0.051468924 | ALF40: 0.2163874 | ALM40: 0.060619691 | ALQ40: 0.041741735 | ALT40: 0.11305456 | ALX40: 0.20931405 | AMB40: 0.065782696 | AMG40: 0.11064614 | AMK40: 0.033906453 | AMP40: 0.018236663 | AMQ40: 0.027964163 | AMT40: 0.4899613 | AMZ40: 0.36982536 | ANA40: 0.11557746 | AND40: 0.16405476 | ANI40: 0.064696231 | ANL40: 0.031699809 | ANN40: 0.1260022 | ANW40: 0.18269842 | ANY40: 0.12848479 | AOF40: 0.099353564 | AOG40: 0.11151064 | AOO40: 0.2053946 | AOV40: 0.11840377 | AOY40: 0.54100358 | APB40: 0.18149094 | APE40: 0.19291806 | API40: 0.24658766 | APR40: 0.4681006 | APZ40: 0.11294428 | AQC40: 0.46623361 | AQI40: 0.12052749 | AQL40: 2.0277472 | AQS40: 0.41249526 | AQV40: 0.66282764 | ARA40: 0.48183756 | ARD40: 2.1009043 | ARN40: 8.4604921 | ARO40: 27.475215 | ARX40: 0.28819024 | ARZ40: 0.96260194 | ASB40: 0.25119474 | ASC40: 0.63187266 | ASD40: 0.44424731 | ASL40: 1.7952869 | ASU40: 0.028991571 | ATC40: 202.46536 | ATG40: 266.54778
A41: 28A | E41: 0.071705559 | G41: 0.049265929 | H41: 0.050684728 | S41: 0.061015639 | AB41: 0.51237962 | AD41: 0.19930202 | AH41: 0.1528117 | AL41: 0.53342615 | AP41: 0.13615216 | AW41: 0.2353245 | AY41: 0.95613802 | BF41: 0.3751701 | BM41: 0.28641844 | BQ41: 0.20974178 | CB41: 0.091791742 | CC41: 0.026959426 | CF41: 0.12660823 | CI41: 0.10446734 | CK41: 0.76837885 | CM41: 0.060902309 | CN41: 0.027483626 | CQ41: 0.0768168 | CU41: 0.039821796 | DA41: 0.045365261 | DD41: 0.12647244 | DE41: 0.25268102 | DN41: 0.098973786 | DP41: 0.13379913 | DS41: 0.24766335 | DV41: 0.16099784 | DZ41: 0.34531128 | EC41: 0.20267332 | EL41: 1.1233759 | EN41: 0.62139349 | ES41: 1.0858764 | EV41: 2.8457821 | FD41: 0.65054033 | FG41: 1.7443248 | FH41: 2.0194321 | FJ41: 0.75126229 | FM41: 3.0424779 | FO41: 1.0256794 | FS41: 0.75460397 | FV41: 1.6720939 | FZ41: 0.55185912 | GB41: 1.6002128 | GD41: 14.396077 | GN41: 0.92009302 | GV41: 1.1335526 | GW41: 1.0702 | HB41: 1.8634175 | HE41: 1.8508699 | HF41: 2.1134749 | HH41: 1.5530737 | HQ41: 4.1979404 | HT41: 2.1582692 | HW41: 4.8144002 | IE41: 2.7646849 | IJ41: 1.9574084 | IL41: 3.8320325 | IS41: 4.6911539 | IX41: 5.7350006 | JD41: 2.7475095 | JL41: 4.251602 | JM41: 3.6143948 | JP41: 2.2245395 | JQ41: 3.7864827 | JR41: 3.0026897 | JT41: 1.6402902 | JW41: 2.8658132 | JZ41: 2.0290405 | KD41: 1.8251471 | KH41: 2.5875649 | KK41: 1.0944269 | KM41: 1.0512181 | KR41: 1.9201602 | KW41: 0.53492213 | LC41: 0.43679507 | LE41: 0.88335089 | LJ41: 0.37841649 | LK41: 1.1162483 | LP41: 0.21016651 | LT41: 0.36023933 | LX41: 0.30979934 | MG41: 0.36954475 | MO41: 0.60126048 | MV41: 0.54785651 | NG41: 0.43973522 | NJ41: 0.88147537 | NM41: 0.34440714 | NV41: 0.15147984 | OI41: 0.076194199 | ON41: 0.055668684 | OU41: 0.37376532 | PA41: 0.069395957 | PF41: 0.14241163 | PN41: 0.10183365 | PT41: 0.076103684 | PY41: 0.1566753 | QI41: 0.37297438 | QN41: 0.040155295 | QO41: 0.24476341 | QR41: 0.076651511 | QT41: 0.041714491 | QY41: 0.15111921 | RE41: 0.36751371 | RN41: 0.17193772 | RO41: 0.45236769 | RS41: 0.35618288 | RY41: 0.92936803 | SA41: 0.35331364 | SC41: 1.1571797 | SF41: 1.512309 | SH41: 1.0216726 | SO41: 2.0640529 | SV41: 0.1718081 | SY41: 0.11104035 | TB41: 0.63741359 | TI41: 0.34763153 | TP41: 3.3064409 | TX41: 0.87956313 | UC41: 1.0700884 | UG41: 0.081432336 | UH41: 0.21282736 | UK41: 0.2303372 | UN41: 1.4133088 | UP41: 4.3110741 | UT41: 0.61533056 | VB41: 1.2396979 | VE41: 0.43998528 | VM41: 0.30527036 | VW41: 0.35580791 | WB41: 0.17732564 | WG41: 0.62626412 | WK41: 0.20089785 | WM41: 0.21950643 | WQ41: 0.062160006 | WV41: 0.29774985 | WW41: 0.23561847 | XA41: 0.38861373 | XG41: 0.28911775 | XP41: 1.2623059 | XU41: 0.080559838 | XZ41: 0.12975693 | YE41: 0.18526584 | YL41: 0.13683107 | YP41: 0.39657438 | YT41: 0.18595481 | YZ41: 0.14289127 | ZE41: 0.16378491 | ZQ41: 0.072350651 | ZX41: 0.19607773 | AAE41: 0.29137192 | AAK41: 0.20847821 | AAN41: 0.075492312 | AAQ41: 0.12201573 | AAS41: 0.11380629 | AAX41: 0.026066579 | ABD41: 0.090801175 | ABF41: 0.11179981 | ABI41: 0.078860991 | ABO41: 0.19783849 | ABQ41: 0.16533447 | ABV41: 0.27679682 | ACA41: 0.27758506 | ACB41: 0.1249528 | ACE41: 0.31686036 | ACO41: 0.18255852 | ACS41: 0.12953524 | ACX41: 0.097501665 | ACY41: 0.079756597 | ADH41: 0.17369668 | ADT41: 0.2582439 | ADW41: 0.135817 | AEC41: 0.24707314 | AEF41: 0.1324874 | AEH41: 0.090629655 | AEK41: 0.098474479 | AEP41: 0.081799068 | AET41: 0.10697244 | AEW41: 0.070195012 | AEZ41: 0.13568203 | AFD41: 0.35331186 | AFI41: 0.27797438 | AFP41: 0.24022446 | AFR41: 0.15496951 | AFT41: 0.097785899 | AFW41: 0.034433883 | AFY41: 0.034631496 | AGE41: 0.59418758 | AGF41: 0.23260347 | AGI41: 0.085296979 | AGK41: 0.11126295 | AGN41: 0.13509749 | AGR41: 0.13296616 | AHB41: 0.11822223 | AHF41: 0.071235265 | AHG41: 0.12162914 | AHK41: 0.06839705 | AHL41: 0.050049535 | AHN41: 0.067785289 | AHQ41: 0.14650608 | AIB41: 0.062617058 | AIH41: 0.049661513 | AIL41: 0.058525658 | AIQ41: 0.66473339 | AIZ41: 0.075842817 | AJA41: 0.11789477 | AJG41: 0.13262617 | AJN41: 0.085389571 | AKC41: 0.074644934 | AKK41: 0.033407876 | ALH41: 0.040064358 | ALN41: 0.068112622 | AMN41: 0.037430085 | ANA41: 0.052334082 | ANC41: 0.053938065 | ANF41: 0.17772125 | ANL41: 0.010717603 | ANO41: 0.027676371 | ANU41: 0.058553244 | APC41: 0.039454349 | APE41: 0.042327388 | APJ41: 0.045869404 | APV41: 0.13643756 | APZ41: 0.06518717 | AQC41: 0.092622504 | AQM41: 0.96732757 | ARJ41: 0.21267745 | ARO41: 0.085845714 | ARR41: 0.08334856 | ARU41: 0.062006303 | ASJ41: 0.11174304 | ASM41: 0.12985637 | ASS41: 0.04549576 | ASW41: 0.10049715 | ASZ41: 0.29312075 | ATG41: 167.0806
A42: 28B | C42: 0.010415109 | I42: 0.12454477 | L42: 0.11063331 | AA42: 0.25102466 | EV42: 0.12483298 | FH42: 0.55338855 | FM42: 0.12518626 | GI42: 0.11199087 | HF42: 0.28874492 | JM42: 0.48897463 | JQ42: 0.74191182 | JX42: 0.070646711 | JZ42: 1.436356 | LK42: 0.04572971 | MX42: 0.37685604 | NG42: 0.14399895 | NJ42: 0.28485977 | NN42: 0.10073568 | OV42: 0.24219586 | RO42: 0.11272723 | RV42: 0.048234612 | RY42: 1.3586957 | UU42: 0.1127282 | VB42: 1.6917125 | WK42: 0.058649101 | WR42: 0.053495041 | XP42: 0.063304294 | YP42: 0.147201 | ZH42: 0.25977416 | ZR42: 0.18377364 | ABR42: 0.19816992 | ACC42: 0.085033347 | ACF42: 0.096476827 | ADR42: 0.1413852 | AER42: 0.080082963 | AIN42: 0.071943305 | AIS42: 0.12979008 | AKC42: 0.047297269 | AKV42: 0.061420589 | ALE42: 0.055489537 | ALN42: 0.088290174 | AMN42: 0.11395079 | ANB42: 0.052449693 | AND42: 0.062266594 | ANE42: 0.036306058 | ANF42: 0.25115796 | ANU42: 0.57540975 | ANY42: 0.072646865 | APF42: 0.043448778 | APK42: 0.13286812 | APV42: 0.4056806 | AQM42: 0.29529283 | AQR42: 0.28532354 | ARH42: 0.51918354 | ARV42: 0.15799362 | ASJ42: 0.21960749 | AST42: 0.093111995 | ATG42: 14.095399
A43: 29A | D43: 0.043758276 | X43: 0.79681927 | EG43: 0.058725622 | EV43: 0.15412662 | FH43: 0.56890556 | FM43: 0.86418886 | FV43: 0.14356003 | GH43: 0.073723497 | HF43: 0.23280912 | JM43: 1.3533376 | JQ43: 0.54536866 | JZ43: 3.4175598 | ML43: 0.095373336 | MO43: 0.14531913 | MW43: 0.29745048 | NG43: 0.072793328 | NJ43: 0.36607033 | OV43: 0.19468332 | RO43: 0.074153499 | RU43: 0.064477338 | RY43: 1.0752688 | US43: 0.096608796 | VB43: 3.1821291 | WK43: 0.13657076 | XH43: 0.07819349 | XP43: 0.13392451 | YP43: 0.15208492 | ZH43: 0.32155457 | ZR43: 0.33351516 | AAV43: 0.081069458 | ABK43: 0.28844723 | ABP43: 0.33154314 | ABQ43: 0.51938287 | ACC43: 0.15827349 | ACF43: 0.11836281 | ADP43: 0.29072542 | AFI43: 0.042891207 | AIR43: 0.17594439 | AJN43: 0.27512343 | ALD43: 1.9417946 | ALH43: 0.11754741 | ALN43: 0.086661352 | AMN43: 0.03830622 | ANA43: 0.056073625 | ANC43: 0.053468609 | ANL43: 0.020000387 | ANO43: 0.082310163 | ANU43: 0.051655968 | ANY43: 0.082371608 | AOY43: 0.12286477 | APC43: 0.063554621 | APE43: 0.10678027 | APK43: 0.097353915 | APS43: 0.16452123 | APV43: 0.12253828 | APZ43: 0.18719426 | AQM43: 1.2560934 | ARH43: 0.48083634 | ARR43: 0.12576309 | ARU43: 0.058617031 | ASS43: 0.080313078 | ATG43: 22.751437
A44: 29B | E44: 0.078301119 | AB44: 1.006084 | AG44: 0.31731003 | DH44: 0.11501922 | EG44: 0.35657938 | EV44: 0.17294245 | FH44: 0.92800622 | FM44: 0.22287593 | FV44: 0.21525892 | GH44: 0.12577428 | GT44: 0.23512765 | HF44: 1.1963116 | HY44: 0.17080499 | JM44: 1.4732148 | JQ44: 0.83732168 | JW44: 0.14231049 | JZ44: 1.1287894 | LK44: 0.058135633 | LW44: 0.11433372 | ML44: 0.050348659 | MT44: 2.2961946 | NG44: 0.25387843 | NJ44: 0.51292166 | NM44: 0.1081975 | OQ44: 0.14402653 | OU44: 1.381984 | RO44: 0.12581612 | RT44: 0.082263082 | RY44: 1.4044944 | UJ44: 0.1832719 | UN44: 0.12928181 | US44: 0.22206516 | VB44: 1.8544412 | WK44: -0.0063011374 | XD44: 0.094579361 | YP44: 0.2138498 | ZH44: 0.16995271 | ZR44: 0.15228686 | ABO44: 0.23872584 | ABQ44: 0.20929459 | ACC44: 0.13437202 | ACF44: 0.11035602 | ADQ44: 0.16845193 | AFI44: 0.062230764 | AIR44: 0.25255638 | ALH44: 0.058048293 | ALN44: 0.10012672 | ANA44: 0.063128602 | ANC44: 0.061237085 | ANL44: 0.0094852804 | ANO44: 0.10324677 | AOZ44: 0.036341578 | APC44: 0.066399288 | APE44: 0.078825821 | APV44: 0.52471616 | AQC44: 0.2840624 | AQM44: 0.88631501 | ARB44: 3.4652348 | ARG44: 15.422646 | ATG44: 40.603856
A45: 2A | D45: 0.42447131 | L45: 0.03398966 | N45: 0.075418181 | P45: 0.26129786 | U45: 0.1076369 | W45: 2.4989704 | AG45: 0.29885616 | AN45: 0.16492851 | AV45: 0.10124202 | BQ45: 0.072138177 | BU45: 0.38232437 | DC45: 0.032117201 | DI45: 0.18454667 | DZ45: 0.10897195 | EG45: 0.7497436 | EO45: 0.099988015 | EV45: 0.43854432 | FH45: 0.67961207 | FM45: 1.6636325 | FV45: 0.27507138 | GH45: 0.36812289 | GO45: 0.33278092 | GS45: 0.32169666 | HG45: 0.14524801 | IB45: 0.092865866 | IG45: 0.063394031 | IS45: 0.20017382 | JK45: 0.087092821 | JM45: 0.30976011 | JQ45: 0.98378933 | JZ45: 5.2624978 | LK45: 0.48600294 | ML45: 0.49259519 | MX45: 0.41936028 | NG45: 0.10201041 | NJ45: 0.50341345 | NN45: 0.10517454 | NY45: 0.78514254 | OQ45: 0.1512218 | OU45: 2.2618263 | QS45: 0.69394123 | QW45: 0.31636905 | RK45: 0.234065 | RO45: 0.13768624 | RR45: 0.10600185 | RU45: 0.14040601 | RY45: 2 | TP45: 0.11202674 | TR45: 0.049096846 | UK45: 0.088017489 | UN45: 0.091660236 | UU45: 0.10438111 | VC45: 1.2499309 | WK45: 0.030984371 | XK45: 0.11421466 | XU45: 0.059184804 | YP45: 0.20814871 | ZH45: 0.09377678 | ZR45: 0.045052222 | ABR45: 0.65697704 | ACC45: 0.087548842 | ACG45: 0.22160452 | ACV45: 0.14060671 | AFK45: 0.05694318 | AGY45: 0.17854316 | AHT45: 0.06900846 | AIB45: 0.025597628 | AIT45: 0.36649213 | AJC45: 0.093161492 | AJH45: 0.12055553 | AJO45: 0.080858071 | AKG45: 0.1350341 | ALB45: 0.052428565 | ALD45: 2.4883018 | ALJ45: 0.0382903 | ALO45: 0.10578514 | AND45: 0.07415242 | ANM45: 0.041085258 | ANR45: 0.07797361 | AOC45: 0.050213016 | AOP45: 0.027505533 | AOZ45: 0.031768167 | APF45: 0.088859551 | AQN45: 0.7246413 | AQZ45: 0.055310814 | ATG45: 34.091861
A46: 2B | E46: 0.52249032 | Q46: 0.17214054 | Y46: 0.41394979 | AH46: 0.009182502 | BR46: 0.044815892 | BU46: 0.21482959 | CA46: 0.15019987 | DK46: 0.040631036 | EI46: 0.096373232 | EQ46: 0.070147938 | EV46: 0.1662223 | FH46: 0.21176444 | FM46: 0.86035934 | GH46: 0.27149847 | GU46: 0.078180615 | GX46: 0.084809433 | HF46: 0.11255165 | IB46: 0.019612812 | IR46: 0.23406215 | JK46: 0.060238061 | JM46: 0.80064406 | JQ46: 0.53825157 | JZ46: 5.4041072 | LA46: 0.06117314 | LK46: 0.34759302 | ML46: 0.42827729 | MS46: 5.9628199 | NJ46: 0.35926347 | NO46: 0.12101613 | OB46: 0.56745482 | OQ46: 0.18188454 | OV46: 0.19819282 | QS46: 0.38277962 | QW46: 0.15523349 | RL46: 0.034579628 | RY46: 1.4326648 | SP46: 0.017725161 | TC46: 0.19006335 | TP46: 0.040247739 | UI46: 0.060150132 | UN46: 0.031977994 | VC46: 9.0443319 | WK46: 0.36253676 | WR46: 0.095269636 | XP46: 0.11758841 | YQ46: 0.095230748 | ZH46: 0.44283624 | ZR46: 0.41040167 | ABG46: 0.081874468 | ABQ46: 1.4881397 | ACG46: 0.16530432 | ACQ46: 0.064526619 | ACV46: 0.080453944 | ADK46: 0.052826213 | ADN46: 0.081374869 | AEG46: 0.043045403 | AEM46: 0.027038218 | AGY46: 0.078310706 | AHU46: 0.028893527 | AIU46: 0.030550062 | AJI46: 0.069303633 | AKH46: 0.055896196 | ALB46: 0.042016508 | ALK46: 0.028748919 | ALO46: 0.054457186 | AND46: 0.10237709 | ANM46: 0.029494019 | ANR46: 0.064442559 | ANY46: 0.0099561733 | APB46: 0.025869741 | APF46: 0.071408378 | APP46: 0.02705161 | APU46: 0.014263581 | AQN46: 0.47288283 | AQZ46: 0.016842992 | ATG46: 35.025705
A47: 30A | E47: 0.11595522 | X47: 1.0456845 | BW47: 0.053796544 | CK47: 0.075717816 | EV47: 0.20552835 | FH47: 1.2758585 | FK47: 0.24873309 | FM47: 0.55611485 | FU47: 0.86907994 | GC47: 1.1630596 | IA47: 0.10296267 | JM47: 0.62620798 | JQ47: 0.86960184 | JU47: 0.22085459 | JZ47: 2.0302469 | LK47: 0.081713086 | LX47: 0.25739821 | ML47: 0.1242312 | MV47: 0.53202748 | NG47: 0.21688206 | NJ47: 0.49563002 | NM47: 0.074784752 | OQ47: 0.060092319 | OU47: 0.22018128 | PC47: 0.11194405 | PH47: 0.18624696 | RO47: 0.15483058 | RT47: 0.095060795 | RY47: 1.0638298 | TC47: 0.24653236 | UN47: 0.064266485 | UR47: 0.26264138 | UV47: 0.83673646 | UZ47: 0.39791193 | VB47: 0.37311695 | VL47: 0.063858506 | XC47: 0.32213491 | XP47: 0.52452741 | YP47: 0.16513385 | ZA47: 0.13238628 | AAA47: 0.061439369 | ABK47: 0.19569027 | ABN47: 0.076040454 | ABQ47: 0.075337653 | ACC47: 0.20097159 | ACF47: 0.078838727 | ACR47: 0.53631453 | ADQ47: 0.16401685 | AFI47: 0.064127029 | AIR47: 0.08483351 | ALH47: 0.050794418 | ALN47: 0.074137365 | ANA47: 0.058249677 | ANC47: 0.048997828 | ANL47: 0.002574612 | ANO47: 0.061851731 | ANY47: 0.072822027 | APC47: 0.041938534 | APF47: 0.053704115 | APO47: 0.12241659 | APR47: 0.058314724 | AQA47: 0.14255334 | AQE47: 0.26967107 | AQM47: 0.93291329 | ARB47: 0.1849169 | ARF47: 0.57899223 | ARR47: 0.034586202 | ATG47: 20.850546
A48: 30B | F48: 0.0093508826 | Y48: 0.46041381 | AH48: 0.036251123 | FH48: 0.19555317 | HF48: 0.28495757 | JM48: 0.21066671 | JQ48: 0.32068721 | KA48: 0.44258461 | MZ48: 0.061573575 | NJ48: 0.18426668 | NM48: 0.062804244 | OU48: 0.59567037 | RO48: 0.056192808 | RY48: 0.93984962 | TP48: 0.03230719 | VB48: 0.934238 | YP48: 0.049577944 | ABK48: 0.074996045 | ABQ48: 0.2424202 | ACC48: 0.079727426 | ACF48: 0.067950226 | ADQ48: 0.070565156 | AIR48: 0.049117625 | AJO48: 0.073460135 | AKC48: 0.059696245 | ALD48: 0.048923437 | ALG48: 0.12066875 | ALN48: 0.076210112 | ANA48: 0.033811755 | ANC48: 0.04863579 | ANL48: 0.031065205 | ANO48: 0.088480547 | ANV48: 0.033367832 | ANY48: 0.049025529 | AOC48: 0.048316342 | AOY48: 0.035943032 | APC48: 0.058005835 | APE48: 0.064711103 | APR48: 0.12433532 | APZ48: 0.13900746 | AQF48: 0.27912264 | AQM48: 0.62137608 | AQZ48: 0.11301667 | ARF48: 0.23491105 | ARR48: 0.094630962 | ASG48: 0.055473875 | ASJ48: 0.072394909 | ASO48: 0.11250526 | ATA48: 0.073974307 | ATG48: 8.2527924
A49: 3A | D49: 0.21938677 | H49: 0.025237233 | P49: 0.095537617 | AC49: 0.024541135 | AV49: 0.23203278 | BA49: 0.041342422 | BS49: 0.026911187 | BU49: 0.061656687 | CK49: 0.030354966 | DA49: 0.01891821 | DD49: 0.019019291 | DP49: 0.026135377 | EK49: 0.058135439 | EN49: 0.24684053 | EU49: 0.36469892 | FA49: 0.16729552 | FF49: 0.11752295 | FH49: 0.39638091 | FM49: 0.72880392 | FN49: 0.19529982 | FV49: 0.15276347 | GB49: 0.32238896 | GC49: 0.17107265 | GH49: 0.20209362 | GX49: 0.12235531 | HB49: 0.10999549 | HD49: 0.19363414 | HF49: 0.17637389 | HN49: 0.1368751 | HP49: 0.19214147 | HS49: 0.15045904 | HU49: 0.18039425 | HW49: 0.2056818 | IG49: 0.86809635 | IK49: 0.47925375 | IR49: 0.84377235 | IX49: 0.59777986 | JC49: 0.31371068 | JL49: 0.63834278 | JM49: 0.48620389 | JO49: 0.34485566 | JQ49: 1.4241317 | JT49: 0.31024618 | JZ49: 4.2950058 | KH49: 0.50168171 | KK49: 0.22469262 | KM49: 0.1952365 | KR49: 0.33099416 | LB49: 0.053832051 | LE49: 0.089152417 | LF49: 0.061448254 | LK49: 0.32935621 | LR49: 0.075396083 | MI49: 0.056535589 | MO49: 0.023204147 | NB49: 0.031533158 | NF49: 0.089808574 | NI49: 0.053992331 | NJ49: 0.34106617 | OD49: 0.13194555 | OS49: 0.03445897 | OX49: 0.023120177 | PF49: 0.030375631 | PO49: 0.31654549 | QO49: 0.067510878 | QT49: 0.15319165 | QW49: 0.11967302 | RM49: 0.096854929 | RP49: 0.10315621 | RT49: 0.10906147 | RY49: 0.85470085 | SC49: 0.68414085 | SF49: 0.98515157 | SH49: 0.33272345 | SO49: 1.3446053 | SZ49: 0.070498152 | TA49: 0.13177725 | TI49: 0.11431612 | TK49: 0.056511826 | TO49: 0.13906785 | TP49: 0.86192741 | TS49: 0.088461795 | TZ49: 0.23081244 | UC49: 0.17748119 | UI49: 0.055054157 | UM49: 0.11379444 | UN49: 0.41235327 | UP49: 1.4857709 | UT49: 0.19532186 | UW49: 0.13568652 | VC49: 0.1819122 | VF49: 0.42009251 | VN49: 0.1516033 | VU49: 0.12162718 | WD49: 0.19730325 | WI49: 0.29399052 | WM49: 0.088319233 | WQ49: 0.050881962 | WU49: 0.10726678 | WW49: 0.1541103 | XA49: 0.23773076 | XF49: 0.099924824 | XR49: 0.064947487 | XT49: 0.078810434 | YG49: 0.058626544 | YN49: 0.040656875 | YQ49: 0.11223187 | YT49: 0.099002365 | YZ49: 0.03513351 | ZE49: 0.057478295 | ZY49: 0.055802687 | AAE49: 0.092007224 | AAI49: 0.046904893 | AAL49: 0.047376417 | AAS49: 0.031278452 | ABR49: 0.031902594 | ABV49: 0.087331548 | ACB49: 0.043060329 | ACH49: 0.076300501 | ACN49: 0.072448371 | ACX49: 0.07070459 | ADF49: 0.026432268 | ADH49: 0.023517767 | ADU49: 0.053233136 | ADY49: 0.028483015 | AEB49: 0.029031114 | AEG49: 0.025093227 | AEK49: 0.036238282 | AEQ49: 0.024906332 | AEU49: 0.056693892 | AEX49: 0.042822771 | AEZ49: 0.050601306 | AFC49: 0.064251998 | AFK49: 0.07674866 | AFO49: 0.11129546 | AFQ49: 0.068267982 | AFT49: 0.041949398 | AGG49: 0.0483872 | AGN49: 0.071349644 | AGR49: 0.015818013 | AGY49: 0.044842055 | AIP49: 0.023753976 | AIV49: 0.067756041 | AJH49: 0.045970153 | ALP49: 0.01772808 | AND49: 0.029355647 | ANU49: 0.035991066 | AOO49: 0.012630232 | AOR49: 0.01443017 | APB49: 0.010102258 | APF49: 0.01837956 | APJ49: 0.0056496351 | AQN49: 0.28911596 | ARV49: 0.038490847 | AST49: 0.024183752 | ATG49: 33.00793
A50: 3B | E50: 0.25163718 | Q50: 0.15844238 | AA50: 0.039138533 | AY50: 1.4319644 | BG50: 0.63850405 | BI50: 0.64149644 | BP50: 0.080247388 | CF50: 0.044505418 | CO50: 0.086670104 | CS50: 0.036502692 | CV50: 0.026699234 | CW50: 0.023938099 | DC50: 0.037867153 | DY50: 0.19017872 | EH50: 0.12947699 | ES50: 2.0380591 | EW50: 0.45399004 | FF50: 0.079156881 | FH50: 0.30643462 | GC50: 0.064259718 | GH50: 0.27763556 | GT50: 0.34472601 | HF50: 0.25228886 | HJ50: 0.22158809 | ID50: 0.73413783 | IP50: 0.74053111 | IX50: 0.34136186 | JE50: 0.49965367 | JM50: 0.40686907 | JQ50: 0.64464935 | JS50: 0.14682515 | JY50: 0.15406616 | KA50: 0.11945461 | KD50: 0.087888732 | KI50: 0.50902097 | KP50: 0.11531556 | KZ50: 0.051687647 | LC50: 0.13473488 | LH50: 0.13789054 | LK50: 0.14074807 | LT50: 0.37863859 | MF50: 0.73273172 | MO50: 0.29203266 | MV50: 0.68083251 | ND50: 0.1673438 | NG50: 0.23764046 | NJ50: 0.47187503 | NL50: 0.17353214 | NM50: 0.49279874 | NT50: 0.31066702 | NY50: 0.33070738 | OK50: 0.19659874 | OO50: 0.084901926 | OV50: 0.11055839 | OY50: 0.10490611 | PG50: 0.15629333 | PT50: 0.13062232 | QE50: 0.17421414 | QI50: 0.74802585 | QM50: 0.18612546 | QP50: 0.32687051 | QS50: 0.34157873 | QX50: 0.34695022 | RB50: 0.15884829 | RH50: 0.41538159 | RO50: 0.24894464 | RX50: 0.44071394 | RY50: 1.618123 | SE50: 0.35080043 | SK50: 0.22277973 | SO50: 0.14352001 | ST50: 0.12463474 | SW50: 0.12323275 | TC50: 0.18787738 | TE50: 0.062213254 | TI50: 0.2115728 | TN50: 0.13443031 | TP50: 0.067515349 | TQ50: 0.44428012 | TX50: 1.0071898 | UB50: 0.13180505 | UI50: 0.33194908 | UK50: 0.34747953 | UN50: 0.36628875 | UQ50: 0.14291508 | UT50: 0.38943811 | VB50: 0.28910479 | VH50: 0.10896254 | VP50: 0.10037568 | VQ50: 0.088487274 | VX50: 0.29530876 | WK50: 0.11524788 | WP50: 0.066014605 | WV50: 0.091514065 | WW50: 0.072991455 | XC50: 0.48288855 | XM50: 0.34207134 | XZ50: 0.26950368 | YD50: 0.18491921 | YL50: 0.11995533 | YP50: 0.34824686 | YR50: 0.13108638 | ZC50: 0.25036805 | ZI50: 0.15757461 | ZT50: 0.18158119 | ZX50: 0.077290789 | AAL50: 0.081425071 | AAQ50: 0.25684446 | AAU50: 0.077556012 | ABC50: 0.07962215 | ABK50: 0.11165489 | ABR50: 0.12576753 | ABT50: 0.057798953 | ABZ50: 0.15625314 | ACF50: 0.51976265 | ACL50: 0.21685657 | ACV50: 0.18419825 | ADI50: 0.072855059 | ADO50: 0.072193756 | ADX50: 0.046054696 | ADZ50: 0.049301026 | AEE50: 0.10631892 | AES50: 0.049648159 | AEY50: 0.023579452 | AFG50: 0.043164985 | AFI50: 0.1519691 | AGD50: 0.031969936 | AGT50: 0.024838636 | AGX50: 0.038080467 | AHS50: 0.054247392 | AHT50: 0.04918248 | AIN50: 0.038869503 | AIS50: 0.16464586 | AIZ50: 0.041339289 | AJB50: 0.068369904 | AJH50: 0.05551036 | AJO50: 0.042492329 | AKC50: 0.025756248 | AKV50: 0.030231554 | ALB50: 0.036929707 | ALD50: 0.52615803 | ALK50: 0.011431524 | ALO50: 0.083349319 | AMA50: 0.013810053 | AMI50: 0.035882219 | AMN50: 0.033647427 | AND50: 0.044431304 | ANM50: 0.0067840529 | ANP50: 0.03740161 | ANU50: 0.031220408 | ANX50: 0.019137111 | AOJ50: 0.012439482 | AOM50: 0.47382181 | AOY50: 0.053707621 | APD50: 0.065415083 | APF50: 0.089409217 | APK50: 0.089222166 | APS50: 0.038060748 | AQA50: 0.030712599 | AQM50: 1.2834762 | AQZ50: 0.079874584 | ARU50: 0.089404612 | ASS50: 0.041897617 | ATG50: 37.818099
A51: 4A | C51: 0.50191557 | M51: 0.044010734 | P51: 0.15448632 | X51: 0.3410616 | AM51: 0.077174143 | AV51: 0.14367549 | AZ51: 0.060950057 | BL51: 0.023820731 | BO51: 0.1354514 | BV51: 0.18086376 | CZ51: 0.020112086 | DC51: 0.046803326 | DH51: 0.057944975 | EK51: 0.071183986 | EN51: 0.14113972 | EV51: 0.11927362 | EZ51: 0.068927577 | FF51: 0.11234711 | FH51: 1.1005845 | FL51: 0.38528408 | FV51: 0.59994909 | GA51: 0.4463122 | GC51: 0.18465205 | GH51: 0.18897482 | GZ51: 0.096808409 | HC51: 0.030438944 | HN51: 0.050805114 | HP51: 0.065418294 | HS51: 0.046048654 | HU51: 0.0366011 | HX51: 0.043528949 | IG51: 0.31629676 | IK51: 0.067178583 | IN51: 0.070916548 | IR51: 0.19302187 | IW51: 0.2114924 | JC51: 0.064352757 | JL51: 0.11970819 | JM51: 0.53637495 | JQ51: 0.67573526 | JX51: 0.072393258 | KA51: 0.41093832 | KH51: 0.11486413 | KK51: 0.033566173 | KM51: 0.054930204 | KQ51: 0.067498134 | LK51: 0.20296462 | LY51: 0.060824471 | MM51: 0.061804761 | MZ51: 0.12614891 | NG51: 0.18708064 | NJ51: 0.28078205 | NM51: 0.067167614 | OA51: 0.20293992 | OR51: 0.033899228 | OV51: 0.19034754 | PE51: 0.064264347 | PJ51: 0.076662611 | PO51: 0.05945698 | PU51: 0.19302807 | QK51: 0.027688047 | QT51: 0.15816776 | QW51: 0.14577928 | RK51: 0.063342143 | RO51: 0.12943252 | RT51: 0.10898653 | RY51: 1.1574074 | SD51: 0.076651515 | SG51: 0.13522101 | SO51: 0.13691076 | TL51: 0.1155211 | TP51: 0.11859805 | UN51: 0.081787822 | UP51: 0.11013104 | US51: 0.34370961 | VC51: 0.32446545 | VL51: 0.034568226 | XD51: 0.57464407 | YE51: 0.055780817 | YP51: 0.17639372 | YT51: 0.057987072 | ZB51: 0.14687341 | AAB51: 0.090834845 | ABQ51: 0.16674949 | ACC51: 0.17498092 | ACF51: 0.091355791 | ACV51: 0.051013437 | ADR51: 0.087302467 | AER51: 0.047721664 | AFI51: 0.047792527 | AGY51: 0.037688602 | AHS51: 0.0062316393 | AIN51: 0.046111109 | AIS51: 0.16929156 | AJB51: 0.050075871 | AJH51: 0.049673057 | AJP51: 0.051865807 | AKV51: 0.029481572 | ALB51: 0.038623582 | ALK51: 0.012282166 | ALN51: 0.060948074 | AMI51: 0.020727265 | AMN51: 0.050423988 | AMP51: 0.025457318 | AND51: 0.056153333 | ANL51: 0.034789226 | ANU51: 0.12932744 | AOA51: 0.06464349 | AOJ51: 0.048632521 | AOR51: 0.02925141 | AOX51: 0.02193591 | APF51: 0.09872624 | APK51: 0.040835511 | APQ51: 0.03652233 | AQA51: 0.092558185 | AQH51: 0.08339923 | AQN51: 0.27810759 | AQQ51: 0.13534674 | ARB51: 1.3259589 | ARF51: 7.5439029 | ARU51: 0.14826003 | AST51: 0.034877108 | ATG51: 26.283096
A52: 4B | D52: 0.11770178 | J52: 0.026634216 | Q52: 0.16034501 | AB52: 0.21572263 | AG52: 0.045943624 | BR52: 0.048981558 | BV52: 0.099711508 | BZ52: 0.082261502 | EI52: 0.065882574 | EV52: 0.11422909 | FH52: 0.22398858 | FM52: 0.11852619 | FO52: 0.051470687 | FV52: 0.10385311 | GI52: 0.13278613 | GM52: 0.025018077 | GY52: 0.18228075 | HF52: 0.41931362 | IA52: 0.07640747 | JA52: 0.14358939 | JM52: 0.71638679 | JQ52: 0.60764024 | JZ52: 1.8026947 | KX52: 0.047171104 | LK52: 0.219379 | MM52: 0.097790911 | MU52: 1.4226064 | NJ52: 0.22938469 | NO52: 0.073777892 | NZ52: 0.36747701 | OR52: 0.05874503 | QS52: 0.24275657 | QW52: 0.12496128 | RK52: 0.05097878 | RQ52: 0.053688754 | RV52: 0.054161026 | RY52: 1.3157895 | SQ52: 0.055568628 | SW52: 0.065556717 | TC52: 0.51328063 | TP52: 0.06357842 | TS52: 0.032988969 | UN52: 0.03340487 | VC52: 0.94952167 | WK52: 0.03914344 | YP52: 0.035204686 | YS52: 0.027841164 | ZT52: 0.22789703 | AAW52: 0.030206791 | ABQ52: 0.17157106 | ACC52: 0.070890209 | ACG52: 0.075086141 | ACV52: 0.064585117 | AGC52: 0.050740649 | AGY52: 0.074765696 | AHT52: 0.045342562 | AIS52: 0.18783292 | AJH52: 0.070806008 | AKG52: 0.0430321 | ALB52: 0.039282527 | ALK52: 0.02219168 | ALN52: 0.091731896 | AMN52: 0.032631603 | AMP52: 0.021485422 | AMV52: 0.015841226 | AND52: 0.050963906 | ANL52: 0.018565517 | ANP52: 0.10080145 | AOD52: 0.095811685 | AOJ52: 0.040444174 | AOQ52: 0.067242462 | AOV52: 0.071457504 | AOY52: 0.043453938 | APF52: 0.17163479 | APK52: 0.11892713 | APT52: 0.061458592 | AQA52: 0.12365365 | AQM52: 0.92143833 | AQZ52: 0.068754023 | ARH52: 0.10578366 | ARU52: 0.10289042 | AST52: 0.057360528 | ATG52: 15.312689
A53: 5A | C53: 0.27936985 | I53: 0.036284848 | Q53: 0.15829427 | AU53: 0.026537572 | BA53: 0.061385652 | BQ53: 0.033532151 | BX53: 0.057176703 | CH53: 0.029385534 | CJ53: 0.22939765 | CV53: 0.06575155 | DB53: -0.0027668829 | DR53: 0.018161995 | DU53: 0.022927846 | EI53: 0.032747019 | EV53: 0.35213443 | FH53: 0.55589772 | FM53: 0.26058921 | FP53: 0.066049558 | FV53: 0.17471331 | GA53: 0.078959461 | GC53: 1.7904412 | GG53: 0.70449674 | IG53: 0.079346611 | IV53: 0.081567157 | JK53: 0.054391986 | JM53: 0.1584971 | JQ53: 0.4852445 | JY53: 0.043181543 | KA53: 0.26010633 | KN53: 0.051661684 | LK53: 0.31898275 | MO53: 0.022046567 | NJ53: 0.2470775 | NO53: 0.048471364 | NU53: 0.031645811 | OA53: 0.29197257 | QS53: 0.24236894 | QW53: 0.2355405 | RP53: 0.050091922 | RV53: 0.023404817 | RY53: 1.0989011 | SO53: 0.042815994 | SS53: 0.035582709 | TP53: 0.032645192 | UN53: 0.057639224 | UP53: 0.032691456 | UT53: 0.13820726 | VB53: 1.2462864 | WK53: 0.051278566 | WR53: 0.13262641 | XP53: 0.074780825 | YL53: 0.097229199 | YQ53: 0.08679394 | YT53: 0.029490393 | YY53: 0.040067093 | ZH53: 0.070324724 | ZR53: 0.067333026 | ATG53: 11.091761
A54: 5B | D54: 0.36378434 | J54: 0.054660588 | Q54: 0.2315732 | BB54: 0.084558067 | BR54: 0.058274832 | BV54: 0.16155826 | EV54: 0.11599408 | FH54: 0.59841339 | FM54: 0.29470054 | FV54: 0.47935911 | GI54: 0.18590924 | JM54: 0.11673677 | JQ54: 0.60039437 | JY54: 0.058904308 | KA54: 0.89216445 | LK54: 0.10385451 | NJ54: 0.29748292 | NN54: 0.077884164 | NZ54: 0.45252932 | PK54: 0.070386042 | QD54: 0.090208102 | QS54: 0.422065 | QW54: 0.22820385 | RK54: 0.10246785 | RP54: 0.077047291 | RU54: 0.072820383 | RY54: 1.3477089 | TP54: 0.071462798 | UN54: 0.064438152 | UU54: 0.061214673 | VC54: 0.28304308 | YP54: 0.11448071 | ABR54: 0.16238849 | ACC54: 0.14296373 | ACF54: 0.15280343 | ACV54: 0.079451314 | AFJ54: 0.053267032 | AGY54: 0.11643546 | AHS54: 0.047690892 | AIT54: 0.064022186 | AJB54: 0.031800977 | AJG54: 0.083569494 | AJO54: 0.048735978 | AKG54: 0.093299323 | ALB54: 0.057887727 | ALO54: 0.086013432 | AND54: 0.065754151 | ANM54: 0.019518092 | ANP54: 0.072319006 | AOA54: 0.048463288 | AOX54: 0.051761337 | AOZ54: 0.015873031 | APF54: 0.083424264 | APX54: 0.18614035 | AQK54: 0.0085334337 | AQM54: 0.80844091 | ATG54: 10.814841
A55: 6A | F55: 1.1390903 | J55: 0.10475072 | P55: 0.82502072 | AB55: 0.48446657 | AI55: 0.12051484 | AV55: 0.17746513 | BU55: 0.55251952 | EI55: 0.34170948 | FH55: 0.40567857 | FM55: 0.29779617 | FP55: 0.22380599 | GI55: 0.67731186 | IQ55: 0.47863241 | JQ55: 0.68215978 | JZ55: 4.3753769 | LK55: 0.41789873 | OE55: 0.62725629 | QT55: 0.74375827 | QW55: 0.35470709 | RY55: 2.3696682 | VC55: 0.25626862 | ACW55: 0.11911046 | ALD55: 6.4272541 | ALJ55: 0.11043602 | ANU55: 0.2531407 | APC55: 0.086217312 | APG55: 0.045992726 | APK55: 0.084457829 | AQO55: 0.50449946 | ATG55: 23.286965
A56: 6B | F56: 0.68529832 | P56: 0.15115855 | Y56: 0.19981484 | AF56: 0.1248278 | AJ56: 0.11917271 | AS56: 0.020329749 | AW56: 0.77373842 | AX56: 0.84378988 | BF56: 0.22385645 | BK56: 0.11074744 | BM56: 0.14217915 | BP56: 0.22490798 | BV56: 0.092343085 | CF56: 0.043189072 | CI56: 0.07016988 | CK56: 0.47022893 | CL56: 0.050776584 | CO56: 0.037206572 | CQ56: 0.066690373 | CR56: 0.038245206 | CU56: 0.043057223 | DA56: 0.067914496 | DC56: 0.093801762 | DG56: 0.23679353 | DM56: 0.066382623 | DQ56: 0.081028821 | DS56: 0.12920266 | DW56: 0.50649808 | EF56: 0.79455739 | EO56: 0.91092681 | ES56: 2.1219119 | EV56: 2.1045422 | FG56: 0.54284041 | FH56: 1.0981331 | FJ56: 0.27773098 | FM56: 1.0426774 | FO56: 0.40830457 | FV56: 0.44510826 | GB56: 0.32234996 | GC56: 5.9044288 | GM56: 0.7069016 | GU56: 0.79421895 | HB56: 0.48577488 | HD56: 1.5145533 | HL56: 0.3739727 | HN56: 0.22066948 | HP56: 0.64598044 | HS56: 0.57842058 | HU56: 0.67644522 | HW56: 0.80231832 | IH56: 3.0212229 | IN56: 1.6006368 | IR56: 2.3589588 | IX56: 2.3918912 | JC56: 1.3584396 | JL56: 2.0121751 | JM56: 3.2093827 | JQ56: 4.3467213 | JT56: 0.85646094 | JW56: 1.3998032 | JZ56: 2.0100689 | KC56: 0.95678185 | KH56: 1.6828615 | KK56: 0.69518372 | KM56: 0.72967891 | KQ56: 1.1533595 | KU56: 0.38150052 | LC56: 0.41075863 | LE56: 0.58144195 | LI56: 0.30578662 | LK56: 1.3017575 | LN56: 0.1004045 | LQ56: 0.13541723 | LT56: 0.45327002 | ME56: 0.43962854 | MH56: 0.34026213 | MO56: 0.50863912 | MT56: 1.6328076 | ND56: 0.18467781 | NG56: 0.33332102 | NJ56: 1.7942894 | NL56: 0.14538895 | NM56: 0.42349266 | NT56: 0.22565445 | NY56: 0.27836596 | OJ56: 0.1580609 | OS56: 0.17734194 | OU56: 0.62585835 | PF56: 0.19285599 | PP56: 0.68334842 | PS56: 0.10266455 | PV56: 0.087544255 | QC56: 0.16190596 | QI56: 0.53949367 | QN56: 0.19423146 | QO56: 0.14937986 | QP56: 0.15095073 | QS56: 0.33912819 | QW56: 0.46801624 | RC56: 0.34900964 | RF56: 0.46570889 | RN56: 0.13366671 | RO56: 0.33995267 | RR56: 0.11854313 | RS56: 0.54258821 | RY56: 1.2285012 | SD56: 0.5800243 | SF56: 0.58443586 | SH56: 0.20699166 | SK56: 0.17679452 | SO56: 1.039675 | ST56: 0.13174659 | SW56: 0.18936367 | SY56: 0.097514526 | TA56: 0.27579449 | TI56: 0.37326625 | TL56: 0.12373055 | TO56: 0.18465182 | TP56: 1.2247738 | TQ56: 0.32233997 | TU56: 0.12760966 | TX56: 0.80262671 | UC56: 0.29279737 | UG56: 0.10548696 | UI56: 0.22770738 | UL56: 0.38703912 | UN56: 0.76899644 | UP56: 1.9771387 | UT56: 1.1001699 | UX56: 0.11543298 | VC56: 1.7581958 | VF56: 0.51895373 | VJ56: 0.10843506 | VO56: 0.26350086 | VX56: 0.3484406 | WC56: 0.33313836 | WI56: 0.3130441 | WK56: 0.80013627 | WO56: 0.19418229 | WS56: 0.30616429 | WW56: 0.35933483 | XA56: 0.33307571 | XC56: 0.17648058 | XG56: 0.25341731 | XM56: 0.251824 | XZ56: 0.39705034 | YE56: 0.24886526 | YK56: 0.178493 | YP56: 0.50278273 | YT56: 0.21003708 | YZ56: 0.18092064 | ZD56: 0.1914809 | ZL56: 0.15524595 | ZR56: 0.17714485 | ZS56: 0.099133337 | ZX56: 0.18038647 | AAE56: 0.16461664 | AAI56: 0.070418379 | AAK56: 0.11700664 | AAQ56: 0.14418101 | AAT56: 0.3985744 | AAY56: 0.90654123 | ABF56: 0.10947304 | ABN56: 1.2223579 | ABQ56: 0.66260941 | ABV56: 0.16793675 | ABY56: 0.083286914 | ACF56: 0.54077169 | ACM56: 0.20038849 | ACV56: 0.14485431 | ACZ56: 0.12131378 | ADC56: 0.045089782 | ADF56: 0.032343668 | ADJ56: 0.08921165 | ADT56: 0.14433397 | ADX56: 0.079603441 | ADZ56: 0.032599003 | AEC56: 0.10287692 | AEF56: 0.16707449 | AEI56: 0.047808838 | AEJ56: 0.095052669 | AEO56: 0.28615055 | AEW56: 0.10734817 | AEZ56: 0.10654579 | AFE56: 0.35205426 | AFI56: 0.22848554 | AFN56: 0.15194048 | AFR56: 0.073988175 | AFT56: 0.050240064 | AFW56: 0.016993284 | AGD56: 0.025967457 | AGG56: 0.041428095 | AGK56: 0.056093397 | AGO56: 0.059233443 | AGS56: 0.041684288 | AGX56: 0.043001965 | AHF56: 0.11710647 | AHG56: 0.095107009 | AHI56: 0.06355821 | AHM56: 0.032414897 | AHR56: 0.093822906 | AHX56: 0.07114594 | AIF56: 0.03024721 | AII56: 0.032035452 | AIM56: 0.034132829 | AIR56: 0.14034007 | AIW56: 0.040592291 | AIY56: 0.037054817 | AJC56: 0.057141691 | AJG56: 0.067423107 | AJN56: 0.070158207 | ALB56: 0.026315047 | ALD56: 0.030113146 | ALK56: 0.012470146 | ALO56: 0.02362228 | ALR56: 0.019445785 | AMI56: 0.010313256 | AMJ56: 0.012779003 | AMN56: 0.012930787 | AMW56: 0.0084182143 | AND56: 0.027333965 | ANM56: 0.018876158 | ANU56: 0.032099599 | AOK56: 0.015322654 | AOS56: 0.029095671 | AOZ56: 0.017779964 | APF56: 0.029987402 | APK56: 0.017348481 | APP56: 0.0080307541 | AQN56: 0.29779618 | ATG56: 104.87517
A57: 7A | F57: 0.025476929 | R57: 0.056783141 | AA57: 0.18422501 | BR57: 0.035600813 | FH57: 0.59641517 | FM57: 0.071372493 | GI57: 0.088493423 | JQ57: 1.3768329 | LK57: 0.059398875 | NJ57: 0.45785295 | OV57: 0.13279976 | RY57: 1.3089005 | TP57: 0.051119863 | UE57: 0.091393665 | VB57: 0.15580496 | ABR57: 0.096646452 | AJP57: 0.17514628 | ALN57: 0.068508532 | AMM57: 0.063395505 | AND57: 0.044249673 | ANO57: 0.058977725 | ANU57: 0.058280171 | AOJ57: 0.11033297 | APE57: 0.23230488 | APK57: 0.083208221 | APO57: 0.03627231 | APY57: 0.11410843 | AQM57: 0.88241169 | ARL57: 0.11612622 | ARU57: 0.10132094 | ASS57: 0.098854314 | ATG57: 7.0326148
A58: 7B | B58: 0.1485544 | X58: 0.34190251 | BV58: 0.070394938 | FH58: 0.84845466 | FM58: 0.59831233 | FV58: 0.28686955 | JM58: 0.22589273 | JQ58: 1.3318087 | LK58: 0.06668299 | NG58: 0.084031324 | NJ58: 0.50560703 | OV58: 0.16367642 | RK58: 0.10523493 | RO58: 0.054465021 | RY58: 1.396648 | TP58: 0.1132367 | UT58: 0.1866607 | VB58: 0.094391407 | ACC58: 0.2245194 | AJO58: 0.20504748 | ALD58: 1.2451016 | ALN58: 0.085014907 | AND58: 0.060301213 | ANQ58: 0.13627246 | AOJ58: 0.16032371 | AOQ58: 0.1333134 | APD58: 0.13968245 | APF58: 0.11956766 | AQA58: 0.24935509 | AQC58: 0.17705586 | AQM58: 0.97290317 | ARK58: 0.18566432 | ATG58: 10.716947
A59: 8A | F59: 0.038945181 | J59: 0.021772803 | S59: 0.037106331 | AB59: 0.019464631 | AO59: 0.03534978 | BS59: 0.024527018 | CI59: 0.020784416 | CK59: 0.13045614 | EV59: 0.33542077 | FH59: 0.088459607 | FM59: 0.097148863 | GC59: 1.2446453 | IG59: 0.070431049 | IX59: 0.1115412 | JM59: 0.49929776 | JQ59: 0.35194382 | JX59: 0.1596858 | KA59: 0.19868656 | KN59: 0.029212819 | LK59: 0.042579778 | MZ59: 0.18436701 | NJ59: 0.21876854 | NO59: 0.051418756 | RY59: 0.81699346 | SP59: 0.027277485 | TP59: 0.035955797 | TW59: 0.024240946 | VC59: 0.12090873 | YQ59: 0.027168045 | AAD59: 0.03767424 | ABM59: 0.026239446 | ABR59: 0.068425979 | ACG59: 0.041389262 | ADQ59: 0.038953881 | AFJ59: 0.022404433 | AHR59: 0.038608115 | AIM59: 0.017550862 | AIR59: 0.083280122 | AJB59: 0.039800296 | AJG59: 0.043540145 | AJK59: 1.2088876 | AJV59: 0.086262311 | AKV59: 0.029732718 | AKY59: 0.032236355 | ALA59: 0.023912649 | ALH59: 0.02337144 | ALK59: 0.016662822 | ALN59: 0.067837917 | ALZ59: 0.037344971 | AMD59: 0.032339803 | AMN59: 0.046134689 | ANA59: 0.028444146 | AND59: 0.036200984 | ANL59: 0.0067076463 | ANO59: 0.045503568 | ANU59: 0.028858145 | ANZ59: 0.040471283 | AOP59: 0.02937853 | APD59: 0.021506282 | APF59: 0.033813359 | APK59: 0.024406726 | APW59: 0.095289165 | AQM59: 0.57562866 | AQZ59: 0.014828136 | ARJ59: 0.06236646 | ARU59: 0.050992957 | ASR59: 0.058192876 | ASS59: 0.053103997 | ATG59: 8.3328413
A60: 8B | E60: 0.19861743 | JM60: 0.36596718 | JQ60: 0.20495744 | RY60: 1.4619883 | TC60: 0.42463057 | UT60: 0.20367866 | VC60: 1.4930749 | ZH60: 0.48916703 | ZR60: 0.50195495 | AAY60: 0.19620122 | ABQ60: 0.4353371 | ALD60: 3.3087192 | AQM60: 0.14668714 | ATG60: 9.4309812
A61: 9A | D61: 0.0026255317 | F61: 0.010233791 | S61: 0.095413462 | AA61: 0.34958967 | AC61: 0.049446769 | BV61: 0.081355219 | BW61: 0.039819617 | EB61: 0.10883188 | EG61: 0.76798696 | EI61: 0.082169378 | EV61: 0.17381743 | FH61: 0.38215109 | FM61: 1.6519542 | FQ61: 0.10081496 | FV61: 0.15551045 | GI61: 0.1182359 | GJ61: 0.074782345 | JM61: 0.2361534 | JQ61: 0.85845244 | JX61: 0.053576732 | JY61: 0.025479287 | KA61: 0.2827597 | LK61: 0.13811797 | MN61: 0.081717077 | MW61: 0.76626564 | NJ61: 0.46588749 | NO61: 0.080022087 | NP61: 0.10212562 | OF61: 0.065537526 | OW61: 0.083408553 | RK61: 0.067697396 | RY61: 2.8735632 | SX61: 0.053233483 | TC61: 0.18479801 | TP61: 0.12770928 | VB61: 0.18046886 | YQ61: 0.043249287 | ZH61: 0.1141913 | ZR61: 0.13093629 | ABQ61: 0.079784723 | AIU61: 0.03932923 | AKN61: 0.11250369 | ALD61: 1.1052352 | ALO61: 0.06165447 | AND61: 0.13702085 | ANL61: 0.013221008 | ANP61: 0.077864212 | AOO61: -0.008951672 | APF61: 0.10886502 | APX61: 0.092629428 | AQH61: 0.051290415 | AQM61: 1.0118402 | ARM61: 0.16273738 | ARU61: 0.070951646 | AST61: 0.040602848 | ATG61: 14.416668
A62: 9B | E62: 0.017634653 | J62: 0.052045892 | AY62: 2.7596151 | BG62: 2.27777 | BP62: 0.26566249 | BY62: 0.20021937 | CF62: 0.088574068 | EA62: 0.13188759 | ES62: 2.5518445 | EX62: 0.5183144 | FF62: 0.1493222 | FH62: 0.70055412 | FW62: 0.17800514 | GJ62: 0.15843986 | GT62: 0.2144469 | HK62: 0.14120512 | IE62: 0.49801896 | IO62: 0.59309139 | IZ62: 0.24834477 | JF62: 0.31901323 | JM62: 0.23464008 | JQ62: 0.84557841 | KG62: 0.180725 | KJ62: 0.14238711 | LD62: 0.14157361 | LH62: 0.10381835 | LU62: 0.21880199 | MB62: 0.85028636 | MO62: 0.16421226 | MW62: 0.5223967 | ND62: 0.11835057 | NG62: 0.17534802 | NJ62: 0.38388184 | NK62: 0.13975094 | NM62: 0.36306344 | NR62: 0.24520748 | PG62: 0.067464354 | QE62: 0.15360248 | QI62: 0.71482871 | QP62: 0.25265541 | QY62: 0.10219212 | RI62: 0.24395269 | RO62: 0.18154915 | RW62: 0.26486088 | RY62: 2.1097046 | SE62: 0.24719545 | SK62: 0.11251289 | SW62: 0.052632299 | TC62: 0.2723036 | TF62: 0.10288204 | TI62: 0.18214053 | TP62: 0.13726297 | TR62: 0.26281189 | TX62: 0.73641812 | UI62: 0.16346848 | UL62: 0.17129993 | UN62: 0.2462824 | UT62: 0.26078367 | VB62: 0.14164031 | VX62: 0.15769265 | WK62: 0.058970031 | XC62: 0.28030118 | XN62: 0.3192698 | YA62: 0.15785943 | YD62: 0.10010376 | YP62: 0.21045107 | YR62: 0.055308655 | ZC62: 0.060962028 | AAQ62: 0.15092056 | ABY62: 0.090050976 | ACF62: 0.42280732 | ACM62: 0.131598 | AFI62: 0.12441297 | AHT62: 0.10319661 | ALD62: 0.13524872 | ALO62: 0.095525314 | AND62: 0.15920217 | ANG62: 0.196752 | ANP62: 0.088955458 | AOJ62: 0.02624853 | APC62: 0.13352809 | APF62: 0.083530066 | APJ62: 0.037836821 | APP62: 0.052993625 | APW62: 0.17632724 | AQG62: 0.07753839 | AQN62: 0.43302689 | ASJ62: 0.21803572 | ATG62: 28.413131
A63: (blank)
A64: Grand Total | B64: 0.4896628 | C64: 0.79170053 | D64: 1.9720196 | E64: 1.9127605 | F64: 1.9142347 | G64: 0.10297729 | H64: 0.11362923 | I64: 0.2969814 | J64: 0.31235993 | K64: 0.04411017 | L64: 0.14462297 | M64: 0.044010734 | N64: 0.075418181 | O64: 0.57341417 | P64: 3.4099914 | Q64: 1.271637 | R64: 0.30903407 | S64: 0.58137138 | T64: 0.012415264 | U64: 0.1076369 | V64: 0.062167889 | W64: 3.8385737 | X64: 6.4422811 | Y64: 5.3971117 | Z64: 1.21715 | AA64: 1.5907941 | AB64: 2.362156 | AC64: 0.13256275 | AD64: 0.33807513 | AE64: 0.10830548 | AF64: 0.1248278 | AG64: 0.68780971 | AH64: 0.19824532 | AI64: 0.12051484 | AJ64: 0.30625012 | AK64: 0.12005656 | AL64: 1.1963911 | AM64: 0.57411177 | AN64: 0.25937443 | AO64: 0.18494966 | AP64: 0.13615216 | AQ64: 0.063921337 | AR64: 0.11667867 | AS64: 0.020329749 | AT64: 0.023974237 | AU64: 0.026537572 | AV64: 0.65441543 | AW64: 1.7935422 | AX64: 1.6978654 | AY64: 7.8467652 | AZ64: 0.10594467 | BA64: 0.55970228 | BB64: 0.084558067 | BC64: 0.17434729 | BD64: 0.033938393 | BE64: 0.093623084 | BF64: 0.65124073 | BG64: 2.916274 | BH64: 0.15671094 | BI64: 0.64149644 | BJ64: 0.13181237 | BK64: 0.11074744 | BL64: 0.20488773 | BM64: 0.65716992 | BN64: 0.022511943 | BO64: 0.25412604 | BP64: 0.81669521 | BQ64: 0.83801486 | BR64: 0.44814999 | BS64: 0.068539796 | BT64: 0.059891261 | BU64: 1.4426194 | BV64: 1.0490044 | BW64: 0.33305605 | BX64: 0.11413246 | BY64: 0.32832084 | BZ64: 0.082261502 | CA64: 0.15019987 | CB64: 0.091791742 | CC64: 0.026959426 | CD64: 0.056794801 | CE64: 0.022255205 | CF64: 0.39688907 | CG64: 0.03803284 | CH64: 0.029385534 | CI64: 0.25548012 | CJ64: 0.61330124 | CK64: 2.0872883 | CL64: 0.065479679 | CM64: 0.08504931 | CN64: 0.082334086 | CO64: 0.12387668 | CP64: 0.011519044 | CQ64: 0.18982958 | CR64: 0.038245206 | CS64: 0.036502692 | CT64: 0.017414362 | CU64: 0.098312115 | CV64: 0.092450784 | CW64: 0.023938099 | CX64: 0.044094228 | CY64: 0.039943126 | CZ64: 0.057678788 | DA64: 0.27248682 | DB64: -0.0027668829 | DC64: 0.3165272 | DD64: 0.30708553 | DE64: 0.53075492 | DF64: 0.49825701 | DG64: 0.63943667 | DH64: 0.1729642 | DI64: 0.29993321 | DJ64: 0.040230375 | DK64: 0.040631036 | DL64: 0.049840599 | DM64: 0.16018554 | DN64: 0.13231194 | DO64: 0.063234922 | DP64: 0.1968167 | DQ64: 0.26786426 | DR64: 0.059246978 | DS64: 0.59229997 | DT64: 0.22445785 | DU64: 0.022927846 | DV64: 0.23920527 | DW64: 0.50649808 | DX64: 0.11420561 | DY64: 0.51499734 | DZ64: 0.56661292 | EA64: 0.27833535 | EB64: 0.10883188 | EC64: 0.24780197 | ED64: 0.039491533 | EE64: 0.073124215 | EF64: 1.9025688 | EG64: 2.44554 | EH64: 1.1581115 | EI64: 1.008112 | EJ64: 0.030186413 | EK64: 0.24094122 | EL64: 1.7351229 | EM64: 0.17210713 | EN64: 2.2673234 | EO64: 1.0109148 | EP64: 0.53415844 | EQ64: 0.070147938 | ER64: 0.24150155 | ES64: 8.5238014 | ET64: 2.6420271 | EU64: 0.48112226 | EV64: 12.538129 | EW64: 0.45399004 | EX64: 0.5183144 | EY64: 0.1493032 | EZ64: 0.068927577 | FA64: 0.16729552 | FB64: 0.17174422 | FC64: 0.33773381 | FD64: 0.65054033 | FE64: 0.38199146 | FF64: 1.9297359 | FG64: 2.2871652 | FH64: 26.23516 | FI64: 0.41680889 | FJ64: 1.0289933 | FK64: 0.24873309 | FL64: 1.0683741 | FM64: 27.767874 | FN64: 0.19529982 | FO64: 2.2009407 | FP64: 0.59160615 | FQ64: 0.31654813 | FR64: 0.10182295 | FS64: 0.75460397 | FT64: 0.060116807 | FU64: 0.86907994 | FV64: 10.386574 | FW64: 0.17800514 | FX64: 0.069385196 | FY64: 0.12999427 | FZ64: 0.55185912 | GA64: 1.7972395 | GB64: 5.1029838 | GC64: 18.7755 | GD64: 15.228764 | GE64: 0.39887165 | GF64: 0.60355071 | GG64: 0.70449674 | GH64: 2.1884523 | GI64: 2.6615488 | GJ64: 0.3782006 | GK64: 0.11327799 | GL64: 1.0257822 | GM64: 1.0464271 | GN64: 0.92009302 | GO64: 0.33278092 | GP64: 0.092197583 | GQ64: 0.047712688 | GR64: 0.17215031 | GS64: 0.32169666 | GT64: 1.9775941 | GU64: 1.2002252 | GV64: 1.334052 | GW64: 1.7892692 | GX64: 0.41529079 | GY64: 0.18228075 | GZ64: 0.096808409 | HA64: 0.50077078 | HB64: 2.8544847 | HC64: 0.030438944 | HD64: 2.6857718 | HE64: 2.8690543 | HF64: 7.6414284 | HG64: 0.14524801 | HH64: 1.5530737 | HI64: 0.21967885 | HJ64: 0.22158809 | HK64: 0.14120512 | HL64: 0.3739727 | HM64: 0.068422772 | HN64: 1.1260483 | HO64: 0.55378568 | HP64: 2.4262884 | HQ64: 4.1979404 | HR64: 0.54578456 | HS64: 1.3852071 | HT64: 2.1582692 | HU64: 1.5873578 | HV64: 0.39432952 | HW64: 7.2958342 | HX64: 1.6632755 | HY64: 0.17080499 | HZ64: 0.098252835 | IA64: 0.27803663 | IB64: 0.30610864 | IC64: 0.0476175 | ID64: 0.91531597 | IE64: 4.3484539 | IF64: 0.85888594 | IG64: 1.568018 | IH64: 6.5468773 | II64: 0.64205248 | IJ64: 1.9574084 | IK64: 1.2347849 | IL64: 3.8320325 | IM64: 2.3119157 | IN64: 2.501152 | IO64: 0.59309139 | IP64: 0.74053111 | IQ64: 2.5766034 | IR64: 6.3946281 | IS64: 4.8913277 | IT64: 0.064384605 | IU64: 0.15793394 | IV64: 0.081567157 | IW64: 5.2959576 | IX64: 9.1775747 | IY64: 0.072481987 | IZ64: 0.29260525 | JA64: 0.14358939 | JB64: 0.61501177 | JC64: 3.0926275 | JD64: 2.7475095 | JE64: 0.59899651 | JF64: 0.43075849 | JG64: 0.042733294 | JH64: 0.44071773 | JI64: 0.095693589 | JJ64: 0.074173023 | JK64: 0.28873291 | JL64: 10.839639 | JM64: 29.638727 | JN64: 0.43077298 | JO64: 1.314218 | JP64: 2.2245395 | JQ64: 49.817601 | JR64: 3.0026897 | JS64: 0.17728024 | JT64: 4.1738338 | JU64: 0.22085459 | JV64: 0.66216777 | JW64: 4.4079268 | JX64: 3.950133 | JY64: 0.46038658 | JZ64: 75.263232 | KA64: 8.5521899 | KB64: 0.37194736 | KC64: 1.7429009 | KD64: 2.6025669 | KE64: 0.24735392 | KF64: 0.073554649 | KG64: 0.180725 | KH64: 8.1928138 | KI64: 0.50902097 | KJ64: 0.18547803 | KK64: 3.4314716 | KL64: 0.87654109 | KM64: 2.4376707 | KN64: 0.080874504 | KO64: 0.024058227 | KP64: 0.11531556 | KQ64: 2.7012539 | KR64: 3.0309026 | KS64: 1.4187839 | KT64: 0.11165684 | KU64: 0.38150052 | KV64: 0.48966877 | KW64: 0.53492213 | KX64: 0.047171104 | KY64: 0.031208962 | KZ64: 0.1616644 | LA64: 0.06117314 | LB64: 0.053832051 | LC64: 1.5808242 | LD64: 0.21084028 | LE64: 2.3023394 | LF64: 0.45087576 | LG64: 0.20666177 | LH64: 0.24170889 | LI64: 0.49898232 | LJ64: 0.37841649 | LK64: 9.4391914 | LL64: 0.055892153 | LM64: 0.24982323 | LN64: 0.1004045 | LO64: 0.1533034 | LP64: 0.21016651 | LQ64: 0.34960346 | LR64: 0.075396083 | LS64: 0.53578485 | LT64: 1.5599996 | LU64: 0.30671285 | LV64: 0.058106794 | LW64: 0.11433372 | LX64: 0.56719755 | LY64: 0.17643043 | LZ64: 0.19954395 | MA64: 0.033510835 | MB64: 1.8759462 | MC64: 0.67152925 | MD64: 0.41193891 | ME64: 0.43962854 | MF64: 0.73273172 | MG64: 0.36954475 | MH64: 1.1940623 | MI64: 0.056535589 | MJ64: 0.85645663 | MK64: 0.14236323 | ML64: 2.1651355 | MM64: 0.73679608 | MN64: 0.081717077 | MO64: 3.396085 | MP64: 0 | MQ64: 0.40072293 | MR64: 0.031352499 | MS64: 5.9628199 | MT64: 6.2995097 | MU64: 6.0023875 | MV64: 2.6867194 | MW64: 2.5131725 | MX64: 1.0928673 | MY64: 0.23346259 | MZ64: 0.60988934 | NA64: 0.43387066 | NB64: 0.10011486 | NC64: 0.055837359 | ND64: 0.47037218 | NE64: 2.0171645 | NF64: 0.089808574 | NG64: 3.6414134 | NH64: 0.19007718 | NI64: 0.053992331 | NJ64: 22.620009 | NK64: 0.19434719 | NL64: 0.31892109 | NM64: 3.4795823 | NN64: 1.5326891 | NO64: 0.57259091 | NP64: 0.27663115 | NQ64: 0.18636532 | NR64: 0.24520748 | NS64: 0.1710478 | NT64: 0.53632148 | NU64: 0.031645811 | NV64: 0.33780423 | NW64: 0.13945268 | NX64: 0.18342452 | NY64: 1.3942159 | NZ64: 0.82000633 | OA64: 1.0385158 | OB64: 1.4417498 | OC64: 0.085349986 | OD64: 0.21932914 | OE64: 0.62725629 | OF64: 0.065537526 | OG64: 0.12491389 | OH64: 0.24409862 | OI64: 0.076194199 | OJ64: 0.1580609 | OK64: 0.19659874 | OL64: 0.057897189 | OM64: 0.10410124 | ON64: 0.055668684 | OO64: 0.084901926 | OP64: 0.053555946 | OQ64: 0.9391776 | OR64: 0.15372605 | OS64: 0.37859329 | OT64: 0.41664237 | OU64: 10.297883 | OV64: 3.5601865 | OW64: 0.5002483 | OX64: 0.023120177 | OY64: 0.10490611 | OZ64: 0.31017812 | PA64: 0.069395957 | PB64: 0.026093054 | PC64: 0.11194405 | PD64: 0.062847763 | PE64: 0.064264347 | PF64: 1.1974004 | PG64: 0.22375769 | PH64: 0.26298219 | PI64: 0.23938923 | PJ64: 0.13985848 | PK64: 0.070386042 | PL64: 0.17936349 | PM64: 0.050340724 | PN64: 0.10183365 | PO64: 1.4182549 | PP64: 1.8368453 | PQ64: 0.13462335 | PR64: 0.053542494 | PS64: 0.28441699 | PT64: 0.20672601 | PU64: 0.19302807 | PV64: 0.11123863 | PW64: 1.047043 | PX64: 0.15857477 | PY64: 0.21469717 | PZ64: 0 | QA64: 0.049764612 | QB64: 0.085161025 | QC64: 0.22568879 | QD64: 0.090208102 | QE64: 0.32781662 | QF64: 0.2808188 | QG64: 0.35382337 | QH64: 1.650194 | QI64: 2.8927267 | QJ64: 0.080029964 | QK64: 0.027688047 | QL64: 0.0806007 | QM64: 0.29210926 | QN64: 0.56977312 | QO64: 1.9369297 | QP64: 1.0037751 | QQ64: 0.10909991 | QR64: 0.076651511 | QS64: 3.3958596 | QT64: 1.4857884 | QU64: 0.37403662 | QV64: 0.1022983 | QW64: 2.489095 | QX64: 0.3898727 | QY64: 0.3346008 | QZ64: 0.27728561 | RA64: 0.40367212 | RB64: 0.20785879 | RC64: 0.34900964 | RD64: 0.53795898 | RE64: 0.36751371 | RF64: 0.64629891 | RG64: 0.67802378 | RH64: 0.41538159 | RI64: 0.24395269 | RJ64: 0.06444795 | RK64: 0.9166321 | RL64: 0.078951773 | RM64: 0.48421083 | RN64: 1.3187548 | RO64: 3.8904696 | RP64: 1.0708963 | RQ64: 0.39019484 | RR64: 0.44065437 | RS64: 2.8602777 | RT64: 0.53205201 | RU64: 0.83929775 | RV64: 0.25100883 | RW64: 0.30909395 | RX64: 0.52526113 | RY64: 73.497203 | RZ64: 1.5075056 | SA64: 0.35331364 | SB64: 0.076156835 | SC64: 15.180509 | SD64: 1.2580325 | SE64: 0.82140466 | SF64: 10.558809 | SG64: 14.472655 | SH64: 3.9185262 | SI64: 1.312887 | SJ64: 0.056694633 | SK64: 0.59404799 | SL64: 0.02604645 | SM64: 0.068934807 | SN64: 0.17124329 | SO64: 19.35137 | SP64: 9.0669896 | SQ64: 0.18862478 | SR64: 0.066699805 | SS64: 0.035582709 | ST64: 0.25638133 | SU64: 1.197463 | SV64: 0.1718081 | SW64: 1.065093 | SX64: 0.13824695 | SY64: 0.20855487 | SZ64: 1.3595952 | TA64: 0.40757174 | TB64: 2.6636643 | TC64: 3.6624291 | TD64: 1.0402999 | TE64: 0.062213254 | TF64: 0.10288204 | TG64: 0.084720495 | TH64: 0.24806315 | TI64: 3.6251618 | TJ64: 0.092896825 | TK64: 0.056511826 | TL64: 0.23925165 | TM64: 0.056620238 | TN64: 0.13443031 | TO64: 2.2958515 | TP64: 12.290201 | TQ64: 0.91255388 | TR64: 0.52814893 | TS64: 1.0824409 | TT64: 0.32984773 | TU64: 0.52006989 | TV64: 0.29373776 | TW64: 0.024240946 | TX64: 6.2815399 | TY64: 2.2177805 | TZ64: 0.23081244 | UA64: 0.28916494 | UB64: 0.13180505 | UC64: 2.0579945 | UD64: 0.87332218 | UE64: 0.091393665 | UF64: 0.45359036 | UG64: 0.1869193 | UH64: 0.82838612 | UI64: 2.1548789 | UJ64: 0.1832719 | UK64: 0.78008645 | UL64: 2.2082073 | UM64: 0.15180239 | UN64: 9.5637953 | UO64: 0.85856984 | UP64: 14.364639 | UQ64: 0.14291508 | UR64: 0.26264138 | US64: 4.9693619 | UT64: 6.5154431 | UU64: 3.4140533 | UV64: 0.83673646 | UW64: 0.64295125 | UX64: 0.11543298 | UY64: 1.566763 | UZ64: 3.9506865 | VA64: 0.87712359 | VB64: 24.566704 | VC64: 25.294383 | VD64: 1.3335723 | VE64: 0.43998528 | VF64: 2.5494622 | VG64: 1.8522001 | VH64: 0.10896254 | VI64: 0.041614151 | VJ64: 0.99328251 | VK64: 0.057056647 | VL64: 0.20768304 | VM64: 0.30527036 | VN64: 2.8872515 | VO64: 0.26350086 | VP64: 0.10037568 | VQ64: 0.088487274 | VR64: 0.072358149 | VS64: 0.064641943 | VT64: 0.26621108 | VU64: 0.89007479 | VV64: 1.5273586 | VW64: 0.35580791 | VX64: 0.94427229 | VY64: 0.13217598 | VZ64: 0.10155803 | WA64: 0.3057199 | WB64: 0.17732564 | WC64: 2.4626113 | WD64: 0.19730325 | WE64: 0.33014469 | WF64: 0.074646121 | WG64: 0.71069727 | WH64: 3.6303958 | WI64: 0.66932909 | WJ64: 0.10827499 | WK64: 4.2067078 | WL64: 0.064669028 | WM64: 0.30782566 | WN64: 1.1006926 | WO64: 0.19418229 | WP64: 0.066014605 | WQ64: 0.71594056 | WR64: 1.6922099 | WS64: 1.2072164 | WT64: 1.4521056 | WU64: 0.10726678 | WV64: 0.38926391 | WW64: 3.4567561 | WX64: 0 | WY64: 0.17864851 | WZ64: 0.31118723 | XA64: 3.9332115 | XB64: 0 | XC64: 1.6529868 | XD64: 1.2031828 | XE64: 0.51964813 | XF64: 1.3349581 | XG64: 1.3369071 | XH64: 0.86159703 | XI64: 0.49310549 | XJ64: 0.094512142 | XK64: 0.11421466 | XL64: 0.33450479 | XM64: 0.59389533 | XN64: 0.4748588 | XO64: 0.15322616 | XP64: 4.8916577 | XQ64: 1.2549305 | XR64: 0.43976544 | XS64: 0.068272204 | XT64: 0.12039668 | XU64: 0.92412723 | XV64: 0.45859961 | XW64: 0.37552322 | XX64: 0.67988609 | XY64: 0.26280768 | XZ64: 0.9338349 | YA64: 0.21804332 | YB64: 0.039923162 | YC64: 0.12452219 | YD64: 0.38181401 | YE64: 0.72407467 | YF64: 1.11583 | YG64: 0.4346389 | YH64: 0.13609261 | YI64: 0.24894449 | YJ64: 0.15466148 | YK64: 0.34251357 | YL64: 0.45058381 | YM64: 0.64068533 | YN64: 0.25057293 | YO64: 0.43214251 | YP64: 5.1868783 | YQ64: 2.3230666 | YR64: 0.18639504 | YS64: 0.027841164 | YT64: 0.74803001 | YU64: 1.0617018 | YV64: 0.39255777 | YW64: 0.29060459 | YX64: 0.68320327 | YY64: 0.040067093 | YZ64: 0.97461009 | ZA64: 0.13238628 | ZB64: 0.30458622 | ZC64: 0.31133008 | ZD64: 0.1914809 | ZE64: 0.2212632 | ZF64: 0.48429138 | ZG64: 0.54634438 | ZH64: 5.7680144 | ZI64: 0.64205281 | ZJ64: 0.20910746 | ZK64: 0.086483505 | ZL64: 0.51936167 | ZM64: 0.3490941 | ZN64: 0.24397906 | ZO64: 0.29626914 | ZP64: 0.43291403 | ZQ64: 2.4841042 | ZR64: 5.1763245 | ZS64: 0.099133337 | ZT64: 0.40947822 | ZU64: 0.18094274 | ZV64: 0.02448018 | ZW64: 0.15680958 | ZX64: 0.64961931 | ZY64: 0.87068115 | ZZ64: 1.1576191 | AAA64: 0.061439369 | AAB64: 0.090834845 | AAC64: 0.48753699 | AAD64: 0.03767424 | AAE64: 2.471107 | AAF64: 0 | AAG64: 0.17643081 | AAH64: 0.27928882 | AAI64: 0.11732327 | AAJ64: 0.82923129 | AAK64: 1.7741 | AAL64: 0.12880149 | AAM64: 0.4021004 | AAN64: 0.30585305 | AAO64: 0.53912701 | AAP64: 0.074978619 | AAQ64: 1.3642835 | AAR64: 0.064465726 | AAS64: 1.0865997 | AAT64: 1.527447 | AAU64: 1.7214964 | AAV64: 0.081069458 | AAW64: 0.066154896 | AAX64: 0.30668414 | AAY64: 4.7296125 | AAZ64: 0.16443559 | ABA64: 5.8382124 | ABB64: 0.2750914 | ABC64: 0.42964909 | ABD64: 0.22308816 | ABE64: 0.098741574 | ABF64: 0.64330197 | ABG64: 0.081874468 | ABH64: 0.2775206 | ABI64: 0.4814041 | ABJ64: 0.41930956 | ABK64: 1.6954994 | ABL64: 0.55000649 | ABM64: 0.086064696 | ABN64: 2.0249391 | ABO64: 1.0178712 | ABP64: 0.46664503 | ABQ64: 8.5460986 | ABR64: 2.9068912 | ABS64: 0.14038541 | ABT64: 0.057798953 | ABU64: 1.4431453 | ABV64: 1.7823069 | ABW64: 0.10500211 | ABX64: 0.16842857 | ABY64: 0.39801566 | ABZ64: 0.30367926 | ACA64: 0.74195174 | ACB64: 1.7973071 | ACC64: 2.2242509 | ACD64: 0.075820976 | ACE64: 1.526871 | ACF64: 4.1472304 | ACG64: 1.0138318 | ACH64: 0.076300501 | ACI64: 0.087562922 | ACJ64: 0.070993968 | ACK64: 0.25348182 | ACL64: 0.21685657 | ACM64: 0.33198649 | ACN64: 1.6481601 | ACO64: 0.18255852 | ACP64: 0.11681835 | ACQ64: 0.21679716 | ACR64: 0.53631453 | ACS64: 0.40433482 | ACT64: 0.38310895 | ACU64: 0.092437252 | ACV64: 0.95333411 | ACW64: 0.11911046 | ACX64: 1.4091154 | ACY64: 1.3962345 | ACZ64: 0.28002195 | ADA64: 0.28608658 | ADB64: 0.046262796 | ADC64: 0.11489655 | ADD64: 0.2322079 | ADE64: 0.42616362 | ADF64: 0.92025436 | ADG64: 0.63005696 | ADH64: 0.52836446 | ADI64: 0.072855059 | ADJ64: 0.08921165 | ADK64: 0.14785839 | ADL64: 0.059189691 | ADM64: 0.19283301 | ADN64: 0.36056238 | ADO64: 0.52249524 | ADP64: 1.9597638 | ADQ64: 1.9341647 | ADR64: 0.38681973 | ADS64: 0.036669077 | ADT64: 2.2015052 | ADU64: 0.98987051 | ADV64: 0.54456563 | ADW64: 1.1486724 | ADX64: 0.12565814 | ADY64: 0.028483015 | ADZ64: 0.081900028 | AEA64: 0.056076872 | AEB64: 0.029031114 | AEC64: 2.2120951 | AED64: 0.63631256 | AEE64: 0.10631892 | AEF64: 1.4889062 | AEG64: 0.068138629 | AEH64: 1.7431035 | AEI64: 0.047808838 | AEJ64: 0.30230534 | AEK64: 0.73477853 | AEL64: 1.4855932 | AEM64: 0.027038218 | AEN64: 0.21156146 | AEO64: 0.66238847 | AEP64: 2.4012107 | AEQ64: 0.024906332 | AER64: 0.17333673 | AES64: 0.098935815 | AET64: 0.13262305 | AEU64: 0.86649691 | AEV64: 0.55453904 | AEW64: 1.7036744 | AEX64: 0.042822771 | AEY64: 0.023579452 | AEZ64: 2.4244146 | AFA64: 0.084666658 | AFB64: 1.652959 | AFC64: 0.064251998 | AFD64: 0.35331186 | AFE64: 0.35205426 | AFF64: 0.60694306 | AFG64: 0.38826258 | AFH64: 0.20542018 | AFI64: 3.13829 | AFJ64: 1.3703859 | AFK64: 0.13369184 | AFL64: 1.9586771 | AFM64: 0.69383367 | AFN64: 0.15194048 | AFO64: 0.20057158 | AFP64: 0.24022446 | AFQ64: 0.16765835 | AFR64: 0.22895769 | AFS64: 1.5997285 | AFT64: 1.56497 | AFU64: 0.038581886 | AFV64: 0.045729761 | AFW64: 0.70668112 | AFX64: 0.43318577 | AFY64: 0.034631496 | AFZ64: 0.16362005 | AGA64: 0.45063982 | AGB64: 0.22114655 | AGC64: 0.10467742 | AGD64: 1.5860235 | AGE64: 0.59418758 | AGF64: 0.23260347 | AGG64: 2.1456982 | AGH64: 0.039954502 | AGI64: 0.085296979 | AGJ64: 0.17621108 | AGK64: 0.16735635 | AGL64: 1.6143471 | AGM64: 0.33751445 | AGN64: 0.55016047 | AGO64: 1.2597844 | AGP64: 0.65703849 | AGQ64: 0.62062402 | AGR64: 0.89205761 | AGS64: 0.30477727 | AGT64: 0.024838636 | AGU64: 0.2211466 | AGV64: 0.25728963 | AGW64: 0.22408492 | AGX64: 0.80340821 | AGY64: 0.58830275 | AGZ64: 1.1187116 | AHA64: 0.071181001 | AHB64: 0.7040387 | AHC64: 1.0128596 | AHD64: 0.065184709 | AHE64: 0.18896406 | AHF64: 0.73191042 | AHG64: 1.5006278 | AHH64: 0.066553916 | AHI64: 0.06355821 | AHJ64: 0.53424318 | AHK64: 0.43097063 | AHL64: 0.71863875 | AHM64: 0.2029708 | AHN64: 0.067785289 | AHO64: 0.31594149 | AHP64: 0.29252101 | AHQ64: 0.73350946 | AHR64: 0.88127845 | AHS64: 0.18048747 | AHT64: 0.31565764 | AHU64: 0.056175148 | AHV64: 0.62631325 | AHW64: 0.18439324 | AHX64: 0.07114594 | AHY64: 0.090528475 | AHZ64: 0.57778704 | AIA64: 0.043273973 | AIB64: 0.13310884 | AIC64: 0.11538784 | AID64: 0.21571525 | AIE64: 0.37095424 | AIF64: 0.03024721 | AIG64: 0.31042586 | AIH64: 0.17889913 | AII64: 0.26399097 | AIJ64: 0.10449014 | AIK64: 0.55619419 | AIL64: 0.058525658 | AIM64: 0.05168369 | AIN64: 0.23340748 | AIO64: 1.5328758 | AIP64: 0.023753976 | AIQ64: 1.5495076 | AIR64: 2.2361703 | AIS64: 1.7573653 | AIT64: 0.696248 | AIU64: 0.1482751 | AIV64: 0.067756041 | AIW64: 0.040592291 | AIX64: 0.1962982 | AIY64: 0.36234993 | AIZ64: 0.11718211 | AJA64: 0.21826682 | AJB64: 0.69105401 | AJC64: 0.31871619 | AJD64: 0.039844081 | AJE64: 0.35947296 | AJF64: 0.65887591 | AJG64: 1.3217601 | AJH64: 0.46167988 | AJI64: 0.069303633 | AJJ64: 0.26069601 | AJK64: 1.7875318 | AJL64: 0.43076087 | AJM64: 0.94337966 | AJN64: 2.2966902 | AJO64: 2.8007885 | AJP64: 0.50800009 | AJQ64: 0.18329155 | AJR64: 0.011698786 | AJS64: 0.081669453 | AJT64: 0.034294373 | AJU64: 0.097310179 | AJV64: 0.086262311 | AJW64: 0.14714521 | AJX64: 0.045638732 | AJY64: 0.059243014 | AJZ64: 0.04861794 | AKA64: 0.10373133 | AKB64: 0.26822796 | AKC64: 0.58909916 | AKD64: 0.18447976 | AKE64: 0.80782385 | AKF64: 0.093030111 | AKG64: 0.32817347 | AKH64: 0.099391932 | AKI64: 0.084840375 | AKJ64: 0.31413896 | AKK64: 0.033407876 | AKL64: 0.074341193 | AKM64: 0.96245783 | AKN64: 0.11250369 | AKO64: 0.19878746 | AKP64: 0.52854119 | AKQ64: 0.18469184 | AKR64: 0.045974947 | AKS64: 0.050558648 | AKT64: 0.098783923 | AKU64: 0.075515117 | AKV64: 0.17839666 | AKW64: 0.051468924 | AKX64: 0.1690288 | AKY64: 0.098997856 | AKZ64: 0.010508808 | ALA64: 0.094211097 | ALB64: 0.40814175 | ALC64: 0.012497206 | ALD64: 31.093667 | ALE64: 11.352958 | ALF64: 0.2163874 | ALG64: 0.92959224 | ALH64: 0.39756864 | ALI64: 0.022883176 | ALJ64: 0.61967785 | ALK64: 0.21017746 | ALL64: 0.03391096 | ALM64: 0.25157222 | ALN64: 3.0759995 | ALO64: 0.80092824 | ALP64: 0.01772808 | ALQ64: 0.041741735 | ALR64: 0.019445785 | ALS64: 0.0075566941 | ALT64: 0.11305456 | ALU64: 0.012697243 | ALV64: 0.18122769 | ALW64: 0.017301387 | ALX64: 0.20931405 | ALY64: 0.0082739164 | ALZ64: 0.13882817 | AMA64: 0.088891386 | AMB64: 0.065782696 | AMC64: 0.23254486 | AMD64: 0.1980172 | AME64: 0.033761171 | AMF64: 0.19833232 | AMG64: 0.11064614 | AMH64: 0.086672277 | AMI64: 0.089034086 | AMJ64: 0.012779003 | AMK64: 0.033906453 | AML64: 1.2104153 | AMM64: 0.074548934 | AMN64: 1.2662193 | AMO64: 0.20455852 | AMP64: 0.15085312 | AMQ64: 0.027964163 | AMR64: 0.06619292 | AMS64: 0.24372621 | AMT64: 0.4899613 | AMU64: 0.38242295 | AMV64: 0.23172982 | AMW64: 0.0084182143 | AMX64: 0.009777468 | AMY64: 0.0563683 | AMZ64: 0.80506591 | ANA64: 1.1095355 | ANB64: 0.22832004 | ANC64: 0.58706622 | AND64: 2.8470106 | ANE64: 0.036306058 | ANF64: 1.2329252 | ANG64: 0.27664906 | ANH64: 0.16356257 | ANI64: 0.064696231 | ANJ64: 0.022806146 | ANK64: 1.9855859 | ANL64: 1.2596831 | ANM64: 0.11575758 | ANN64: 0.95005728 | ANO64: 2.0561479 | ANP64: 0.44795049 | ANQ64: 0.36105002 | ANR64: 0.50891186 | ANS64: 0.10448959 | ANT64: 0.57384246 | ANU64: 1.6651759 | ANV64: 0.80969108 | ANW64: 0.18269842 | ANX64: 0.019137111 | ANY64: 2.0263269 | ANZ64: 0.66928405 | AOA64: 0.11310678 | AOB64: 0.026532841 | AOC64: 0.098529358 | AOD64: 0.095811685 | AOE64: 0.14781092 | AOF64: 0.099353564 | AOG64: 0.11151064 | AOH64: 0.83855746 | AOI64: 0.81087708 | AOJ64: 1.8969656 | AOK64: 0.015322654 | AOL64: 0.017058697 | AOM64: 0.47382181 | AON64: 0.007277758 | AOO64: 0.34971655 | AOP64: 0.056884063 | AOQ64: 0.280733 | AOR64: 0.043681581 | AOS64: 0.20324729 | AOT64: 0.076599107 | AOU64: 0.12343048 | AOV64: 0.18986127 | AOW64: 0.3739906 | AOX64: 3.3180824 | AOY64: 19.850291 | AOZ64: 0.2509115 | APA64: 6.6449925 | APB64: 0.21746294 | APC64: 1.0716928 | APD64: 1.0383876 | APE64: 3.1171885 | APF64: 3.2748028 | APG64: 0.045992726 | APH64: 9.8474283 | API64: 0.24658766 | APJ64: 0.20788026 | APK64: 1.4708806 | APL64: 0.033770473 | APM64: 0.091765826 | APN64: 0.10428631 | APO64: 22.800357 | APP64: 0.54657253 | APQ64: 0.045148458 | APR64: 1.4424077 | APS64: 0.39673809 | APT64: 0.061458592 | APU64: 0.014263581 | APV64: 2.7990937 | APW64: 2.4089083 | APX64: 9.8015002 | APY64: 0.11410843 | APZ64: 1.996509 | AQA64: 1.2692089 | AQB64: 2.872628 | AQC64: 1.0303579 | AQD64: 0.14018515 | AQE64: 18.419152 | AQF64: 0.4973497 | AQG64: 0.4256048 | AQH64: 0.13468965 | AQI64: 0.12052749 | AQJ64: 7.5489213 | AQK64: 0.0085334337 | AQL64: 2.0277472 | AQM64: 43.302299 | AQN64: 2.7086658 | AQO64: 0.50449946 | AQP64: 8.3742319 | AQQ64: 8.587579 | AQR64: 0.49449776 | AQS64: 0.41249526 | AQT64: 5.4588637 | AQU64: 14.507245 | AQV64: 0.66282764 | AQW64: 0.15625947 | AQX64: 0.030274202 | AQY64: 0.030122196 | AQZ64: 0.86770171 | ARA64: 1.137326 | ARB64: 9.2091945 | ARC64: 0.082504511 | ARD64: 2.1370523 | ARE64: 16.282972 | ARF64: 8.3578062 | ARG64: 15.422646 | ARH64: 1.687003 | ARI64: 0.57998658 | ARJ64: 0.89003594 | ARK64: 1.6415506 | ARL64: 0.38840549 | ARM64: 0.16273738 | ARN64: 8.6038588 | ARO64: 28.304281 | ARP64: 0.16851398 | ARQ64: 0.41699485 | ARR64: 1.0834563 | ARS64: 0.29010231 | ART64: 718.40997 | ARU64: 1.482696 | ARV64: 0.3707932 | ARW64: 572.18395 | ARX64: 0.28819024 | ARY64: 472.32047 | ARZ64: 0.96260194 | ASA64: 136.24704 | ASB64: 0.25119474 | ASC64: 0.63187266 | ASD64: 0.44424731 | ASE64: 0.12891243 | ASF64: 0.055307906 | ASG64: 0.055473875 | ASH64: 0.049601312 | ASI64: 0.38522752 | ASJ64: 1.5469702 | ASK64: 0.55631211 | ASL64: 1.8215859 | ASM64: 0.12985637 | ASN64: 0.082842511 | ASO64: 0.11250526 | ASP64: 0.035424449 | ASQ64: 0.12717156 | ASR64: 0.058192876 | ASS64: 0.91778602 | AST64: 0.51987666 | ASU64: 0.028991571 | ASV64: 0.56234735 | ASW64: 0.85449719 | ASX64: 0.37314534 | ASY64: 0.043083536 | ASZ64: 4.7092522 | ATA64: 0.36157642 | ATB64: 0.088102746 | ATC64: 202.46536 | ATD64: 0.0119363 | ATE64: 0.050795627 | ATG64: 3850.174

Sheet rt_comb
A1: rt | B1: rt to | C1: name
A2: 8.96 | B2: 8.97 | C2: =IFERROR(VLOOKUP(B2,compounds!$A:$B,2,FALSE),"") -> bpinene
A3: 8.98 | B3: 8.97 | C3: =IFERROR(VLOOKUP(B3,compounds!$A:$B,2,FALSE),"") -> bpinene
A4: 10.78 | B4: 10.79 | C4: =IFERROR(VLOOKUP(B4,compounds!$A:$B,2,FALSE),"") -> bocimene
A5: 10.8 | B5: 10.79 | C5: =IFERROR(VLOOKUP(B5,compounds!$A:$B,2,FALSE),"") -> bocimene
A6: 10.81 | B6: =IFERROR(VLOOKUP(A6,B2:B5,1,TRUE),"") -> 10.79 | C6: =IFERROR(VLOOKUP(B6,compounds!$A:$B,2,FALSE),"") -> bocimene
A7: 10.82 | B7: =IFERROR(VLOOKUP(A7,B3:B6,1,TRUE),"") -> 10.79 | C7: =IFERROR(VLOOKUP(B7,compounds!$A:$B,2,FALSE),"") -> bocimene
A8: 12.4 | B8: 12.39 | C8: =IFERROR(VLOOKUP(B8,compounds!$A:$B,2,FALSE),"") -> o+C5xe
A9: 12.41 | B9: =IFERROR(VLOOKUP(A9,B5:B8,1,TRUE),"") -> 12.39 | C9: =IFERROR(VLOOKUP(B9,compounds!$A:$B,2,FALSE),"") -> o+C5xe
A10: 12.53 | B10: 12.54 | C10: =IFERROR(VLOOKUP(B10,compounds!$A:$B,2,FALSE),"") -> nonanal
A11: 12.56 | B11: =IFERROR(VLOOKUP(A11,B7:B10,1,TRUE),"") -> 12.54 | C11: =IFERROR(VLOOKUP(B11,compounds!$A:$B,2,FALSE),"") -> nonanal
A12: 12.55 | B12: =IFERROR(VLOOKUP(A12,B8:B11,1,TRUE),"") -> 12.54 | C12: =IFERROR(VLOOKUP(B12,compounds!$A:$B,2,FALSE),"") -> nonanal
A13: 12.57 | B13: =IFERROR(VLOOKUP(A13,B9:B12,1,TRUE),"") -> 12.54 | C13: =IFERROR(VLOOKUP(B13,compounds!$A:$B,2,FALSE),"") -> nonanal
A14: 14.26 | B14: 14.25 | C14: =IFERROR(VLOOKUP(B14,compounds!$A:$B,2,FALSE),"") -> p-trimethyl
A15: 15.07 | B15: 15.08 | C15: =IFERROR(VLOOKUP(B15,compounds!$A:$B,2,FALSE),"") -> a-terpinol
A16: 15.09 | B16: =IFERROR(VLOOKUP(A16,B12:B15,1,TRUE),"") -> 15.08 | C16: =IFERROR(VLOOKUP(B16,compounds!$A:$B,2,FALSE),"") -> a-terpinol
A17: 15.06 | B17: 15.08 | C17: =IFERROR(VLOOKUP(B17,compounds!$A:$B,2,FALSE),"") -> a-terpinol
A18: 15.1 | B18: =IFERROR(VLOOKUP(A18,B14:B17,1,TRUE),"") -> 15.08 | C18: =IFERROR(VLOOKUP(B18,compounds!$A:$B,2,FALSE),"") -> a-terpinol
A19: 15.55 | B19: 15.56 | C19: =IFERROR(VLOOKUP(B19,compounds!$A:$B,2,FALSE),"") -> decanal
A20: 15.57 | B20: =IFERROR(VLOOKUP(A20,B16:B19,1,TRUE),"") -> 15.56 | C20: =IFERROR(VLOOKUP(B20,compounds!$A:$B,2,FALSE),"") -> decanal
A21: 15.58 | B21: =IFERROR(VLOOKUP(A21,B17:B20,1,TRUE),"") -> 15.56 | C21: =IFERROR(VLOOKUP(B21,compounds!$A:$B,2,FALSE),"") -> decanal
A22: 15.59 | B22: =IFERROR(VLOOKUP(A22,B18:B21,1,TRUE),"") -> 15.56 | C22: =IFERROR(VLOOKUP(B22,compounds!$A:$B,2,FALSE),"") -> decanal
A23: 20.84 | B23: 20.85 | C23: =IFERROR(VLOOKUP(B23,compounds!$A:$B,2,FALSE),"") -> nanodecane
A24: 20.86 | B24: =IFERROR(VLOOKUP(A24,B21:B23,1,TRUE),"") -> 20.85 | C24: =IFERROR(VLOOKUP(B24,compounds!$A:$B,2,FALSE),"") -> nanodecane
A25: 22.17 | B25: 22.18 | C25: =IFERROR(VLOOKUP(B25,compounds!$A:$B,2,FALSE),"") -> humulene
A26: 22.16 | B26: 22.18 | C26: =IFERROR(VLOOKUP(B26,compounds!$A:$B,2,FALSE),"") -> humulene
A27: 22.19 | B27: =IFERROR(VLOOKUP(A27,B24:B26,1,TRUE),"") -> 22.18 | C27: =IFERROR(VLOOKUP(B27,compounds!$A:$B,2,FALSE),"") -> humulene
A28: 22.2 | B28: =IFERROR(VLOOKUP(A28,B25:B27,1,TRUE),"") -> 22.18 | C28: =IFERROR(VLOOKUP(B28,compounds!$A:$B,2,FALSE),"") -> humulene
A29: 20.04 | B29: 20.05 | C29: =IFERROR(VLOOKUP(B29,compounds!$A:$B,2,FALSE),"") -> tridecane
A30: 20.06 | B30: 20.05 | C30: =IFERROR(VLOOKUP(B30,compounds!$A:$B,2,FALSE),"") -> tridecane
A31: 9.39 | B31: 9.38 | C31: =IFERROR(VLOOKUP(B31,compounds!$A:$B,2,FALSE),"") -> octanal
A32: 9.37 | B32: 9.38 | C32: =IFERROR(VLOOKUP(B32,compounds!$A:$B,2,FALSE),"") -> octanal
A33: 9.36 | B33: 9.38 | C33: =IFERROR(VLOOKUP(B33,compounds!$A:$B,2,FALSE),"") -> octanal
A34: 9.4 | B34: =IFERROR(VLOOKUP(A34,B31:B33,1,TRUE),"") -> 9.38 | C34: =IFERROR(VLOOKUP(B34,compounds!$A:$B,2,FALSE),"") -> octanal
A35: 9.53 | B35: 9.54 | C35: =IFERROR(VLOOKUP(B35,compounds!$A:$B,2,FALSE),"") -> z3hex
A36: 9.55 | B36: =IFERROR(VLOOKUP(A36,B33:B35,1,TRUE),"") -> 9.54 | C36: =IFERROR(VLOOKUP(B36,compounds!$A:$B,2,FALSE),"") -> z3hex | D36: =_xlfn.FORMULATEXT(B36) -> =IFERROR(VLOOKUP(A36,B33:B35,1,TRUE),"")
A37: 9.56 | B37: =IFERROR(VLOOKUP(A37,B34:B36,1,TRUE),"") -> 9.54 | C37: =IFERROR(VLOOKUP(B37,compounds!$A:$B,2,FALSE),"") -> z3hex | D37: =_xlfn.FORMULATEXT(B37) -> =IFERROR(VLOOKUP(A37,B34:B36,1,TRUE),"")
A38: 9.52 | B38: 9.54 | C38: =IFERROR(VLOOKUP(B38,compounds!$A:$B,2,FALSE),"") -> z3hex | D38: =_xlfn.FORMULATEXT(B38) -> #N/A
A39: 9.51 | B39: 9.54 | C39: =IFERROR(VLOOKUP(B39,compounds!$A:$B,2,FALSE),"") -> z3hex | D39: =_xlfn.FORMULATEXT(B39) -> #N/A
A40: 9.57 | B40: {=INDEX($B$2:$B39, MATCH(MIN(ABS($B$2:B39-A40)), ABS($B$2:B39-A40),0))} -> 9.54 | C40: =IFERROR(VLOOKUP(B40,compounds!$A:$B,2,FALSE),"") -> z3hex | D40: =_xlfn.FORMULATEXT(B40) -> =INDEX($B$2:$B39, MATCH(MIN(ABS($B$2:B39-A40)), ABS($B$2:B39-A40),0))
A41: 8.99 | B41: {=IF(A41="","",INDEX($B$2:$B40, MATCH(MIN(ABS($B$2:B40-A41)), ABS($B$2:B40-A41),0)))} -> 8.97 | C41: =IFERROR(VLOOKUP(B41,compounds!$A:$B,2,FALSE),"") -> bpinene | D41: =_xlfn.FORMULATEXT(B41) -> =IF(A41="","",INDEX($B$2:$B40, MATCH(MIN(ABS($B$2:B40-A41)), ABS($B$2:B40-A41),0)))
A42: 18.51 | B42: 18.52 | C42: standard
A43: 18.53 | B43: {=IF(A43="","",INDEX($B$2:$B42, MATCH(MIN(ABS($B$2:B42-A43)), ABS($B$2:B42-A43),0)))} -> 18.52 | C43: standard
A44: 9.79 | B44: 9.81 | C44: =IFERROR(VLOOKUP(B44,compounds!$A:$B,2,FALSE),"") -> sixmethyl
A45: 9.8 | B45: {=IF(A45="","",INDEX($B$2:$B44, MATCH(MIN(ABS($B$2:B44-A45)), ABS($B$2:B44-A45),0)))} -> 9.81 | C45: =IFERROR(VLOOKUP(B45,compounds!$A:$B,2,FALSE),"") -> sixmethyl
A46: 9.82 | B46: {=IF(A46="","",INDEX($B$2:$B45, MATCH(MIN(ABS($B$2:B45-A46)), ABS($B$2:B45-A46),0)))} -> 9.81 | C46: =IFERROR(VLOOKUP(B46,compounds!$A:$B,2,FALSE),"") -> sixmethyl
A47: 9.83 | B47: {=IF(A47="","",INDEX($B$2:$B46, MATCH(MIN(ABS($B$2:B46-A47)), ABS($B$2:B46-A47),0)))} -> 9.81 | C47: =IFERROR(VLOOKUP(B47,compounds!$A:$B,2,FALSE),"") -> sixmethyl
B48: {=IF(A48="","",INDEX($B$2:$B47, MATCH(MIN(ABS($B$2:B47-A48)), ABS($B$2:B47-A48),0)))} | C48: =IFERROR(VLOOKUP(B48,compounds!$A:$B,2,FALSE),"")
B49: {=IF(A49="","",INDEX($B$2:$B48, MATCH(MIN(ABS($B$2:B48-A49)), ABS($B$2:B48-A49),0)))} | C49: =IFERROR(VLOOKUP(B49,compounds!$A:$B,2,FALSE),"")
B50: {=IF(A50="","",INDEX($B$2:$B49, MATCH(MIN(ABS($B$2:B49-A50)), ABS($B$2:B49-A50),0)))} | C50: =IFERROR(VLOOKUP(B50,compounds!$A:$B,2,FALSE),"")
B51: {=IF(A51="","",INDEX($B$2:$B50, MATCH(MIN(ABS($B$2:B50-A51)), ABS($B$2:B50-A51),0)))}

Sheet compounds
A1: rt | B1: name
A2: 8.97 | B2: bpinene
A3: 10.79 | B3: bocimene
A4: 12.39 | B4: o+C5xe
A5: 12.54 | B5: nonanal
A6: 12.91 | B6: cyclohexene
A7: 14.25 | B7: p-trimethyl
A8: 15.08 | B8: a-terpinol
A9: 15.56 | B9: decanal
A10: 15.77 | B10: caprylyl acetate
A11: 20.85 | B11: nanodecane
A12: 22.18 | B12: humulene
A13: 23.32 | B13: pentadecane
... A15: 34.21 | B15: manoyl oxide
A16: 20.05 | B16: tridecane | C16: check
A17: 9.38 | B17: octanal | C17: check
A18: 9.54 | B18: z3hex | C18: check
A19: 18.52 | B19: standard
A20: 9.81 | B20: sixmethyl

Sheet Peak Combiner
C1: # of peaks | D1: Difference | F1: find peak
A2: Threshold | C2: 10 | D2: 0.01 | F2: 34.21 | G2: =VLOOKUP(F2,$A$5:$D$1250,4,FALSE) -> 34.21
A4: RT_round | B4: # of peaks | C4: combine? | D4: RT_comb
A5: 4.15 | B5: =COUNTIF('RAW2'!$D:$D,'Peak Combiner'!A5) -> 2 | C5: x | D5: =A5 -> 4.15
A6: 4.16 | B6: =COUNTIF('RAW2'!$D:$D,'Peak Combiner'!A6) -> 3 | C6: {=IFERROR(_xlfn.IFS(B6>=$C$2,"x",AND(A6-A5<=$D$2,B5>=$C$2),"x",AND(A7-A6<=$D$2,B7>=$C$2),"x"),"")} -> x | D6: {=IFERROR(_xlfn.IFS(AND(C5="x",A6-A5=$D$2),D5,AND(C6="x",C5="x"),D5),A6)} -> 4.15
A7: 4.17 | B7: =COUNTIF('RAW2'!$D:$D,'Peak Combiner'!A7) -> 18 | C7: {=IFERROR(_xlfn.IFS(B7>=$C$2,"x",AND(A7-A6<=$D$2,B6>=$C$2),"x",AND(A8-A7<=$D$2,B8>=$C$2),"x"),"")} -> x | D7: {=IFERROR(_xlfn.IFS(AND(C6="x",A7-A6=$D$2),D6,AND(C7="x",C6="x"),D6),A7)} -> 4.15
A8: 4.18 | B8: =COUNTIF('RAW2'!$D:$D,'Peak Combiner'!A8) -> 27 | C8: {=IFERROR(_xlfn.IFS(B8>=$C$2,"x",AND(A8-A7<=$D$2,B7>=$C$2),"x",AND(A9-A8<=$D$2,B9>=$C$2),"x"),"")} -> x | D8: {=IFERROR(_xlfn.IFS(AND(C7="x",A8-A7=$D$2),D7,AND(C8="x",C7="x"),D7),A8)} -> 4.15
A9: 4.19 | B9: =COUNTIF('RAW2'!$D:$D,'Peak Combiner'!A9) -> 9 | C9: {=IFERROR(_xlfn.IFS(B9>=$C$2,"x",AND(A9-A8<=$D$2,B8>=$C$2),"x",AND(A10-A9<=$D$2,B10>=$C$2),"x"),"")} | D9: {=IFERROR(_xlfn.IFS(AND(C8="x",A9-A8=$D$2),D8,AND(C9="x",C8="x"),D8),A9)} -> 4.19
A10: 4.33 | B10: =COUNTIF('RAW2'!$D:$D,'Peak Combiner'!A10) -> 4 | C10: {=IFERROR(_xlfn.IFS(B10>=$C$2,"x",AND(A10-A9<=$D$2,B9>=$C$2),"x",AND(A11-A10<=$D$2,B11>=$C$2),"x"),"")} | D10: {=IFERROR(_xlfn.IFS(AND(C9="x",A10-A9=$D$2),D9,AND(C10="x",C9="x"),D9),A10)} -> 4.33
A11: 4.43 | B11: =COUNTIF('RAW2'!$D:$D,'Peak Combiner'!A11) -> 3 | C11: {=IFERROR(_xlfn.IFS(B11>=$C$2,"x",AND(A11-A10<=$D$2,B10>=$C$2),"x",AND(A12-A11<=$D$2,B12>=$C$2),"x"),"")} | D11: {=IFERROR(_xlfn.IFS(AND(C10="x",A11-A10=$D$2),D10,AND(C11="x",C10="x"),D10),A11)} -> 4.43
A12: 4.44 | B12: =COUNTIF('RAW2'!$D:$D,'Peak Combiner'!A12) -> 7 | C12: {=IFERROR(_xlfn.IFS(B12>=$C$2,"x",AND(A12-A11<=$D$2,B11>=$C$2),"x",AND(A13-A12<=$D$2,B13>=$C$2),"x"),"")} | D12: {=IFERROR(_xlfn.IFS(AND(C11="x",A12-A11=$D$2),D11,AND(C12="x",C11="x"),D11),A12)} -> 4.44
A13: 4.45 | B13: =COUNTIF('RAW2'!$D:$D,'Peak Combiner'!A13) -> 8 | C13: {=IFERROR(_xlfn.IFS(B13>=$C$2,"x",AND(A13-A12<=$D$2,B12>=$C$2),"x",AND(A14-A13<=$D$2,B14>=$C$2),"x"),"")} | D13: {=IFERROR(_xlfn.IFS(AND(C12="x",A13-A12=$D$2),D12,AND(C13="x",C12="x"),D12),A13)} -> 4.45
A14: 4.47 | B14: =COUNTIF('RAW2'!$D:$D,'Peak Combiner'!A14) -> 2 | C14: {=IFERROR(_xlfn.IFS(B14>=$C$2,"x",AND(A14-A13<=$D$2,B13>=$C$2),"x",AND(A15-A14<=$D$2,B15>=$C$2),"x"),"")} | D14: {=IFERROR(_xlfn.IFS(AND(C13="x",A14-A13=$D$2),D13,AND(C14="x",C13="x"),D13),A14)} -> 4.47
A15: 4.6 | B15: =COUNTIF('RAW2'!$D:$D,'Peak Combiner'!A15) -> 2 | C15: {=IFERROR(_xlfn.IFS(B15>=$C$2,"x",AND(A15-A14<=$D$2,B14>=$C$2),"x",AND(A16-A15<=$D$2,B16>=$C$2),"x"),"")} | D15: {=IFERROR(_xlfn.IFS(AND(C14="x",A15-A14=$D$2),D14,AND(C15="x",C14="x"),D14),A15)} -> 4.6
A16: 4.64 | B16: =COUNTIF('RAW2'!$D:$D,'Peak Combiner'!A16) -> 1 | C16: {=IFERROR(_xlfn.IFS(B16>=$C$2,"x",AND(A16-A15<=$D$2,B15>=$C$2),"x",AND(A17-A16<=$D$2,B17>=$C$2),"x"),"")} | D16: {=IFERROR(_xlfn.IFS(AND(C15="x",A16-A15=$D$2),D15,AND(C16="x",C15="x"),D15),A16)} -> 4.64
A17: 4.65 | B17: =COUNTIF('RAW2'!$D:$D,'Peak Combiner'!A17) -> 1 | C17: {=IFERROR(_xlfn.IFS(B17>=$C$2,"x",AND(A17-A16<=$D$2,B16>=$C$2),"x",AND(A18-A17<=$D$2,B18>=$C$2),"x"),"")} | D17: {=IFERROR(_xlfn.IFS(AND(C16="x",A17-A16=$D$2),D16,AND(C17="x",C16="x"),D16),A17)} -> 4.65
... A204: 10 | B204: =COUNTIF('RAW2'!$D:$D,'Peak Combiner'!A204) -> 10 | C204: {=IFERROR(_xlfn.IFS(B204>=$C$2,"x",AND(A204-A203<=$D$2,B203>=$C$2),"x",AND(A205-A204<=$D$2,B205>=$C$2),"x"),"")} -> x | D204: {=IFERROR(_xlfn.IFS(AND(C203="x",A204-A203=$D$2),D203,AND(C204="x",C203="x"),D203),A204)} -> 9.99
A205: 10.09 | B205: =COUNTIF('RAW2'!$D:$D,'Peak Combiner'!A205) -> 16 | C205: {=IFERROR(_xlfn.IFS(B205>=$C$2,"x",AND(A205-A204<=$D$2,B204>=$C$2),"x",AND(A206-A205<=$D$2,B206>=$C$2),"x"),"")} -> x | D205: 10.1
A206: 10.1 | B206: =COUNTIF('RAW2'!$D:$D,'Peak Combiner'!A206) -> 8 | C206: {=IFERROR(_xlfn.IFS(B206>=$C$2,"x",AND(A206-A205<=$D$2,B205>=$C$2),"x",AND(A207-A206<=$D$2,B207>=$C$2),"x"),"")} -> x | D206: {=IFERROR(_xlfn.IFS(AND(C205="x",A206-A205=$D$2),D205,AND(C206="x",C205="x"),D205),A206)} -> 10.1
A207: 10.16 | B207: =COUNTIF('RAW2'!$D:$D,'Peak Combiner'!A207) -> 1 | C207: {=IFERROR(_xlfn.IFS(B207>=$C$2,"x",AND(A207-A206<=$D$2,B206>=$C$2),"x",AND(A208-A207<=$D$2,B208>=$C$2),"x"),"")} | D207: {=IFERROR(_xlfn.IFS(AND(C206="x",A207-A206=$D$2),D206,AND(C207="x",C206="x"),D206),A207)} -> 10.16
A208: 10.17 | B208: =COUNTIF('RAW2'!$D:$D,'Peak Combiner'!A208) -> 2 | C208: {=IFERROR(_xlfn.IFS(B208>=$C$2,"x",AND(A208-A207<=$D$2,B207>=$C$2),"x",AND(A209-A208<=$D$2,B209>=$C$2),"x"),"")} | D208: {=IFERROR(_xlfn.IFS(AND(C207="x",A208-A207=$D$2),D207,AND(C208="x",C207="x"),D207),A208)} -> 10.17
A209: 10.18 | B209: =COUNTIF('RAW2'!$D:$D,'Peak Combiner'!A209) -> 2 | C209: {=IFERROR(_xlfn.IFS(B209>=$C$2,"x",AND(A209-A208<=$D$2,B208>=$C$2),"x",AND(A210-A209<=$D$2,B210>=$C$2),"x"),"")} -> x | D209: {=IFERROR(_xlfn.IFS(AND(C208="x",A209-A208=$D$2),D208,AND(C209="x",C208="x"),D208),A209)} -> 10.18
A210: 10.19 | B210: =COUNTIF('RAW2'!$D:$D,'Peak Combiner'!A210) -> 12 | C210: {=IFERROR(_xlfn.IFS(B210>=$C$2,"x",AND(A210-A209<=$D$2,B209>=$C$2),"x",AND(A211-A210<=$D$2,B211>=$C$2),"x"),"")} -> x | D210: {=IFERROR(_xlfn.IFS(AND(C209="x",A210-A209=$D$2),D209,AND(C210="x",C209="x"),D209),A210)} -> 10.18
A211: 10.2 | B211: =COUNTIF('RAW2'!$D:$D,'Peak Combiner'!A211) -> 20 | C211: {=IFERROR(_xlfn.IFS(B211>=$C$2,"x",AND(A211-A210<=$D$2,B210>=$C$2),"x",AND(A212-A211<=$D$2,B212>=$C$2),"x"),"")} -> x | D211: {=IFERROR(_xlfn.IFS(AND(C210="x",A211-A210=$D$2),D210,AND(C211="x",C210="x"),D210),A211)} -> 10.18
A212: 10.21 | B212: =COUNTIF('RAW2'!$D:$D,'Peak Combiner'!A212) -> 4 | C212: {=IFERROR(_xlfn.IFS(B212>=$C$2,"x",AND(A212-A211<=$D$2,B211>=$C$2),"x",AND(A213-A212<=$D$2,B213>=$C$2),"x"),"")} | D212: {=IFERROR(_xlfn.IFS(AND(C211="x",A212-A211=$D$2),D211,AND(C212="x",C211="x"),D211),A212)} -> 10.21
A213: 10.31 | B213: =COUNTIF('RAW2'!$D:$D,'Peak Combiner'!A213) -> 1 | C213: {=IFERROR(_xlfn.IFS(B213>=$C$2,"x",AND(A213-A212<=$D$2,B212>=$C$2),"x",AND(A214-A213<=$D$2,B214>=$C$2),"x"),"")} | D213: {=IFERROR(_xlfn.IFS(AND(C212="x",A213-A212=$D$2),D212,AND(C213="x",C212="x"),D212),A213)} -> 10.31
A214: 10.32 | B214: =COUNTIF('RAW2'!$D:$D,'Peak Combiner'!A214) -> 2 | C214: {=IFERROR(_xlfn.IFS(B214>=$C$2,"x",AND(A214-A213<=$D$2,B213>=$C$2),"x",AND(A215-A214<=$D$2,B215>=$C$2),"x"),"")} | D214: {=IFERROR(_xlfn.IFS(AND(C213="x",A214-A213=$D$2),D213,AND(C214="x",C213="x"),D213),A214)} -> 10.32
A215: 10.33 | B215: =COUNTIF('RAW2'!$D:$D,'Peak Combiner'!A215) -> 3 | C215: {=IFERROR(_xlfn.IFS(B215>=$C$2,"x",AND(A215-A214<=$D$2,B214>=$C$2),"x",AND(A216-A215<=$D$2,B216>=$C$2),"x"),"")} | D215: {=IFERROR(_xlfn.IFS(AND(C214="x",A215-A214=$D$2),D214,AND(C215="x",C214="x"),D214),A215)} -> 10.33
A216: 10.34 | B216: =COUNTIF('RAW2'!$D:$D,'Peak Combiner'!A216) -> 1 | C216: {=IFERROR(_xlfn.IFS(B216>=$C$2,"x",AND(A216-A215<=$D$2,B215>=$C$2),"x",AND(A217-A216<=$D$2,B217>=$C$2),"x"),"")} | D216: {=IFERROR(_xlfn.IFS(AND(C215="x",A216-A215=$D$2),D215,AND(C216="x",C215="x"),D215),A216)} -> 10.34
A217: 10.36 | B217: =COUNTIF('RAW2'!$D:$D,'Peak Combiner'!A217) -> 1 | C217: {=IFERROR(_xlfn.IFS(B217>=$C$2,"x",AND(A217-A216<=$D$2,B216>=$C$2),"x",AND(A218-A217<=$D$2,B218>=$C$2),"x"),"")} | D217: {=IFERROR(_xlfn.IFS(AND(C216="x",A217-A216=$D$2),D216,AND(C217="x",C216="x"),D216),A217)} -> 10.36
... A532: 18.52 | B532: =COUNTIF('RAW2'!$D:$D,'Peak Combiner'!A532) -> 44 | C532: {=IFERROR(_xlfn.IFS(B532>=$C$2,"x",AND(A532-A531<=$D$2,B531>=$C$2),"x",AND(A533-A532<=$D$2,B533>=$C$2),"x"),"")} -> x | D532: {=IFERROR(_xlfn.IFS(AND(C531="x",A532-A531=$D$2),D531,AND(C532="x",C531="x"),D531),A532)} -> 18.51
A533: 18.53 | B533: =COUNTIF('RAW2'!$D:$D,'Peak Combiner'!A533) -> 1 | C533: x | D533: {=IFERROR(_xlfn.IFS(AND(C532="x",A533-A532=$D$2),D532,AND(C533="x",C532="x"),D532),A533)} -> 18.51
A534: 18.6 | B534: =COUNTIF('RAW2'!$D:$D,'Peak Combiner'!A534) -> 3 | C534: {=IFERROR(_xlfn.IFS(B534>=$C$2,"x",AND(A534-A533<=$D$2,B533>=$C$2),"x",AND(A535-A534<=$D$2,B535>=$C$2),"x"),"")} | D534: {=IFERROR(_xlfn.IFS(AND(C533="x",A534-A533=$D$2),D533,AND(C534="x",C533="x"),D533),A534)} -> 18.6
A535: 18.61 | B535: =COUNTIF('RAW2'!$D:$D,'Peak Combiner'!A535) -> 1 | C535: {=IFERROR(_xlfn.IFS(B535>=$C$2,"x",AND(A535-A534<=$D$2,B534>=$C$2),"x",AND(A536-A535<=$D$2,B536>=$C$2),"x"),"")} | D535: {=IFERROR(_xlfn.IFS(AND(C534="x",A535-A534=$D$2),D534,AND(C535="x",C534="x"),D534),A535)} -> 18.61
A536: 18.66 | B536: =COUNTIF('RAW2'!$D:$D,'Peak Combiner'!A536) -> 1 | C536: {=IFERROR(_xlfn.IFS(B536>=$C$2,"x",AND(A536-A535<=$D$2,B535>=$C$2),"x",AND(A537-A536<=$D$2,B537>=$C$2),"x"),"")} | D536: {=IFERROR(_xlfn.IFS(AND(C535="x",A536-A535=$D$2),D535,AND(C536="x",C535="x"),D535),A536)} -> 18.66
A537: 18.76 | B537: =COUNTIF('RAW2'!$D:$D,'Peak Combiner'!A537) -> 7 | C537: {=IFERROR(_xlfn.IFS(B537>=$C$2,"x",AND(A537-A536<=$D$2,B536>=$C$2),"x",AND(A538-A537<=$D$2,B538>=$C$2),"x"),"")} -> x | D537: {=IFERROR(_xlfn.IFS(AND(C536="x",A537-A536=$D$2),D536,AND(C537="x",C536="x"),D536),A537)} -> 18.76
A538: 18.77 | B538: =COUNTIF('RAW2'!$D:$D,'Peak Combiner'!A538) -> 10 | C538: {=IFERROR(_xlfn.IFS(B538>=$C$2,"x",AND(A538-A537<=$D$2,B537>=$C$2),"x",AND(A539-A538<=$D$2,B539>=$C$2),"x"),"")} -> x | D538: {=IFERROR(_xlfn.IFS(AND(C537="x",A538-A537=$D$2),D537,AND(C538="x",C537="x"),D537),A538)} -> 18.76
A539: 18.78 | B539: =COUNTIF('RAW2'!$D:$D,'Peak Combiner'!A539) -> 5 | C539: {=IFERROR(_xlfn.IFS(B539>=$C$2,"x",AND(A539-A538<=$D$2,B538>=$C$2),"x",AND(A540-A539<=$D$2,B540>=$C$2),"x"),"")} | D539: {=IFERROR(_xlfn.IFS(AND(C538="x",A539-A538=$D$2),D538,AND(C539="x",C538="x"),D538),A539)} -> 18.78
A540: 18.89 | B540: =COUNTIF('RAW2'!$D:$D,'Peak Combiner'!A540) -> 6 | C540: {=IFERROR(_xlfn.IFS(B540>=$C$2,"x",AND(A540-A539<=$D$2,B539>=$C$2),"x",AND(A541-A540<=$D$2,B541>=$C$2),"x"),"")} | D540: {=IFERROR(_xlfn.IFS(AND(C539="x",A540-A539=$D$2),D539,AND(C540="x",C539="x"),D539),A540)} -> 18.89
A541: 18.9 | B541: =COUNTIF('RAW2'!$D:$D,'Peak Combiner'!A541) -> 7 | C541: {=IFERROR(_xlfn.IFS(B541>=$C$2,"x",AND(A541-A540<=$D$2,B540>=$C$2),"x",AND(A542-A541<=$D$2,B542>=$C$2),"x"),"")} | D541: {=IFERROR(_xlfn.IFS(AND(C540="x",A541-A540=$D$2),D540,AND(C541="x",C540="x"),D540),A541)} -> 18.9
A542: 18.96 | B542: =COUNTIF('RAW2'!$D:$D,'Peak Combiner'!A542) -> 6 | C542: {=IFERROR(_xlfn.IFS(B542>=$C$2,"x",AND(A542-A541<=$D$2,B541>=$C$2),"x",AND(A543-A542<=$D$2,B543>=$C$2),"x"),"")} | D542: {=IFERROR(_xlfn.IFS(AND(C541="x",A542-A541=$D$2),D541,AND(C542="x",C541="x"),D541),A542)} -> 18.96
A543: 18.97 | B543: =COUNTIF('RAW2'!$D:$D,'Peak Combiner'!A543) -> 1 | C543: {=IFERROR(_xlfn.IFS(B543>=$C$2,"x",AND(A543-A542<=$D$2,B542>=$C$2),"x",AND(A544-A543<=$D$2,B544>=$C$2),"x"),"")} | D543: {=IFERROR(_xlfn.IFS(AND(C542="x",A543-A542=$D$2),D542,AND(C543="x",C542="x"),D542),A543)} -> 18.97
A544: 19.01 | B544: =COUNTIF('RAW2'!$D:$D,'Peak Combiner'!A544) -> 1 | C544: {=IFERROR(_xlfn.IFS(B544>=$C$2,"x",AND(A544-A543<=$D$2,B543>=$C$2),"x",AND(A545-A544<=$D$2,B545>=$C$2),"x"),"")} | D544: {=IFERROR(_xlfn.IFS(AND(C543="x",A544-A543=$D$2),D543,AND(C544="x",C543="x"),D543),A544)} -> 19.01
A545: 19.02 | B545: =COUNTIF('RAW2'!$D:$D,'Peak Combiner'!A545) -> 5 | C545: {=IFERROR(_xlfn.IFS(B545>=$C$2,"x",AND(A545-A544<=$D$2,B544>=$C$2),"x",AND(A546-A545<=$D$2,B546>=$C$2),"x"),"")} | D545: {=IFERROR(_xlfn.IFS(AND(C544="x",A545-A544=$D$2),D544,AND(C545="x",C544="x"),D544),A545)} -> 19.02
... A600: 20.72 | B600: =COUNTIF('RAW2'!$D:$D,'Peak Combiner'!A600) -> 7 | C600: {=IFERROR(_xlfn.IFS(B600>=$C$2,"x",AND(A600-A599<=$D$2,B599>=$C$2),"x",AND(A601-A600<=$D$2,B601>=$C$2),"x"),"")} | D600: {=IFERROR(_xlfn.IFS(AND(C599="x",A600-A599=$D$2),D599,AND(C600="x",C599="x"),D599),A600)} -> 20.72
A601: 20.73 | B601: =COUNTIF('RAW2'!$D:$D,'Peak Combiner'!A601) -> 2 | C601: {=IFERROR(_xlfn.IFS(B601>=$C$2,"x",AND(A601-A600<=$D$2,B600>=$C$2),"x",AND(A602-A601<=$D$2,B602>=$C$2),"x"),"")} | D601: {=IFERROR(_xlfn.IFS(AND(C600="x",A601-A600=$D$2),D600,AND(C601="x",C600="x"),D600),A601)} -> 20.73 | J601: 10A-4B-VCS-Loc-22
A602: 20.84 | B602: =COUNTIF('RAW2'!$D:$D,'Peak Combiner'!A602) -> 7 | C602: {=IFERROR(_xlfn.IFS(B602>=$C$2,"x",AND(A602-A601<=$D$2,B601>=$C$2),"x",AND(A603-A602<=$D$2,B603>=$C$2),"x"),"")} | D602: {=IFERROR(_xlfn.IFS(AND(C601="x",A602-A601=$D$2),D601,AND(C602="x",C601="x"),D601),A602)} -> 20.84 | J602: 10B-11B-VCS-Loc-22
A603: 20.85 | B603: =COUNTIF('RAW2'!$D:$D,'Peak Combiner'!A603) -> 17 | C603: {=IFERROR(_xlfn.IFS(B603>=$C$2,"x",AND(A603-A602<=$D$2,B602>=$C$2),"x",AND(A604-A603<=$D$2,B604>=$C$2),"x"),"")} -> x | D603: {=IFERROR(_xlfn.IFS(AND(C602="x",A603-A602=$D$2),D602,AND(C603="x",C602="x"),D602),A603)} -> 20.85 | J603: 10C-15B-VCS-Loc-22
A604: 20.86 | B604: =COUNTIF('RAW2'!$D:$D,'Peak Combiner'!A604) -> 5 | C604: {=IFERROR(_xlfn.IFS(B604>=$C$2,"x",AND(A604-A603<=$D$2,B603>=$C$2),"x",AND(A605-A604<=$D$2,B605>=$C$2),"x"),"")} -> x | D604: {=IFERROR(_xlfn.IFS(AND(C603="x",A604-A603=$D$2),D603,AND(C604="x",C603="x"),D603),A604)} -> 20.85 | J604: 10D-23A-VCS-Loc-22
A605: 20.95 | B605: =COUNTIF('RAW2'!$D:$D,'Peak Combiner'!A605) -> 1 | C605: {=IFERROR(_xlfn.IFS(B605>=$C$2,"x",AND(A605-A604<=$D$2,B604>=$C$2),"x",AND(A606-A605<=$D$2,B606>=$C$2),"x"),"")} | D605: {=IFERROR(_xlfn.IFS(AND(C604="x",A605-A604=$D$2),D604,AND(C605="x",C604="x"),D604),A605)} -> 20.95 | J605: 10E-25B-VCS-Loc-22
A606: 20.96 | B606: =COUNTIF('RAW2'!$D:$D,'Peak Combiner'!A606) -> 10 | C606: {=IFERROR(_xlfn.IFS(B606>=$C$2,"x",AND(A606-A605<=$D$2,B605>=$C$2),"x",AND(A607-A606<=$D$2,B607>=$C$2),"x"),"")} -> x | D606: {=IFERROR(_xlfn.IFS(AND(C605="x",A606-A605=$D$2),D605,AND(C606="x",C605="x"),D605),A606)} -> 20.96 | J606: 11A-5A-VCS-Loc-22
A607: 20.98 | B607: =COUNTIF('RAW2'!$D:$D,'Peak Combiner'!A607) -> 1 | C607: {=IFERROR(_xlfn.IFS(B607>=$C$2,"x",AND(A607-A606<=$D$2,B606>=$C$2),"x",AND(A608-A607<=$D$2,B608>=$C$2),"x"),"")} | D607: {=IFERROR(_xlfn.IFS(AND(C606="x",A607-A606=$D$2),D606,AND(C607="x",C606="x"),D606),A607)} -> 20.98 | J607: 11B-8B-VCS-Loc-22
A608: 21.06 | B608: =COUNTIF('RAW2'!$D:$D,'Peak Combiner'!A608) -> 1 | C608: {=IFERROR(_xlfn.IFS(B608>=$C$2,"x",AND(A608-A607<=$D$2,B607>=$C$2),"x",AND(A609-A608<=$D$2,B609>=$C$2),"x"),"")} | D608: {=IFERROR(_xlfn.IFS(AND(C607="x",A608-A607=$D$2),D607,AND(C608="x",C607="x"),D607),A608)} -> 21.06 | J608: 11C-18A-VCS-Loc-22
A609: 21.07 | B609: =COUNTIF('RAW2'!$D:$D,'Peak Combiner'!A609) -> 11 | C609: {=IFERROR(_xlfn.IFS(B609>=$C$2,"x",AND(A609-A608<=$D$2,B608>=$C$2),"x",AND(A610-A609<=$D$2,B610>=$C$2),"x"),"")} -> x | D609: {=IFERROR(_xlfn.IFS(AND(C608="x",A609-A608=$D$2),D608,AND(C609="x",C608="x"),D608),A609)} -> 21.07 | J609: 11D-20B-VCS-Loc-22
A610: 21.08 | B610: =COUNTIF('RAW2'!$D:$D,'Peak Combiner'!A610) -> 20 | C610: {=IFERROR(_xlfn.IFS(B610>=$C$2,"x",AND(A610-A609<=$D$2,B609>=$C$2),"x",AND(A611-A610<=$D$2,B611>=$C$2),"x"),"")} -> x | D610: {=IFERROR(_xlfn.IFS(AND(C609="x",A610-A609=$D$2),D609,AND(C610="x",C609="x"),D609),A610)} -> 21.07 | J610: 11E-29B-VCS-Loc-22
A611: 21.09 | B611: =COUNTIF('RAW2'!$D:$D,'Peak Combiner'!A611) -> 10 | C611: {=IFERROR(_xlfn.IFS(B611>=$C$2,"x",AND(A611-A610<=$D$2,B610>=$C$2),"x",AND(A612-A611<=$D$2,B612>=$C$2),"x"),"")} -> x | D611: {=IFERROR(_xlfn.IFS(AND(C610="x",A611-A610=$D$2),D610,AND(C611="x",C610="x"),D610),A611)} -> 21.07 | J611: 12A-5B-VCS-Loc-22
A612: 21.11 | B612: =COUNTIF('RAW2'!$D:$D,'Peak Combiner'!A612) -> 1 | C612: {=IFERROR(_xlfn.IFS(B612>=$C$2,"x",AND(A612-A611<=$D$2,B611>=$C$2),"x",AND(A613-A612<=$D$2,B613>=$C$2),"x"),"")} | D612: {=IFERROR(_xlfn.IFS(AND(C611="x",A612-A611=$D$2),D611,AND(C612="x",C611="x"),D611),A612)} -> 21.11 | J612: 12B-8A-VCS-Loc-22
... A660: 22.26 | B660: =COUNTIF('RAW2'!$D:$D,'Peak Combiner'!A660) -> 3 | C660: {=IFERROR(_xlfn.IFS(B660>=$C$2,"x",AND(A660-A659<=$D$2,B659>=$C$2),"x",AND(A661-A660<=$D$2,B661>=$C$2),"x"),"")} | D660: {=IFERROR(_xlfn.IFS(AND(C659="x",A660-A659=$D$2),D659,AND(C660="x",C659="x"),D659),A660)} -> 22.26 | J660: 9E-25A-VCS-Loc-22
A661: 22.27 | B661: =COUNTIF('RAW2'!$D:$D,'Peak Combiner'!A661) -> 1 | C661: {=IFERROR(_xlfn.IFS(B661>=$C$2,"x",AND(A661-A660<=$D$2,B660>=$C$2),"x",AND(A662-A661<=$D$2,B662>=$C$2),"x"),"")} | D661: {=IFERROR(_xlfn.IFS(AND(C660="x",A661-A660=$D$2),D660,AND(C661="x",C660="x"),D660),A661)} -> 22.27
A662: 22.29 | B662: =COUNTIF('RAW2'!$D:$D,'Peak Combiner'!A662) -> 1 | C662: {=IFERROR(_xlfn.IFS(B662>=$C$2,"x",AND(A662-A661<=$D$2,B661>=$C$2),"x",AND(A663-A662<=$D$2,B663>=$C$2),"x"),"")} | D662: {=IFERROR(_xlfn.IFS(AND(C661="x",A662-A661=$D$2),D661,AND(C662="x",C661="x"),D661),A662)} -> 22.29
A663: 22.32 | B663: =COUNTIF('RAW2'!$D:$D,'Peak Combiner'!A663) -> 5 | C663: {=IFERROR(_xlfn.IFS(B663>=$C$2,"x",AND(A663-A662<=$D$2,B662>=$C$2),"x",AND(A664-A663<=$D$2,B664>=$C$2),"x"),"")} | D663: {=IFERROR(_xlfn.IFS(AND(C662="x",A663-A662=$D$2),D662,AND(C663="x",C662="x"),D662),A663)} -> 22.32
A664: 22.36 | B664: =COUNTIF('RAW2'!$D:$D,'Peak Combiner'!A664) -> 12 | C664: {=IFERROR(_xlfn.IFS(B664>=$C$2,"x",AND(A664-A663<=$D$2,B663>=$C$2),"x",AND(A665-A664<=$D$2,B665>=$C$2),"x"),"")} -> x | D664: {=IFERROR(_xlfn.IFS(AND(C663="x",A664-A663=$D$2),D663,AND(C664="x",C663="x"),D663),A664)} -> 22.36
A665: 22.37 | B665: =COUNTIF('RAW2'!$D:$D,'Peak Combiner'!A665) -> 5 | C665: {=IFERROR(_xlfn.IFS(B665>=$C$2,"x",AND(A665-A664<=$D$2,B664>=$C$2),"x",AND(A666-A665<=$D$2,B666>=$C$2),"x"),"")} | D665: {=IFERROR(_xlfn.IFS(AND(C664="x",A665-A664=$D$2),D664,AND(C665="x",C664="x"),D664),A665)} -> 22.37
A666: 22.39 | B666: =COUNTIF('RAW2'!$D:$D,'Peak Combiner'!A666) -> 3 | C666: {=IFERROR(_xlfn.IFS(B666>=$C$2,"x",AND(A666-A665<=$D$2,B665>=$C$2),"x",AND(A667-A666<=$D$2,B667>=$C$2),"x"),"")} | D666: {=IFERROR(_xlfn.IFS(AND(C665="x",A666-A665=$D$2),D665,AND(C666="x",C665="x"),D665),A666)} -> 22.39
A667: 22.4 | B667: =COUNTIF('RAW2'!$D:$D,'Peak Combiner'!A667) -> 1 | C667: {=IFERROR(_xlfn.IFS(B667>=$C$2,"x",AND(A667-A666<=$D$2,B666>=$C$2),"x",AND(A668-A667<=$D$2,B668>=$C$2),"x"),"")} | D667: {=IFERROR(_xlfn.IFS(AND(C666="x",A667-A666=$D$2),D666,AND(C667="x",C666="x"),D666),A667)} -> 22.4
A668: 22.41 | B668: =COUNTIF('RAW2'!$D:$D,'Peak Combiner'!A668) -> 2 | C668: {=IFERROR(_xlfn.IFS(B668>=$C$2,"x",AND(A668-A667<=$D$2,B667>=$C$2),"x",AND(A669-A668<=$D$2,B669>=$C$2),"x"),"")} | D668: {=IFERROR(_xlfn.IFS(AND(C667="x",A668-A667=$D$2),D667,AND(C668="x",C667="x"),D667),A668)} -> 22.41
A669: 22.49 | B669: =COUNTIF('RAW2'!$D:$D,'Peak Combiner'!A669) -> 8 | C669: {=IFERROR(_xlfn.IFS(B669>=$C$2,"x",AND(A669-A668<=$D$2,B668>=$C$2),"x",AND(A670-A669<=$D$2,B670>=$C$2),"x"),"")} | D669: {=IFERROR(_xlfn.IFS(AND(C668="x",A669-A668=$D$2),D668,AND(C669="x",C668="x"),D668),A669)} -> 22.49
A670: 22.5 | B670: =COUNTIF('RAW2'!$D:$D,'Peak Combiner'!A670) -> 1 | C670: {=IFERROR(_xlfn.IFS(B670>=$C$2,"x",AND(A670-A669<=$D$2,B669>=$C$2),"x",AND(A671-A670<=$D$2,B671>=$C$2),"x"),"")} | D670: {=IFERROR(_xlfn.IFS(AND(C669="x",A670-A669=$D$2),D669,AND(C670="x",C669="x"),D669),A670)} -> 22.5
A671: 22.52 | B671: =COUNTIF('RAW2'!$D:$D,'Peak Combiner'!A671) -> 1 | C671: {=IFERROR(_xlfn.IFS(B671>=$C$2,"x",AND(A671-A670<=$D$2,B670>=$C$2),"x",AND(A672-A671<=$D$2,B672>=$C$2),"x"),"")} | D671: {=IFERROR(_xlfn.IFS(AND(C670="x",A671-A670=$D$2),D670,AND(C671="x",C670="x"),D670),A671)} -> 22.52
A672: 22.53 | B672: =COUNTIF('RAW2'!$D:$D,'Peak Combiner'!A672) -> 2 | C672: {=IFERROR(_xlfn.IFS(B672>=$C$2,"x",AND(A672-A671<=$D$2,B671>=$C$2),"x",AND(A673-A672<=$D$2,B673>=$C$2),"x"),"")} | D672: {=IFERROR(_xlfn.IFS(AND(C671="x",A672-A671=$D$2),D671,AND(C672="x",C671="x"),D671),A672)} -> 22.53
... A1250: 40.17 | B1250: =COUNTIF('RAW2'!$D:$D,'Peak Combiner'!A1250) -> 1 | C1250: {=IFERROR(_xlfn.IFS(B1250>=$C$2,"x",AND(A1250-A1249<=$D$2,B1249>=$C$2),"x",AND(A1251-A1250<=$D$2,B1251>=$C$2),"x"),"")} | D1250: {=IFERROR(_xlfn.IFS(AND(C1249="x",A1250-A1249=$D$2),D1249,AND(C1250="x",C1249="x"),D1249),A1250)} -> 40.17

Sheet Peak Comparison
B1: b-pinene | C1: octanal | D1: d-limonene | E1: nonanal | F1: cyclohexane | G1: p-trimethyl | H1: a-terpinol | I1: methyl salicyclate | J1: decanal | K1: acetic acid | L1: hexahydro | M1: caryophyllene | N1: humulene | O1: crazy | P1: disoctyl phthalate
B2: 8.96 | C2: 9.38 | D2: 10.09 | E2: 12.54 | F2: 12.91 | G2: 14.25 | H2: 15.1 | I2: 15.18 | J2: 15.77 | K2: 15.78 | L2: 10.51 | M2: 21.32 | N2: 22.18 | O2: 34.21 | P2: 37.99
A3: Sample | B3: =VLOOKUP(B2,'Peak Combiner'!$A$5:$D$1250,4,FALSE) -> 8.96 | C3: =VLOOKUP(C2,'Peak Combiner'!$A$5:$D$1250,4,FALSE) -> 9.38 | D3: =VLOOKUP(D2,'Peak Combiner'!$A$5:$D$1250,4,FALSE) -> 10.1 | E3: =VLOOKUP(E2,'Peak Combiner'!$A$5:$D$1250,4,FALSE) -> 12.53 | F3: =VLOOKUP(F2,'Peak Combiner'!$A$5:$D$1250,4,FALSE) -> 12.91 | G3: =VLOOKUP(G2,'Peak Combiner'!$A$5:$D$1250,4,FALSE) -> 14.25 | H3: =VLOOKUP(H2,'Peak Combiner'!$A$5:$D$1250,4,FALSE) -> 15.1 | I3: =VLOOKUP(I2,'Peak Combiner'!$A$5:$D$1250,4,FALSE) -> 15.18 | ... K3: =VLOOKUP(K2,'Peak Combiner'!$A$5:$D$1250,4,FALSE) -> 15.77 | L3: 18.51 | M3: =VLOOKUP(M2,'Peak Combiner'!$A$5:$D$1250,4,FALSE) -> 21.28 | N3: =VLOOKUP(N2,'Peak Combiner'!$A$5:$D$1250,4,FALSE) -> 22.17 | O3: =VLOOKUP(O2,'Peak Combiner'!$A$5:$D$1250,4,FALSE) -> 34.21 | P3: =VLOOKUP(P2,'Peak Combiner'!$A$5:$D$1250,4,FALSE) -> 37.99
A4: 10A-4B-VCS-Loc-22 | B4: =SUMIFS('RAW2'!$Q:$Q,'RAW2'!$E:$E,'Peak Comparison'!B$3,'RAW2'!$A:$A,'Peak Comparison'!$A4) -> 0.11422909 | C4: =SUMIFS('RAW2'!$Q:$Q,'RAW2'!$E:$E,'Peak Comparison'!C$3,'RAW2'!$A:$A,'Peak Comparison'!$A4) -> 0.22398858 | D4: =SUMIFS('RAW2'!$Q:$Q,'RAW2'!$E:$E,'Peak Comparison'!D$3,'RAW2'!$A:$A,'Peak Comparison'!$A4) -> 0 | E4: =SUMIFS('RAW2'!$Q:$Q,'RAW2'!$E:$E,'Peak Comparison'!E$3,'RAW2'!$A:$A,'Peak Comparison'!$A4) -> 0.60764024 | F4: =SUMIFS('RAW2'!$Q:$Q,'RAW2'!$E:$E,'Peak Comparison'!F$3,'RAW2'!$A:$A,'Peak Comparison'!$A4) -> 1.8026947 | G4: =SUMIFS('RAW2'!$Q:$Q,'RAW2'!$E:$E,'Peak Comparison'!G$3,'RAW2'!$A:$A,'Peak Comparison'!$A4) -> 0.219379 | H4: =SUMIFS('RAW2'!$Q:$Q,'RAW2'!$E:$E,'Peak Comparison'!H$3,'RAW2'!$A:$A,'Peak Comparison'!$A4) -> 0 | I4: =SUMIFS('RAW2'!$Q:$Q,'RAW2'!$E:$E,'Peak Comparison'!I$3,'RAW2'!$A:$A,'Peak Comparison'!$A4) -> 0 | ... P4: =SUMIFS('RAW2'!$Q:$Q,'RAW2'!$E:$E,'Peak Comparison'!P$3,'RAW2'!$A:$A,'Peak Comparison'!$A4) -> 0.92143833
A5: 10B-11B-VCS-Loc-22 | B5: =SUMIFS('RAW2'!$Q:$Q,'RAW2'!$E:$E,'Peak Comparison'!B$3,'RAW2'!$A:$A,'Peak Comparison'!$A5) -> 0 | C5: =SUMIFS('RAW2'!$Q:$Q,'RAW2'!$E:$E,'Peak Comparison'!C$3,'RAW2'!$A:$A,'Peak Comparison'!$A5) -> 0.46921841 | D5: =SUMIFS('RAW2'!$Q:$Q,'RAW2'!$E:$E,'Peak Comparison'!D$3,'RAW2'!$A:$A,'Peak Comparison'!$A5) -> 0 | E5: =SUMIFS('RAW2'!$Q:$Q,'RAW2'!$E:$E,'Peak Comparison'!E$3,'RAW2'!$A:$A,'Peak Comparison'!$A5) -> 1.1930375 | F5: =SUMIFS('RAW2'!$Q:$Q,'RAW2'!$E:$E,'Peak Comparison'!F$3,'RAW2'!$A:$A,'Peak Comparison'!$A5) -> 0.12477426 | G5: =SUMIFS('RAW2'!$Q:$Q,'RAW2'!$E:$E,'Peak Comparison'!G$3,'RAW2'!$A:$A,'Peak Comparison'!$A5) -> 0 | H5: =SUMIFS('RAW2'!$Q:$Q,'RAW2'!$E:$E,'Peak Comparison'!H$3,'RAW2'!$A:$A,'Peak Comparison'!$A5) -> 0 | I5: =SUMIFS('RAW2'!$Q:$Q,'RAW2'!$E:$E,'Peak Comparison'!I$3,'RAW2'!$A:$A,'Peak Comparison'!$A5) -> 0 | ... P5: =SUMIFS('RAW2'!$Q:$Q,'RAW2'!$E:$E,'Peak Comparison'!P$3,'RAW2'!$A:$A,'Peak Comparison'!$A5) -> 1.6102295
A6: 10C-15B-VCS-Loc-22 | B6: =SUMIFS('RAW2'!$Q:$Q,'RAW2'!$E:$E,'Peak Comparison'!B$3,'RAW2'!$A:$A,'Peak Comparison'!$A6) -> 0.096311652 | C6: =SUMIFS('RAW2'!$Q:$Q,'RAW2'!$E:$E,'Peak Comparison'!C$3,'RAW2'!$A:$A,'Peak Comparison'!$A6) -> 0.13332768 | D6: =SUMIFS('RAW2'!$Q:$Q,'RAW2'!$E:$E,'Peak Comparison'!D$3,'RAW2'!$A:$A,'Peak Comparison'!$A6) -> 0 | E6: =SUMIFS('RAW2'!$Q:$Q,'RAW2'!$E:$E,'Peak Comparison'!E$3,'RAW2'!$A:$A,'Peak Comparison'!$A6) -> 0.26434266 | F6: =SUMIFS('RAW2'!$Q:$Q,'RAW2'!$E:$E,'Peak Comparison'!F$3,'RAW2'!$A:$A,'Peak Comparison'!$A6) -> 0 | G6: =SUMIFS('RAW2'!$Q:$Q,'RAW2'!$E:$E,'Peak Comparison'!G$3,'RAW2'!$A:$A,'Peak Comparison'!$A6) -> 0.067972964 | H6: =SUMIFS('RAW2'!$Q:$Q,'RAW2'!$E:$E,'Peak Comparison'!H$3,'RAW2'!$A:$A,'Peak Comparison'!$A6) -> 0 | I6: =SUMIFS('RAW2'!$Q:$Q,'RAW2'!$E:$E,'Peak Comparison'!I$3,'RAW2'!$A:$A,'Peak Comparison'!$A6) -> 0 | ... P6: =SUMIFS('RAW2'!$Q:$Q,'RAW2'!$E:$E,'Peak Comparison'!P$3,'RAW2'!$A:$A,'Peak Comparison'!$A6) -> 1.5169244
A7: 10D-23A-VCS-Loc-22 | B7: =SUMIFS('RAW2'!$Q:$Q,'RAW2'!$E:$E,'Peak Comparison'!B$3,'RAW2'!$A:$A,'Peak Comparison'!$A7) -> 0 | C7: =SUMIFS('RAW2'!$Q:$Q,'RAW2'!$E:$E,'Peak Comparison'!C$3,'RAW2'!$A:$A,'Peak Comparison'!$A7) -> 0 | D7: =SUMIFS('RAW2'!$Q:$Q,'RAW2'!$E:$E,'Peak Comparison'!D$3,'RAW2'!$A:$A,'Peak Comparison'!$A7) -> 0 | E7: =SUMIFS('RAW2'!$Q:$Q,'RAW2'!$E:$E,'Peak Comparison'!E$3,'RAW2'!$A:$A,'Peak Comparison'!$A7) -> 0 | F7: =SUMIFS('RAW2'!$Q:$Q,'RAW2'!$E:$E,'Peak Comparison'!F$3,'RAW2'!$A:$A,'Peak Comparison'!$A7) -> 0 | G7: =SUMIFS('RAW2'!$Q:$Q,'RAW2'!$E:$E,'Peak Comparison'!G$3,'RAW2'!$A:$A,'Peak Comparison'!$A7) -> 0 | H7: =SUMIFS('RAW2'!$Q:$Q,'RAW2'!$E:$E,'Peak Comparison'!H$3,'RAW2'!$A:$A,'Peak Comparison'!$A7) -> 0 | I7: =SUMIFS('RAW2'!$Q:$Q,'RAW2'!$E:$E,'Peak Comparison'!I$3,'RAW2'!$A:$A,'Peak Comparison'!$A7) -> 0 | ... P7: =SUMIFS('RAW2'!$Q:$Q,'RAW2'!$E:$E,'Peak Comparison'!P$3,'RAW2'!$A:$A,'Peak Comparison'!$A7) -> 0
A8: 10E-25B-VCS-Loc-22 | B8: =SUMIFS('RAW2'!$Q:$Q,'RAW2'!$E:$E,'Peak Comparison'!B$3,'RAW2'!$A:$A,'Peak Comparison'!$A8) -> 0 | C8: =SUMIFS('RAW2'!$Q:$Q,'RAW2'!$E:$E,'Peak Comparison'!C$3,'RAW2'!$A:$A,'Peak Comparison'!$A8) -> 0.45208077 | D8: =SUMIFS('RAW2'!$Q:$Q,'RAW2'!$E:$E,'Peak Comparison'!D$3,'RAW2'!$A:$A,'Peak Comparison'!$A8) -> 0 | E8: =SUMIFS('RAW2'!$Q:$Q,'RAW2'!$E:$E,'Peak Comparison'!E$3,'RAW2'!$A:$A,'Peak Comparison'!$A8) -> 0.50264677 | F8: =SUMIFS('RAW2'!$Q:$Q,'RAW2'!$E:$E,'Peak Comparison'!F$3,'RAW2'!$A:$A,'Peak Comparison'!$A8) -> 0 | G8: =SUMIFS('RAW2'!$Q:$Q,'RAW2'!$E:$E,'Peak Comparison'!G$3,'RAW2'!$A:$A,'Peak Comparison'!$A8) -> 0.069551122 | H8: =SUMIFS('RAW2'!$Q:$Q,'RAW2'!$E:$E,'Peak Comparison'!H$3,'RAW2'!$A:$A,'Peak Comparison'!$A8) -> 0 | I8: =SUMIFS('RAW2'!$Q:$Q,'RAW2'!$E:$E,'Peak Comparison'!I$3,'RAW2'!$A:$A,'Peak Comparison'!$A8) -> 0 | ... P8: =SUMIFS('RAW2'!$Q:$Q,'RAW2'!$E:$E,'Peak Comparison'!P$3,'RAW2'!$A:$A,'Peak Comparison'!$A8) -> 1.2725723
A9: 11A-5A-VCS-Loc-22 | B9: =SUMIFS('RAW2'!$Q:$Q,'RAW2'!$E:$E,'Peak Comparison'!B$3,'RAW2'!$A:$A,'Peak Comparison'!$A9) -> 0.35213443 | C9: =SUMIFS('RAW2'!$Q:$Q,'RAW2'!$E:$E,'Peak Comparison'!C$3,'RAW2'!$A:$A,'Peak Comparison'!$A9) -> 0.55589772 | D9: =SUMIFS('RAW2'!$Q:$Q,'RAW2'!$E:$E,'Peak Comparison'!D$3,'RAW2'!$A:$A,'Peak Comparison'!$A9) -> 1.7904412 | E9: =SUMIFS('RAW2'!$Q:$Q,'RAW2'!$E:$E,'Peak Comparison'!E$3,'RAW2'!$A:$A,'Peak Comparison'!$A9) -> 0.4852445 | F9: =SUMIFS('RAW2'!$Q:$Q,'RAW2'!$E:$E,'Peak Comparison'!F$3,'RAW2'!$A:$A,'Peak Comparison'!$A9) -> 0.26010633 | G9: =SUMIFS('RAW2'!$Q:$Q,'RAW2'!$E:$E,'Peak Comparison'!G$3,'RAW2'!$A:$A,'Peak Comparison'!$A9) -> 0.31898275 | H9: =SUMIFS('RAW2'!$Q:$Q,'RAW2'!$E:$E,'Peak Comparison'!H$3,'RAW2'!$A:$A,'Peak Comparison'!$A9) -> 0.022046567 | I9: =SUMIFS('RAW2'!$Q:$Q,'RAW2'!$E:$E,'Peak Comparison'!I$3,'RAW2'!$A:$A,'Peak Comparison'!$A9) -> 0 | ... P9: =SUMIFS('RAW2'!$Q:$Q,'RAW2'!$E:$E,'Peak Comparison'!P$3,'RAW2'!$A:$A,'Peak Comparison'!$A9) -> 0
A10: 11B-8B-VCS-Loc-22 | B10: =SUMIFS('RAW2'!$Q:$Q,'RAW2'!$E:$E,'Peak Comparison'!B$3,'RAW2'!$A:$A,'Peak Comparison'!$A10) -> 0 | C10: =SUMIFS('RAW2'!$Q:$Q,'RAW2'!$E:$E,'Peak Comparison'!C$3,'RAW2'!$A:$A,'Peak Comparison'!$A10) -> 0 | D10: =SUMIFS('RAW2'!$Q:$Q,'RAW2'!$E:$E,'Peak Comparison'!D$3,'RAW2'!$A:$A,'Peak Comparison'!$A10) -> 0 | E10: =SUMIFS('RAW2'!$Q:$Q,'RAW2'!$E:$E,'Peak Comparison'!E$3,'RAW2'!$A:$A,'Peak Comparison'!$A10) -> 0.20495744 | F10: =SUMIFS('RAW2'!$Q:$Q,'RAW2'!$E:$E,'Peak Comparison'!F$3,'RAW2'!$A:$A,'Peak Comparison'!$A10) -> 0 | G10: =SUMIFS('RAW2'!$Q:$Q,'RAW2'!$E:$E,'Peak Comparison'!G$3,'RAW2'!$A:$A,'Peak Comparison'!$A10) -> 0 | H10: =SUMIFS('RAW2'!$Q:$Q,'RAW2'!$E:$E,'Peak Comparison'!H$3,'RAW2'!$A:$A,'Peak Comparison'!$A10) -> 0 | I10: =SUMIFS('RAW2'!$Q:$Q,'RAW2'!$E:$E,'Peak Comparison'!I$3,'RAW2'!$A:$A,'Peak Comparison'!$A10) -> 0 | ... P10: =SUMIFS('RAW2'!$Q:$Q,'RAW2'!$E:$E,'Peak Comparison'!P$3,'RAW2'!$A:$A,'Peak Comparison'!$A10) -> 0.14668714
A11: 11C-18A-VCS-Loc-22 | B11: =SUMIFS('RAW2'!$Q:$Q,'RAW2'!$E:$E,'Peak Comparison'!B$3,'RAW2'!$A:$A,'Peak Comparison'!$A11) -> 0.40620603 | C11: =SUMIFS('RAW2'!$Q:$Q,'RAW2'!$E:$E,'Peak Comparison'!C$3,'RAW2'!$A:$A,'Peak Comparison'!$A11) -> 0.13881953 | D11: =SUMIFS('RAW2'!$Q:$Q,'RAW2'!$E:$E,'Peak Comparison'!D$3,'RAW2'!$A:$A,'Peak Comparison'!$A11) -> 1.5590241 | E11: =SUMIFS('RAW2'!$Q:$Q,'RAW2'!$E:$E,'Peak Comparison'!E$3,'RAW2'!$A:$A,'Peak Comparison'!$A11) -> 0.32002207 | F11: =SUMIFS('RAW2'!$Q:$Q,'RAW2'!$E:$E,'Peak Comparison'!F$3,'RAW2'!$A:$A,'Peak Comparison'!$A11) -> 0.88538226 | G11: =SUMIFS('RAW2'!$Q:$Q,'RAW2'!$E:$E,'Peak Comparison'!G$3,'RAW2'!$A:$A,'Peak Comparison'!$A11) -> 0.035856111 | H11: =SUMIFS('RAW2'!$Q:$Q,'RAW2'!$E:$E,'Peak Comparison'!H$3,'RAW2'!$A:$A,'Peak Comparison'!$A11) -> 0 | I11: =SUMIFS('RAW2'!$Q:$Q,'RAW2'!$E:$E,'Peak Comparison'!I$3,'RAW2'!$A:$A,'Peak Comparison'!$A11) -> 0 | ... P11: =SUMIFS('RAW2'!$Q:$Q,'RAW2'!$E:$E,'Peak Comparison'!P$3,'RAW2'!$A:$A,'Peak Comparison'!$A11) -> 0.80355328
A12: 11D-20B-VCS-Loc-22 | B12: =SUMIFS('RAW2'!$Q:$Q,'RAW2'!$E:$E,'Peak Comparison'!B$3,'RAW2'!$A:$A,'Peak Comparison'!$A12) -> 0 | C12: =SUMIFS('RAW2'!$Q:$Q,'RAW2'!$E:$E,'Peak Comparison'!C$3,'RAW2'!$A:$A,'Peak Comparison'!$A12) -> 0.60277253 | D12: =SUMIFS('RAW2'!$Q:$Q,'RAW2'!$E:$E,'Peak Comparison'!D$3,'RAW2'!$A:$A,'Peak Comparison'!$A12) -> 0 | E12: =SUMIFS('RAW2'!$Q:$Q,'RAW2'!$E:$E,'Peak Comparison'!E$3,'RAW2'!$A:$A,'Peak Comparison'!$A12) -> 0.76082214 | F12: =SUMIFS('RAW2'!$Q:$Q,'RAW2'!$E:$E,'Peak Comparison'!F$3,'RAW2'!$A:$A,'Peak Comparison'!$A12) -> 0.1474139 | G12: =SUMIFS('RAW2'!$Q:$Q,'RAW2'!$E:$E,'Peak Comparison'!G$3,'RAW2'!$A:$A,'Peak Comparison'!$A12) -> 0.077752547 | H12: =SUMIFS('RAW2'!$Q:$Q,'RAW2'!$E:$E,'Peak Comparison'!H$3,'RAW2'!$A:$A,'Peak Comparison'!$A12) -> 0 | I12: =SUMIFS('RAW2'!$Q:$Q,'RAW2'!$E:$E,'Peak Comparison'!I$3,'RAW2'!$A:$A,'Peak Comparison'!$A12) -> 0 | ... P12: =SUMIFS('RAW2'!$Q:$Q,'RAW2'!$E:$E,'Peak Comparison'!P$3,'RAW2'!$A:$A,'Peak Comparison'!$A12) -> 0.47516613
A13: 11E-29B-VCS-Loc-22 | B13: =SUMIFS('RAW2'!$Q:$Q,'RAW2'!$E:$E,'Peak Comparison'!B$3,'RAW2'!$A:$A,'Peak Comparison'!$A13) -> 0.17294245 | C13: =SUMIFS('RAW2'!$Q:$Q,'RAW2'!$E:$E,'Peak Comparison'!C$3,'RAW2'!$A:$A,'Peak Comparison'!$A13) -> 0.92800622 | D13: =SUMIFS('RAW2'!$Q:$Q,'RAW2'!$E:$E,'Peak Comparison'!D$3,'RAW2'!$A:$A,'Peak Comparison'!$A13) -> 0 | E13: =SUMIFS('RAW2'!$Q:$Q,'RAW2'!$E:$E,'Peak Comparison'!E$3,'RAW2'!$A:$A,'Peak Comparison'!$A13) -> 0.83732168 | F13: =SUMIFS('RAW2'!$Q:$Q,'RAW2'!$E:$E,'Peak Comparison'!F$3,'RAW2'!$A:$A,'Peak Comparison'!$A13) -> 1.1287894 | G13: =SUMIFS('RAW2'!$Q:$Q,'RAW2'!$E:$E,'Peak Comparison'!G$3,'RAW2'!$A:$A,'Peak Comparison'!$A13) -> 0.058135633 | H13: =SUMIFS('RAW2'!$Q:$Q,'RAW2'!$E:$E,'Peak Comparison'!H$3,'RAW2'!$A:$A,'Peak Comparison'!$A13) -> 0 | I13: =SUMIFS('RAW2'!$Q:$Q,'RAW2'!$E:$E,'Peak Comparison'!I$3,'RAW2'!$A:$A,'Peak Comparison'!$A13) -> 2.2961946 | ... P13: =SUMIFS('RAW2'!$Q:$Q,'RAW2'!$E:$E,'Peak Comparison'!P$3,'RAW2'!$A:$A,'Peak Comparison'!$A13) -> 0.88631501
A14: 12A-5B-VCS-Loc-22 | B14: =SUMIFS('RAW2'!$Q:$Q,'RAW2'!$E:$E,'Peak Comparison'!B$3,'RAW2'!$A:$A,'Peak Comparison'!$A14) -> 0.11599408 | C14: =SUMIFS('RAW2'!$Q:$Q,'RAW2'!$E:$E,'Peak Comparison'!C$3,'RAW2'!$A:$A,'Peak Comparison'!$A14) -> 0.59841339 | D14: =SUMIFS('RAW2'!$Q:$Q,'RAW2'!$E:$E,'Peak Comparison'!D$3,'RAW2'!$A:$A,'Peak Comparison'!$A14) -> 0 | E14: =SUMIFS('RAW2'!$Q:$Q,'RAW2'!$E:$E,'Peak Comparison'!E$3,'RAW2'!$A:$A,'Peak Comparison'!$A14) -> 0.60039437 | F14: =SUMIFS('RAW2'!$Q:$Q,'RAW2'!$E:$E,'Peak Comparison'!F$3,'RAW2'!$A:$A,'Peak Comparison'!$A14) -> 0.89216445 | G14: =SUMIFS('RAW2'!$Q:$Q,'RAW2'!$E:$E,'Peak Comparison'!G$3,'RAW2'!$A:$A,'Peak Comparison'!$A14) -> 0.10385451 | H14: =SUMIFS('RAW2'!$Q:$Q,'RAW2'!$E:$E,'Peak Comparison'!H$3,'RAW2'!$A:$A,'Peak Comparison'!$A14) -> 0 | I14: =SUMIFS('RAW2'!$Q:$Q,'RAW2'!$E:$E,'Peak Comparison'!I$3,'RAW2'!$A:$A,'Peak Comparison'!$A14) -> 0 | ... P14: =SUMIFS('RAW2'!$Q:$Q,'RAW2'!$E:$E,'Peak Comparison'!P$3,'RAW2'!$A:$A,'Peak Comparison'!$A14) -> 0.80844091
A15: 12B-8A-VCS-Loc-22 | B15: =SUMIFS('RAW2'!$Q:$Q,'RAW2'!$E:$E,'Peak Comparison'!B$3,'RAW2'!$A:$A,'Peak Comparison'!$A15) -> 0.33542077 | C15: =SUMIFS('RAW2'!$Q:$Q,'RAW2'!$E:$E,'Peak Comparison'!C$3,'RAW2'!$A:$A,'Peak Comparison'!$A15) -> 0.088459607 | D15: =SUMIFS('RAW2'!$Q:$Q,'RAW2'!$E:$E,'Peak Comparison'!D$3,'RAW2'!$A:$A,'Peak Comparison'!$A15) -> 1.2446453 | E15: =SUMIFS('RAW2'!$Q:$Q,'RAW2'!$E:$E,'Peak Comparison'!E$3,'RAW2'!$A:$A,'Peak Comparison'!$A15) -> 0.35194382 | F15: =SUMIFS('RAW2'!$Q:$Q,'RAW2'!$E:$E,'Peak Comparison'!F$3,'RAW2'!$A:$A,'Peak Comparison'!$A15) -> 0.19868656 | G15: =SUMIFS('RAW2'!$Q:$Q,'RAW2'!$E:$E,'Peak Comparison'!G$3,'RAW2'!$A:$A,'Peak Comparison'!$A15) -> 0.042579778 | H15: =SUMIFS('RAW2'!$Q:$Q,'RAW2'!$E:$E,'Peak Comparison'!H$3,'RAW2'!$A:$A,'Peak Comparison'!$A15) -> 0 | I15: =SUMIFS('RAW2'!$Q:$Q,'RAW2'!$E:$E,'Peak Comparison'!I$3,'RAW2'!$A:$A,'Peak Comparison'!$A15) -> 0 | ... P15: =SUMIFS('RAW2'!$Q:$Q,'RAW2'!$E:$E,'Peak Comparison'!P$3,'RAW2'!$A:$A,'Peak Comparison'!$A15) -> 0.57562866
... A62: 9E-25A-VCS-Loc-22 | B62: =SUMIFS('RAW2'!$Q:$Q,'RAW2'!$E:$E,'Peak Comparison'!B$3,'RAW2'!$A:$A,'Peak Comparison'!$A62) -> 0.14455476 | C62: =SUMIFS('RAW2'!$Q:$Q,'RAW2'!$E:$E,'Peak Comparison'!C$3,'RAW2'!$A:$A,'Peak Comparison'!$A62) -> 0.13901716 | D62: =SUMIFS('RAW2'!$Q:$Q,'RAW2'!$E:$E,'Peak Comparison'!D$3,'RAW2'!$A:$A,'Peak Comparison'!$A62) -> 0.03970352 | E62: =SUMIFS('RAW2'!$Q:$Q,'RAW2'!$E:$E,'Peak Comparison'!E$3,'RAW2'!$A:$A,'Peak Comparison'!$A62) -> 0.43441774 | F62: =SUMIFS('RAW2'!$Q:$Q,'RAW2'!$E:$E,'Peak Comparison'!F$3,'RAW2'!$A:$A,'Peak Comparison'!$A62) -> 3.3782968 | G62: =SUMIFS('RAW2'!$Q:$Q,'RAW2'!$E:$E,'Peak Comparison'!G$3,'RAW2'!$A:$A,'Peak Comparison'!$A62) -> 0 | H62: =SUMIFS('RAW2'!$Q:$Q,'RAW2'!$E:$E,'Peak Comparison'!H$3,'RAW2'!$A:$A,'Peak Comparison'!$A62) -> 0 | I62: =SUMIFS('RAW2'!$Q:$Q,'RAW2'!$E:$E,'Peak Comparison'!I$3,'RAW2'!$A:$A,'Peak Comparison'!$A62) -> 1.2459271 | ... P62: =SUMIFS('RAW2'!$Q:$Q,'RAW2'!$E:$E,'Peak Comparison'!P$3,'RAW2'!$A:$A,'Peak Comparison'!$A62) -> 1.3389891

Sheet Differences
A1: peak | B1: e1 | C1: e0 | E1: rt | F1: e+ | G1: e- | H1: e+ | I1: e- | J1: diff | K1: largest value | L1: largest sample | O1: <35 | P1: >10 | Q1: larget diff
A2: 21.07 | B2: =COUNTIFS('RAW2'!$O:$O,RIGHT(Differences!B1,1),'RAW2'!$E:$E,Differences!A2) -> 21 | C2: =COUNTIFS('RAW2'!$O:$O,RIGHT(Differences!C1,1),'RAW2'!$E:$E,Differences!A2) -> 20 | E2: 40.17 | F2: =COUNTIFS('RAW2'!$E:$E,Differences!E2,'RAW2'!$O:$O,1,'RAW2'!$T:$T,"no") -> 0 | G2: =COUNTIFS('RAW2'!$E:$E,Differences!E2,'RAW2'!$O:$O,0,'RAW2'!$T:$T,"") -> 0 | H2: =AVERAGEIFS('RAW2'!$Q:$Q,'RAW2'!$O:$O,1,'RAW2'!$T:$T,"",'RAW2'!$E:$E,Differences!$E2) -> #DIV/0! | I2: =AVERAGEIFS('RAW2'!$Q:$Q,'RAW2'!$O:$O,0,'RAW2'!$T:$T,"",'RAW2'!$E:$E,Differences!$E2) -> #DIV/0! | J2: =IFERROR(ABS(H2-I2),"") | K2: =_xlfn.MAXIFS('RAW2'!$Q:$Q,'RAW2'!$E:$E,Differences!$E2,'RAW2'!$T:$T,"") -> 0 | L2: =VLOOKUP(K2,'RAW2'!$Q:$S,3,FALSE) -> 10D-23A-VCS-Loc-22
E3: 40.13 | F3: 0 | G3: 1 | H3: #DIV/0! | I3: 0.0119363 | K3: 0.0119363 | L3: 7A-1B-VCS-Loc-22
E4: 40.1 | F4: 0 | G4: 0 | H4: #DIV/0! | I4: #DIV/0! | K4: 0 | L4: 10D-23A-VCS-Loc-22
E5: 40.02 | F5: 0 | G5: 1 | H5: #DIV/0! | I5: 0.088102746 | K5: 0.088102746 | L5: 6E-26B-VCS-Loc-22
E6: 40.01 | F6: 2 | G6: 2 | H6: 0.057863181 | I6: 0.12292503 | J6: 0.065061848 | K6: 0.17187575 | L6: 7A-1B-VCS-Loc-22
E7: 40 | F7: 1 | G7: 1 | H7: 0.75121859 | I7: 2.6897569 | J7: 1.9385383 | K7: 2.6897569 | L7: 10E-25B-VCS-Loc-22
E8: 39.96 | F8: 0 | G8: 1 | H8: #DIV/0! | I8: 0.043083536 | K8: 0.043083536 | L8: 7A-1B-VCS-Loc-22
E9: 39.95 | F9: 1 | G9: 0 | H9: 0.02536691 | I9: #DIV/0! | K9: 0.02536691 | L9: 3E-27A-VCS-Loc-22
E10: 39.94 | F10: 1 | G10: 1 | H10: 0.1567239 | I10: 0.59727614 | J10: 0.44055224 | K10: 0.59727614 | L10: 10E-25B-VCS-Loc-22
E11: 39.87 | F11: 0 | G11: 0 | H11: #DIV/0! | I11: #DIV/0! | K11: 0 | L11: 10D-23A-VCS-Loc-22
E12: 39.77 | F12: 0 | G12: 0 | H12: #DIV/0! | I12: #DIV/0! | K12: 0 | L12: 10D-23A-VCS-Loc-22
E13: 39.75 | F13: 15 | G13: 11 | H13: 0.0588519 | I13: 0.046308039 | J13: 0.012543861 | K13: 0.12528058 | L13: 9B-11A-VCS-Loc-22
E14: 39.69 | F14: 1 | G14: 0 | H14: 0.058192876 | I14: #DIV/0! | K14: 0.058192876 | L14: 12B-8A-VCS-Loc-22
E15: 39.68 | F15: 1 | G15: 0 | H15: 0.12717156 | I15: #DIV/0! | K15: 0.12717156 | L15: 12D-20A-VCS-Loc-22
E16: 39.67 | F16: 1 | G16: 0 | H16: 0.035424449 | I16: #DIV/0! | K16: 0.035424449 | L16: 8A-1A-VCS-Loc-22
E17: 39.63 | F17: 0 | G17: 1 | H17: #DIV/0! | I17: 0.11250526 | K17: 0.11250526 | L17: 7E-30B-VCS-Loc-22
E18: 39.59 | F18: 0 | G18: 1 | H18: #DIV/0! | I18: 0.082842511 | K18: 0.082842511 | L18: 3D-19B-VCS-Loc-22
E19: 39.58 | F19: 0 | G19: 0 | H19: #DIV/0! | I19: #DIV/0! | K19: 0 | L19: 10D-23A-VCS-Loc-22
E20: 39.56 | F20: 0 | G20: 1 | H20: #DIV/0! | I20: 0.026299049 | K20: 0.026299049 | L20: 7C-13B-VCS-Loc-22
